member_id,eligible_amount,eligible_amount_formatted
ac9b8842-abde-49d5-a109-60359917fdb3,91009.82,"KES 91,010"
aa1f1eb6-4316-4918-9c95-a9d53a71bba8,123240.09,"KES 123,240"
c987aa14-43fc-4a0a-96c0-83bff298ee96,38244.23,"KES 38,244"
779e73ed-6320-4356-bf0d-00f5d7a9a16a,21018.86,"KES 21,019"
bd5ecd05-6e07-44f0-afa0-bbc96b0599b7,24966.57,"KES 24,967"
1134e361-9b60-4d70-b5ae-c802c1b6bf26,39103.39,"KES 39,103"
2c081cb6-ab62-4933-a7ff-bad0f2147d09,33332.09,"KES 33,332"
89e04be9-4886-44cc-9db8-7d9bd746c25d,109313.68,"KES 109,314"
899f36fb-4001-4a60-926e-7b3137b05c31,96986.21,"KES 96,986"
d63d265e-efff-4caa-b922-bd8fdb7982e9,74696.47,"KES 74,696"
12baad6a-496d-4ee7-9f33-0ff2ec9fb8e4,83350.19,"KES 83,350"
cfebe314-4381-4292-8dec-d52fbdd89562,5000.0,"KES 5,000"
6c52e480-edee-43e2-b87f-98277e90e3bb,5000.0,"KES 5,000"
0249964c-eda0-41bc-bee6-b789641a235e,5000.0,"KES 5,000"
89a34729-9502-4314-8c1a-3a0a3b72f810,95548.53,"KES 95,549"
a04311da-bba4-4d10-a82d-9e01c6d6d24b,67683.82,"KES 67,684"
07164684-13d3-4acf-872d-ee5f681d774b,73767.63,"KES 73,768"
49727ddf-dc64-4374-9854-46c97ef9c3c1,103153.06,"KES 103,153"
3a146e2a-2375-4407-84f3-5e4d51cf18b9,28377.39,"KES 28,377"
13c176a1-0485-43c4-8c24-314c04696ac5,76649.52,"KES 76,650"
32fbadc5-d199-4d26-a971-55437827f7c6,5000.0,"KES 5,000"
de73d9d0-1370-44ce-a2cf-e9ff9426bf38,28327.11,"KES 28,327"
1fa28e23-ef47-4b6b-967d-aae211ab5a2e,147165.82,"KES 147,166"
832b095f-d62a-4d57-816c-59c8f9988581,116225.69,"KES 116,226"
e27d34f0-89f6-4adc-add7-a427e19b44e8,5000.0,"KES 5,000"
ba415945-1860-47e8-ace5-d43036056e7a,28075.92,"KES 28,076"
b16207e7-82ee-4a70-aeae-210307fee637,34959.99,"KES 34,960"
7a06cb4c-894e-4f91-ab90-1febfdd2160f,71988.45,"KES 71,988"
daa7b553-d455-48be-8652-fa3e4c209d4a,27475.98,"KES 27,476"
382cb499-a7d0-4f99-86ae-b92596028ef9,39476.28,"KES 39,476"
0ea7596b-5efe-4bf4-97a5-f5b86d290c73,110623.39,"KES 110,623"
bd0ed5e9-f2d2-4b65-99b4-fd8e6bb9c231,81946.39,"KES 81,946"
556f2298-2660-4897-b77d-ad36a2a06852,72569.94,"KES 72,570"
71a9abff-a4dd-47de-a274-cd751c5df70f,5000.0,"KES 5,000"
1da0fd3b-3255-4e99-9633-80c6f98c4842,53960.17,"KES 53,960"
2c83dcfe-0281-43c7-9f9c-8ac9a6896397,87730.98,"KES 87,731"
4f88159a-cb25-4ddd-8222-a23448f5ffb9,25506.97,"KES 25,507"
7ca8195e-8ed4-4743-b40d-8b0e2a9607b1,132126.61,"KES 132,127"
de5562b3-390f-4722-8dbb-903084211926,40432.23,"KES 40,432"
dd6614d9-10bb-461e-a303-cfd482e5e5fc,74562.75,"KES 74,563"
a084abdd-814d-43ac-9948-dad252f90f68,69863.35,"KES 69,863"
1d00e67e-8ec9-4d1e-9e8a-4556769f5e1b,74395.4,"KES 74,395"
009604ac-440c-45f8-b15e-bdb4840df632,5000.0,"KES 5,000"
cf818d8f-6e77-4795-a12b-21db3b7f7f65,142104.11,"KES 142,104"
316f5c8c-f86c-4789-86d8-0823a64f6a0e,58302.16,"KES 58,302"
31c57c6f-8195-4516-b60b-12d1db3b75bf,53144.17,"KES 53,144"
0e72017c-50d8-41a1-92f9-fdbdc5e0267a,70786.81,"KES 70,787"
43b526af-1b5f-4f93-8242-afe85686b6b9,117301.45,"KES 117,301"
d89d8ed4-3647-4568-96f4-0003c9604a01,32951.8,"KES 32,952"
aa95a0c0-dded-40bf-a84e-02d1e498df93,87239.6,"KES 87,240"
97373893-938f-48b0-bb7e-a7b325e410e1,60150.88,"KES 60,151"
725814de-7d8a-4cf2-8f60-8391f7f56292,138580.99,"KES 138,581"
0ebc01e5-445c-413c-a7d7-420aad7f55ee,139100.31,"KES 139,100"
5fd10de4-ef18-4488-8521-4ab8ec92f3da,147621.45,"KES 147,621"
39c8d032-a5d2-4715-9b6c-fca0c047c904,69179.05,"KES 69,179"
36b25036-1274-401b-812f-fea93c464005,89107.43,"KES 89,107"
b226e1db-e2da-4882-a143-0ec9a247aa87,66491.02,"KES 66,491"
5e3855ce-a2c6-4aa2-9b5e-ffe24657c8a7,5000.0,"KES 5,000"
e06a4419-c6ea-4b64-a5ac-de783bb3b523,94936.09,"KES 94,936"
6b5bf51d-9c7a-49a5-af4a-86562fd725f7,5000.0,"KES 5,000"
6d5998e0-c964-40a2-affc-5077f75a6e93,41867.59,"KES 41,868"
27963ce1-18bc-4646-998d-3a163ec459e2,93345.84,"KES 93,346"
a2e2e51d-352e-4912-89b3-6fbf8e7f8e7e,146663.38,"KES 146,663"
e3ae4eca-a7e0-4b09-b097-0e13dd17ea30,75296.87,"KES 75,297"
4d653968-1204-4848-ac05-366cfeddb0f2,126684.95,"KES 126,685"
63fbb87b-56b5-4373-8701-11db339a51ef,116906.78,"KES 116,907"
b8d352cd-5cca-47ad-95f3-d08cb0c5ece7,44106.87,"KES 44,107"
009ac4a8-2312-4d1d-aee0-6662742d5cc2,80887.07,"KES 80,887"
b36dbc64-b4c7-463d-aab9-6a9bc05679bb,83619.25,"KES 83,619"
1c7fc58e-3e85-4952-bc07-20242a66e1ad,104303.08,"KES 104,303"
1ceda5f6-3e7f-4f5f-b515-3ba69d4859b4,92411.14,"KES 92,411"
476f3339-24cd-49f1-9b45-472334ba3062,85932.79,"KES 85,933"
9f67ed74-b965-4e7e-b506-800f2b53ba1d,101369.23,"KES 101,369"
1cf5c7f3-a61d-4c70-8835-2452956513e8,76710.64,"KES 76,711"
3797a745-4be8-4124-b19d-29d6e7bbb4fd,35955.07,"KES 35,955"
7602d079-1b39-4f53-8e13-5844afd79cb9,64482.77,"KES 64,483"
91ae8449-6cd4-4416-a903-16da361ed104,149677.29,"KES 149,677"
ee84a379-11f2-4073-868d-ee273e8738ae,27422.05,"KES 27,422"
f8be08fe-6940-4f9a-b2a2-12345a3d2dd4,47347.96,"KES 47,348"
f5a12a05-8d4b-49f0-b817-8a3cc7848528,47172.1,"KES 47,172"
bfc16370-0199-449e-84bb-c61c21d346c3,95398.46,"KES 95,398"
01ae42d3-7081-4f99-a623-16232d9e1279,86480.71,"KES 86,481"
07d7ffe8-fbf1-4b2f-941c-a08864003fca,27393.35,"KES 27,393"
b7758a46-6e89-4265-b40b-22a9f304ff60,5000.0,"KES 5,000"
e1788d3d-fb21-4941-88ee-9eeea9c5aba7,5000.0,"KES 5,000"
50958d87-9ebe-4fe9-a0ec-027e43491075,145292.37,"KES 145,292"
85b484db-61ad-4c34-afa9-f430fb1b1cf4,94113.31,"KES 94,113"
4ddd7b2c-f9f1-4456-afaa-48f68719dd75,53273.8,"KES 53,274"
c7c9d3f7-7777-4e17-9d74-ef233652b9b1,112918.58,"KES 112,919"
9a593c8f-dd8d-4e52-81b4-fa0588bc53c3,40395.38,"KES 40,395"
ba3c71b6-7459-42ca-860b-bce25181475b,24109.96,"KES 24,110"
b6ab0a30-f8c2-4200-a438-12165da264a0,135638.19,"KES 135,638"
abce8289-e103-4948-aa9a-d542a8cff802,80482.17,"KES 80,482"
4f01ad9d-fc11-4974-9276-627cc74d966c,109190.47,"KES 109,190"
ded01f7c-2081-46af-808a-8c00830d4dc1,63248.08,"KES 63,248"
95968a90-30bc-47db-9a49-48efbfa5646f,36281.38,"KES 36,281"
c778ff08-1bde-4d93-ba79-b0034a25a8a6,74066.54,"KES 74,067"
56b9cc8e-129f-4295-b199-f6f82d087ff0,145008.24,"KES 145,008"
bcaf11ee-acc5-4300-b306-2580ad96f1ca,41542.28,"KES 41,542"
db52a8cb-10ae-433e-ad9c-3cf2740b57c3,39423.23,"KES 39,423"
04f1a613-6597-4683-9e58-6109f11d560b,89384.7,"KES 89,385"
6666a568-3731-4d40-80ba-5a029e3d1e2c,88209.86,"KES 88,210"
f9bef828-906b-454e-b8cd-2edfd949b320,36741.96,"KES 36,742"
b3aaf5c2-1a78-4948-ab1f-972a331092a9,69881.75,"KES 69,882"
060395b9-b9c3-4427-8441-afe503a8328b,117341.39,"KES 117,341"
297b0f68-5abb-4e09-80f0-4f42dc83df76,58215.53,"KES 58,216"
5de5abf4-b99a-4e85-9d95-66318d4c7d1f,5000.0,"KES 5,000"
97e073ff-5602-474c-ae2c-81bf45a67d4b,83412.2,"KES 83,412"
dcf6c32c-8ee5-489e-bc48-c7e704fbab4f,145991.71,"KES 145,992"
70cbdd5f-ee2b-46c2-9d0f-34579082c239,58944.08,"KES 58,944"
aefcf042-bd85-4e4d-81ab-ea66cebc35aa,28858.91,"KES 28,859"
65269772-14e4-4457-ad66-a5d590df1bee,45403.94,"KES 45,404"
7701a26e-9232-4339-8a81-8f20fb57f5ca,122683.55,"KES 122,684"
1c512ee8-5b34-41a6-a248-f8c5e757829c,39557.46,"KES 39,557"
7782ac8a-b8a1-4bed-aa68-86aa5875b534,30103.89,"KES 30,104"
d8b7ac4a-2bb9-4153-a5c8-e3f100378cce,117991.33,"KES 117,991"
59de47f3-9488-4ac6-a722-06f3adbd46d6,55360.59,"KES 55,361"
0e57c6c5-467b-4461-9dee-39b9593e5493,35693.21,"KES 35,693"
e667080f-7c2e-4117-b046-ca5911ccc078,17955.67,"KES 17,956"
e3d1c23f-8c05-41a9-aacd-ef851cb04b10,5000.0,"KES 5,000"
be312477-040c-4e0a-ae7e-540559898e5f,5000.0,"KES 5,000"
5f5efa4f-bd96-4ed5-96c8-66ef8559af96,39987.11,"KES 39,987"
8a1b12b4-a510-434d-93a3-c678f8ac68fa,149036.61,"KES 149,037"
58294e7e-d717-4775-aedb-2a40be12c10c,57397.59,"KES 57,398"
e72b0074-1c73-4d59-b82a-e8b4e618b06b,6188.25,"KES 6,188"
5487729c-c9bd-48c7-8df3-aea925fc9766,5342.64,"KES 5,343"
1ac26e94-2a09-4d3b-98eb-564259c2f9df,105192.01,"KES 105,192"
7f7264e6-70b0-4b91-af68-64744c205a3d,54315.19,"KES 54,315"
93dfa83f-a036-4198-a9a7-1cf82b45945b,5000.0,"KES 5,000"
2ecba0a0-e32a-4105-84aa-dd14c265cc79,120711.05,"KES 120,711"
826978b5-4106-444a-b27b-0610699e57cc,142243.63,"KES 142,244"
f6bdf36a-0d66-49da-913e-6f4bc757b8b9,86468.1,"KES 86,468"
843842b3-9136-42c6-a19a-86bbf386387a,88591.6,"KES 88,592"
d3ce4e4d-2671-4ef5-b634-5362673da5b4,119438.92,"KES 119,439"
3a54b312-b380-4307-b390-4e4d061ef404,103691.8,"KES 103,692"
49d19a42-bd45-4123-941d-bc00d64f3d6c,51929.19,"KES 51,929"
ccb63977-573b-4a10-8306-afd42e610cdc,103457.57,"KES 103,458"
c2759a06-10db-475f-9af0-480edbdd600c,5000.0,"KES 5,000"
eda08225-acf0-4457-83bb-76b88df6b4e6,55484.46,"KES 55,484"
1ad82c0b-bbf1-4e8b-88ae-8a566016ee5e,41772.74,"KES 41,773"
d0d599d5-b17d-4b28-a2cc-ce6317529678,77495.93,"KES 77,496"
2e8e992f-1449-49f1-b379-649be026dec2,40168.31,"KES 40,168"
cadeaa12-fe89-4eb4-bac2-ba91a768858e,76113.96,"KES 76,114"
0399a55d-9885-4a42-b32a-ae89f39fdd42,75605.99,"KES 75,606"
b8715d4c-732b-4b6b-b779-39291a137f47,145842.57,"KES 145,843"
93494b53-66a1-47ea-8371-45eae05dc8ab,29407.94,"KES 29,408"
33958753-6563-4cb9-b8f3-22f9f3839f3a,147004.24,"KES 147,004"
8f6667df-4fcd-43c7-8382-eb39062f38fa,73321.62,"KES 73,322"
5eb4b7ff-cddb-4be8-8467-731297683840,33959.78,"KES 33,960"
26741bb8-ebbd-4e27-971d-51df06bdafc4,5000.0,"KES 5,000"
92009037-f0f3-422e-82cb-9d34f3759d7e,5000.0,"KES 5,000"
c9fec3df-dafb-4295-a84c-f05f82df02f8,147267.24,"KES 147,267"
fd642291-df11-400a-a339-b71b8625f672,98148.69,"KES 98,149"
587e9e24-7e20-4de0-9d55-131e93a1f4ce,135631.26,"KES 135,631"
004ca0ea-c1eb-4880-957f-5b8785d68336,51176.81,"KES 51,177"
0366f058-5550-4623-939d-86c1c341b9fa,72403.8,"KES 72,404"
15e00205-4d86-44c4-b25e-da24a02e9604,95731.18,"KES 95,731"
67ca874c-c848-4a3c-a391-adb82ffb4e50,32972.26,"KES 32,972"
89374efd-969a-481f-85d5-922806820554,79760.72,"KES 79,761"
eb62cc80-d186-4b97-98cb-8bc97ffa18fd,43759.09,"KES 43,759"
0374e4ed-ede7-4168-8e9c-34b4ba13c1c4,70610.69,"KES 70,611"
d855cc2c-97df-4621-a841-718cbd5a1fdb,148815.41,"KES 148,815"
7a884c4a-af61-41e5-8311-2d5f4880650d,93370.12,"KES 93,370"
4b10823f-abd1-4553-a25a-06005a440683,5000.0,"KES 5,000"
6787fad6-febb-407d-a4e1-59892e03af63,49188.77,"KES 49,189"
c2a60f07-5eb7-427a-93e7-1adf5f117415,66462.13,"KES 66,462"
b59f7da3-c823-436d-aad4-ec9d506a3abf,31286.32,"KES 31,286"
557f7529-d0bb-46b0-a855-da1a7fbe867e,23170.26,"KES 23,170"
b770cf7d-4a0e-46b3-b41d-2b358da2243a,60928.24,"KES 60,928"
669c03fa-8452-4ee7-b70a-1dfeb96ab161,37400.0,"KES 37,400"
ae946908-ec8c-4274-b3bc-67a3b299e7d6,5000.0,"KES 5,000"
119a9a7b-a34e-4917-98cf-946f43980415,115435.64,"KES 115,436"
ef07ab91-0df2-40c2-bf46-5a7061dc877d,149217.85,"KES 149,218"
eb9194f3-da79-46d8-8f06-b1906ddbe902,34139.74,"KES 34,140"
5f695a4d-fdb3-4630-a54c-029e9f879a93,75643.74,"KES 75,644"
0eaf686e-3c07-4f9e-8d34-6156b93c6a83,5000.0,"KES 5,000"
a321728e-ca58-4221-868e-c02f776ee935,69692.31,"KES 69,692"
208a20bf-c0f9-413b-a605-888f260d8455,58168.02,"KES 58,168"
2f6e16e6-ccd8-4930-b748-2e10aec9bca8,79765.06,"KES 79,765"
725ba249-85d8-48fd-8f0f-9db5a88e00e8,84626.34,"KES 84,626"
7946e363-9b04-4130-b51b-ec0de0bf9929,5000.0,"KES 5,000"
1febdae6-7abc-447f-a23b-195dfca1c1e4,50279.57,"KES 50,280"
d03413e4-211a-42ff-a98d-e998a23e218a,35039.11,"KES 35,039"
c0a37175-8327-4ed1-a0a5-445d4fa0ed02,60943.67,"KES 60,944"
f6cc2988-229d-460d-831b-783095063414,39356.46,"KES 39,356"
0f401598-c5ce-4324-87e7-1ee007ee1648,24819.8,"KES 24,820"
357a767c-10bd-4277-8bba-f10926e5115f,27589.25,"KES 27,589"
f354d63b-3851-47e0-bbbd-0a505a40e951,121063.57,"KES 121,064"
815db85f-51fa-4203-8e70-187eca55e157,69241.67,"KES 69,242"
6ef5b68d-843d-4c9c-a807-a2c682ed2295,66171.98,"KES 66,172"
48de2158-0e78-4520-81d3-219aaa0e8748,30592.11,"KES 30,592"
6e4c97d6-f68a-4412-9dd3-c7704ed02b93,5000.0,"KES 5,000"
581ee2be-6eb8-49e9-81b2-c85e18fcf4c2,118355.41,"KES 118,355"
16c99c80-0c98-4ee8-b7de-852698b96eaf,147100.23,"KES 147,100"
c5fd0d3f-0a27-4d89-ab65-a167327cdefd,31800.64,"KES 31,801"
5e9818d8-55c9-4b7a-9580-2927688ebf6c,69206.35,"KES 69,206"
0ec55f34-106f-4fcd-a9b8-544d8252befb,145795.62,"KES 145,796"
3c70d83f-089b-4d12-aff5-757448b8dbbd,28732.01,"KES 28,732"
65b1d07f-55e2-409d-8452-da0498cfb153,75174.57,"KES 75,175"
be798303-9950-4338-8d9a-4068476b2e6f,40506.28,"KES 40,506"
dc5b70af-05fe-4667-a009-552effb8a0a5,5000.0,"KES 5,000"
ddc21bab-0d5b-4b02-bcf8-a705f2da1882,55774.8,"KES 55,775"
2b11e4d3-0efd-4141-92da-e6cdd810248c,76029.49,"KES 76,029"
f128da69-07bc-400e-b9ae-81d616367d38,5000.0,"KES 5,000"
4d38ff7a-c2ca-4821-9742-5891281845b3,33726.18,"KES 33,726"
e1ff5bb4-8356-43d4-81b6-104628363297,38012.62,"KES 38,013"
a37c301d-4ccb-4543-913c-f60e5ed58568,5000.0,"KES 5,000"
8bf1a45c-32c4-4805-bf7b-03b2e19e2393,49437.59,"KES 49,438"
51dd6103-2d17-4841-a384-45669cd5b877,89590.54,"KES 89,591"
e516f4fb-eb93-44e1-9387-645edb2ee09b,71779.14,"KES 71,779"
a21c7e2a-a776-4811-bc0e-b7f5c41ae60f,88305.19,"KES 88,305"
ef586e38-0b7f-4990-887d-90f60ff0c2b6,142849.39,"KES 142,849"
f5adc56d-352f-4cb5-99b6-b05344cbee9e,143291.56,"KES 143,292"
2c4ba1fb-54c4-4d58-be2c-c53c4374e1e6,67837.74,"KES 67,838"
e10010f0-3cd0-4d39-882e-36885d96cbb2,5000.0,"KES 5,000"
af51c95c-4a4b-4204-8dfa-51eba87d5210,39816.9,"KES 39,817"
eca6bc7c-bf50-475a-b2f3-835feea766ee,99653.27,"KES 99,653"
3d9597d8-b2e6-4354-948f-a9375acfa421,101316.22,"KES 101,316"
783d6140-c23d-41f0-882f-0ac5da8bb886,5000.0,"KES 5,000"
c27ce8f0-7d75-4af1-8c9b-418c1762baf1,32612.75,"KES 32,613"
b866d5ca-b12c-4cfa-a965-087cb8011884,62138.78,"KES 62,139"
7c8120d6-09d6-40ab-87b9-e3c1635f6341,102052.27,"KES 102,052"
53a8dda9-4883-46ea-89f6-23ace6075ab4,108142.99,"KES 108,143"
2a1039cd-8350-4a6e-9e46-c15dcf25e7a5,5000.0,"KES 5,000"
be4fdb81-4fde-4004-b3b0-d022a72b86e1,25348.96,"KES 25,349"
a329fecc-d956-4e89-94f6-98a87bec68be,25973.53,"KES 25,974"
1bf55f9d-2f37-4d88-9cd2-8452f09e98e1,28941.14,"KES 28,941"
e57e06a7-e3d9-48f2-8fe0-250320d1dd12,50360.32,"KES 50,360"
2c1d8430-f893-4974-a649-b4df97d9f341,139418.55,"KES 139,419"
42c9bc15-5bb1-450e-89f5-875e3147f5a6,5000.0,"KES 5,000"
165e734a-fd24-4246-a21a-a9720ba4dee4,97901.26,"KES 97,901"
b7a41570-ece8-4261-b7dc-47cca79225c9,5000.0,"KES 5,000"
5b3f0216-ab03-4657-be6b-564a45d312ae,74138.22,"KES 74,138"
6529732b-4319-40c1-8000-8456547a0b3b,142822.94,"KES 142,823"
7188facc-0601-42da-b9a4-643b1ebecff7,27397.05,"KES 27,397"
b555b72e-705c-4204-aaca-dd8def24eb3b,99965.58,"KES 99,966"
e9e447a0-a0e7-441a-aa05-818cb1380da0,5000.0,"KES 5,000"
f8a53342-1264-41ad-a240-447c121ebaf5,148822.7,"KES 148,823"
4d1e2905-2b31-4c60-a880-fd991d3bda61,27731.59,"KES 27,732"
46963be3-3e47-4043-961f-426315356524,139056.13,"KES 139,056"
828b1321-8dce-4cea-b340-e46ef111946f,98941.04,"KES 98,941"
ca58b88c-48ff-4a4e-90ee-215518e7aba3,113438.75,"KES 113,439"
7b2bff56-23fb-417a-986e-15555708d7e0,128138.06,"KES 128,138"
02585819-8acb-40da-81c3-ef370402a79c,94930.91,"KES 94,931"
86bd0521-2730-423e-9503-74a6042b0bc4,15041.13,"KES 15,041"
fc1e084b-6579-408d-9cc3-ee496f8381dd,5000.0,"KES 5,000"
8cdda45f-fe47-4d04-9aa6-b6ad8b65ef8e,113943.14,"KES 113,943"
6098e7a7-035a-45c2-8d4f-0d294c4e4f00,85855.57,"KES 85,856"
47999616-8a2f-44fe-a8fa-dc53cb1de58c,114257.82,"KES 114,258"
2027fde0-e5bd-412d-a8ae-142dc12f6af4,130945.56,"KES 130,946"
68bedcfa-cf89-4749-a564-29912c67bfc5,89365.99,"KES 89,366"
1969c34c-b1ea-4ae6-83b7-47b6f20f9bb3,69026.88,"KES 69,027"
8ef4439f-99c7-45aa-8c74-c445cc16ffcd,43289.08,"KES 43,289"
e5419c55-ac02-4d7d-820f-76bbc220b70c,22949.85,"KES 22,950"
252f919f-3e58-4a31-8b9b-54d558618a32,96546.21,"KES 96,546"
5187042b-0b01-4de1-8805-ba07f149ad6c,5000.0,"KES 5,000"
0577e064-7d24-4f6f-9e9e-d029b26a9f6f,57050.62,"KES 57,051"
756111cf-78c0-41bf-b76a-d402c1d173d9,5000.0,"KES 5,000"
64b62278-6be8-4149-9c2e-1ece254b9a36,5000.0,"KES 5,000"
c53cd332-66c1-406c-91c0-f0c9ac4fa516,149418.23,"KES 149,418"
79416ec3-c5a2-4baa-8026-10c2f107b09e,106525.29,"KES 106,525"
9e162587-ca9c-484c-8dc2-611e17130a45,5000.0,"KES 5,000"
30329c3b-3afc-44d6-98a6-cc8e25c20fad,80743.24,"KES 80,743"
133fff14-9e21-4919-a6c2-4f56e0f0bb50,122376.41,"KES 122,376"
e627f848-77c8-4264-b9b5-7b092817471a,5000.0,"KES 5,000"
a932b8b8-5ca7-409e-bcda-0f69d11338e1,5000.0,"KES 5,000"
231f3130-cea7-4a1a-82b8-871b356f86b3,70545.68,"KES 70,546"
7db0fbcc-323e-472d-bf12-0f17b9a5d01c,129006.18,"KES 129,006"
bf6e087b-ea4b-4ba9-bc83-58a0339c8de8,94512.08,"KES 94,512"
f58248f0-ef2d-49c3-9957-7e006e4b6f73,147577.85,"KES 147,578"
f1281a1f-23e7-4bbf-b04b-3b04c5857a2c,58668.15,"KES 58,668"
533451ad-dd80-4f41-8297-c5ace0ab0d6c,95119.21,"KES 95,119"
3c8fbbbb-5dcc-47f4-a3b6-b5369bd3f111,5000.0,"KES 5,000"
6e6c16d6-8fdb-465b-a7b3-bc8f963a0280,57854.08,"KES 57,854"
3778c814-fde9-4afd-ac5d-ddc4fbf7689c,125925.85,"KES 125,926"
ff7fe8f8-0387-4375-b922-04d0a1cd2d46,87980.43,"KES 87,980"
114e96f9-bd96-41c3-adc5-d4d8a7f8b4d0,89419.75,"KES 89,420"
ddc837cb-653c-43bd-98b6-3ee836b5f027,59112.97,"KES 59,113"
ff1d504a-9e7a-4b07-bd26-4fc66ea31d4c,55015.22,"KES 55,015"
3b62b384-d6f6-4bd4-a158-6364cad449ac,71377.9,"KES 71,378"
3094d8a8-dda9-4d84-a80b-2d48bb92592a,62660.16,"KES 62,660"
615f0510-68c4-4c12-a6f5-1d87101c9d7d,5000.0,"KES 5,000"
16d2f8d9-d0d7-4e89-8f69-027771dcaef2,140167.79,"KES 140,168"
405200be-b591-4b4e-9a0c-1b4825d92fd2,5000.0,"KES 5,000"
81caa565-9186-4f03-9127-4e010c06973f,52456.72,"KES 52,457"
aba2a798-4c3f-47f4-843e-89097491b6ac,97863.47,"KES 97,863"
0bba7c74-d037-4bbc-bb07-2ad2f03423a7,53778.54,"KES 53,779"
019d8ab1-cd5e-4a6c-8656-f13b9d1f8bfa,149322.53,"KES 149,323"
3c195313-a4ec-4f98-b7bd-918984a1da69,92641.88,"KES 92,642"
6f04b36c-fea4-446c-9e3a-ff9213917696,65912.65,"KES 65,913"
f48ed91e-039c-40ed-a940-f3e581ebdda5,5000.0,"KES 5,000"
5088e86a-4907-4c9d-a64c-df41465ecbf4,36330.81,"KES 36,331"
c1f52359-b807-4519-95f4-088649cde7d3,36177.37,"KES 36,177"
a1498abd-ff81-475d-afd9-4b86b0126d22,5000.0,"KES 5,000"
5f83c5aa-e513-4fa0-b084-d0c6f8e3eae8,84285.18,"KES 84,285"
8a3c4628-7ccc-40af-9d06-68ef0adf01a7,147497.63,"KES 147,498"
bb8d111c-740d-48ac-a5b9-0f03f912573b,147570.77,"KES 147,571"
0f90a524-29ed-416e-a337-465aed09c369,115409.35,"KES 115,409"
6d285962-c1c7-494a-8dc8-67b01c81eff4,5000.0,"KES 5,000"
7f406e4a-be3e-4e70-bf84-0af12b82797b,74919.54,"KES 74,920"
8129adfe-74c6-4dab-b877-6510554267d8,5000.0,"KES 5,000"
f0cea330-d800-4067-812e-e7b8f56c3f8f,57436.42,"KES 57,436"
287a0c04-391c-4de5-a227-51bb8da0db18,109734.63,"KES 109,735"
733b4e68-94b1-4832-89bd-c464b58cf3e2,49001.59,"KES 49,002"
6a37e40a-fba3-4c53-8645-e5162a08c00f,107605.94,"KES 107,606"
16217384-4150-4a97-89ea-75b8b9a9af52,68913.56,"KES 68,914"
78c9ef6f-1c9d-4b48-ab0f-21ad05db2d43,33020.04,"KES 33,020"
cd329aa6-afd2-469c-8820-bd72a1db24db,149289.76,"KES 149,290"
85ee1c1e-c3e7-4db8-811d-2da776d04294,80568.09,"KES 80,568"
6c11a1a0-92d1-4946-977f-9ed1af3f8706,51992.85,"KES 51,993"
86d5b0b4-5d90-4344-9fa8-80e6fbdefdff,5000.0,"KES 5,000"
9e4215dc-0809-46de-93c8-5e74e1e7afe7,32938.34,"KES 32,938"
6db222e3-7c18-4da8-971d-93b837340f4f,95643.03,"KES 95,643"
1be3d9e6-b15a-4459-816d-544f84a36d1e,129551.65,"KES 129,552"
d84d84bb-5d47-425e-8489-43962b8ec233,124267.91,"KES 124,268"
f5fbc296-621d-4900-862c-1ba3df87cebf,32593.25,"KES 32,593"
da933ebe-d9ad-4429-9963-000778236591,82993.89,"KES 82,994"
261bc274-ae03-4f34-a061-c304cbbae7c1,5000.0,"KES 5,000"
49eeebc9-588f-4154-ad50-71061dd0f75e,5000.0,"KES 5,000"
0dd8b481-7b1c-45bb-8634-77c2bdabf108,5000.0,"KES 5,000"
7a3d5efe-1ba4-4d6e-bc7b-d0af689970f6,57121.87,"KES 57,122"
4ad66ca9-3899-4b90-9769-b492117867c9,149544.43,"KES 149,544"
308a32d6-32ff-48cd-9d0a-35f548f118b9,74496.52,"KES 74,497"
05f597b1-df38-4d93-a462-3e671ba59118,69103.82,"KES 69,104"
299fa990-3f54-47c2-af5f-30cab5e5e8fe,72029.2,"KES 72,029"
a7ae82da-5d31-4df0-9aa4-669743044067,18740.08,"KES 18,740"
2491aaa4-b975-4490-88a5-af2bf2ecc409,51372.25,"KES 51,372"
d3bba57c-1f8f-47b6-a57d-9adaba8c356c,5000.0,"KES 5,000"
b2addd88-abb3-429b-88cc-8d35e3924a30,67632.24,"KES 67,632"
cd006caa-8267-40b3-84ac-07d1c68b32c2,134902.96,"KES 134,903"
6021a5ad-0912-42cc-9ac9-e1bc85884cbe,5000.0,"KES 5,000"
3da48c4d-1096-44d1-9022-c6112dc97f6f,85352.47,"KES 85,352"
bb5ce49d-087b-4157-9b32-e8df3bf67776,53273.14,"KES 53,273"
464d1a92-740c-4723-9191-a25ffffbf274,107386.15,"KES 107,386"
9af014d6-f5f3-4012-9684-bc58f15ee70b,93488.83,"KES 93,489"
8eb3391f-4aa0-4914-beb0-fd11db53009b,5000.0,"KES 5,000"
fe0661db-2b91-4327-a4c1-65201a8653b0,42821.78,"KES 42,822"
3cb35e7a-4852-4dd6-87c6-5ecc2a0cff8c,88089.01,"KES 88,089"
43b15089-c731-4d10-8fdd-ad16ccc43e37,144025.99,"KES 144,026"
f51dc840-8142-41ca-bc2e-5bdb1ba37cc5,55392.15,"KES 55,392"
c45334de-ad06-4e10-8378-02aacd195173,68564.77,"KES 68,565"
e30ed6fb-e6b8-4aee-8e8f-f5cc1b55588b,5000.0,"KES 5,000"
32363222-1f20-4084-b11d-b1b1a8e6e30d,85975.79,"KES 85,976"
648af356-fdcd-406f-98af-f346fb63ce0a,28021.24,"KES 28,021"
35226132-e23c-4fd5-971f-94ec504f9b59,113012.43,"KES 113,012"
1b73f726-1fee-42f8-b2c1-03b3a8718874,28028.66,"KES 28,029"
230e941b-1097-4e7f-aaa0-9882b95a0540,5000.0,"KES 5,000"
0ac3f3b9-0f7d-489e-95ce-327b23cd7634,52613.8,"KES 52,614"
2816a7c0-b93d-4516-986e-c5c334045640,73200.25,"KES 73,200"
c6e78c5b-abd3-4311-ba36-03d25fd7bf05,41464.55,"KES 41,465"
76ac9c2f-e8dc-4bc4-9453-435450a6fa9e,77637.51,"KES 77,638"
5f63a70c-14cc-4424-8605-ede0d4352215,82228.9,"KES 82,229"
0805414d-7292-4d0b-a904-ced115bdeb1e,33566.82,"KES 33,567"
696b545f-fb54-4991-8763-54bf4c5b2e78,50415.43,"KES 50,415"
e1af7746-12f4-4707-9819-b5e41d5aa3c5,78716.2,"KES 78,716"
badabad4-11aa-4d68-825b-30047929b734,5000.0,"KES 5,000"
58049367-d754-479a-a859-f2e1be9ea610,59020.57,"KES 59,021"
da3982df-86e5-42c3-ac4e-3a2129a14d2e,21833.37,"KES 21,833"
4a8364be-53a1-4422-99d1-6569cc770cb3,5000.0,"KES 5,000"
69fe00da-b19f-4e02-8998-fcffd76eec71,5000.0,"KES 5,000"
e6032e8c-8642-4062-a57f-7a874fa36897,57931.32,"KES 57,931"
18e2518a-ce60-4f7d-9abf-e96b02c2edcf,33442.64,"KES 33,443"
b44a6e18-ee99-4f56-ba04-fe89e5a79629,149847.2,"KES 149,847"
f83cd63d-dd1b-4ed8-a383-fe016ab4f93b,105363.34,"KES 105,363"
3a3cef30-96d1-4d43-8b3e-d251d54c94dd,5000.0,"KES 5,000"
a6129e48-6ec8-4d23-90ed-016108a8a61d,5000.0,"KES 5,000"
517843bf-84ca-479b-ab25-dd3e06d557ce,57022.3,"KES 57,022"
9f41e764-3e67-4ddc-9f3e-832a00434e11,5000.0,"KES 5,000"
8501615e-5808-4252-9702-800ed6caa883,50470.19,"KES 50,470"
d64d1589-a221-44d2-8b0b-8ad19b6a2259,75016.67,"KES 75,017"
3d021f36-2737-47ef-b3ef-91b2d5625c30,30228.39,"KES 30,228"
d473a408-44ce-4e3a-ab46-0ee25956bd77,140384.37,"KES 140,384"
50115aa6-b202-49cd-acef-8e4cb3bc9681,82523.2,"KES 82,523"
6447d207-b414-4d69-9c39-71c8d92a57ce,71234.82,"KES 71,235"
1d0760ef-666f-4c5c-a4b6-db6aa54c5fc5,5000.0,"KES 5,000"
634f0bba-3b6b-4d2f-ae8d-c11b224fb51f,48475.15,"KES 48,475"
7c0526ac-9ec4-4b8f-aae8-b0cb79d7d068,137093.97,"KES 137,094"
83433e65-ea3c-4acb-a550-e8fcf2c1429a,23856.09,"KES 23,856"
09cf7263-2b2d-4903-ae97-1746b17a8dfa,57577.97,"KES 57,578"
314776e1-0bd8-44ac-b3fc-9ac0fe5a790a,67246.01,"KES 67,246"
eb65b1cf-b0b7-4a32-a447-5126877f03d5,54618.19,"KES 54,618"
d4b78e16-919b-4191-a749-e344a141c829,37195.27,"KES 37,195"
b12760b7-3866-4aa8-bce4-a58cf295852d,26420.33,"KES 26,420"
94d753d8-a965-41e3-b2d2-9c713c6d31e8,26872.75,"KES 26,873"
d1c5305a-f4fd-4093-9546-151930075692,27071.45,"KES 27,071"
19eabfda-321b-46dd-933e-3b2d8c30049e,121580.5,"KES 121,580"
ef4dfa62-715c-44b7-93b3-22f996c3c0ad,37193.09,"KES 37,193"
52464c0f-aaed-4fe2-b179-06e1adb61537,79755.54,"KES 79,756"
42802f39-dd22-4d0a-bb49-dc7edb1e4052,112829.57,"KES 112,830"
2e453588-f93c-43c4-861b-c43e961da435,25180.88,"KES 25,181"
d7d3ae30-a4ba-4087-9f8f-5b96c22f7242,30581.44,"KES 30,581"
5fb46045-f637-4622-a418-cd1d4383f954,5000.0,"KES 5,000"
434990ac-172f-4232-879c-49f3a74d75d0,108874.2,"KES 108,874"
f6a17ece-0ef9-47fc-811f-0ace1ffebff0,5000.0,"KES 5,000"
4bb682c1-409d-416e-87d8-1b65b6bcd7a1,98829.9,"KES 98,830"
38883137-9a11-4611-8d5a-92667ea070ed,54311.44,"KES 54,311"
67cbeec3-39d2-4394-b4ad-12a4d56ea516,5000.0,"KES 5,000"
ed9304f2-2d34-487d-9301-87239a9fc3b7,146680.59,"KES 146,681"
bf5a5083-8c3b-4c5e-a4e8-e2988d0a4d94,5000.0,"KES 5,000"
fc5ff6f0-0e3c-48c5-9626-4fb432a7fc9e,5000.0,"KES 5,000"
5628ceb0-f463-4d96-9fc0-e64d66bb862e,88325.64,"KES 88,326"
0913eecf-e0f0-4a45-8b2f-6ec1b21cedfe,49470.38,"KES 49,470"
0378872c-2be8-4701-8e5a-628583a64f1c,5000.0,"KES 5,000"
a190c7d1-892d-4539-a6e3-2b0a82704f5d,148009.09,"KES 148,009"
465edf24-a76a-4efd-a135-a12d2f6f5fc8,92357.15,"KES 92,357"
27b8f898-5380-4ab6-95ee-7e9a2e157da3,93292.49,"KES 93,292"
2a7aceb4-3194-4f7a-b1c9-566f62d19dbd,123646.7,"KES 123,647"
87270a42-6460-413a-9ff9-7d05a01bfa46,146500.44,"KES 146,500"
3b426896-20f5-4c17-b06f-91b672762965,110171.37,"KES 110,171"
845d160e-e53d-4bbc-a61c-f1be54eb3016,26248.81,"KES 26,249"
613ed568-3ef9-4420-832d-2c28407bfe50,116555.2,"KES 116,555"
d996f1ec-55e4-4991-be09-5518dd82533e,123869.2,"KES 123,869"
743f0592-aec5-454c-8af1-a10b2c532fd1,5000.0,"KES 5,000"
43b6a226-3476-4c8c-9ec5-84e08d859581,5000.0,"KES 5,000"
793c59db-4e95-4b75-857f-b343170dca22,32521.71,"KES 32,522"
43063161-eb69-4923-a248-8556ce9e3d40,5000.0,"KES 5,000"
cf21f3fe-3f3b-48b8-9423-6fb5e4bf004d,123801.28,"KES 123,801"
6c05d0b8-8f75-42bb-9319-24485755a81f,34241.56,"KES 34,242"
ecadfd87-3a47-47ba-af10-5263c266f74e,71949.88,"KES 71,950"
f2935aa1-a966-405f-8def-fc82139f3e74,5000.0,"KES 5,000"
6c34c81d-b76f-4891-aedf-4a9ab70bc70a,107937.44,"KES 107,937"
f6b30972-a2d1-4647-b3a7-c33b34c20a2f,83407.95,"KES 83,408"
ab87fa0b-81f3-4f7e-b431-dcb89c149be8,87321.05,"KES 87,321"
ad02fcc6-ef90-4d95-a293-6a211cc020e5,127751.63,"KES 127,752"
6536c78d-e73c-4f9c-978d-09bd5a3c9599,79139.81,"KES 79,140"
7214f746-46a0-44bd-8447-199c13804cfa,83182.8,"KES 83,183"
30ab4b62-374e-4a25-b395-3c1039ae066d,80553.34,"KES 80,553"
bd16390e-5fba-4bb8-9617-ea3f91f568ea,68797.61,"KES 68,798"
87e453cb-4257-4d65-8621-7767be0c47cf,16780.5,"KES 16,781"
0751693e-ff6a-4651-993b-e5af973d9476,89858.17,"KES 89,858"
07866bb4-2ce0-4830-9f64-f19f76104043,80688.06,"KES 80,688"
0f3e520c-0e14-4032-8d83-1e48be05f18a,5000.0,"KES 5,000"
1a89cfc6-bd1a-44ba-8199-3707609e5a8c,5000.0,"KES 5,000"
b75eaf08-4450-4495-8085-1ec5e4e75ded,149694.42,"KES 149,694"
46ee548e-7b40-4587-889f-8cf15acbed15,90389.91,"KES 90,390"
188d217f-50e5-45f2-b639-9c631c9794e7,39854.26,"KES 39,854"
f9f1cdfd-c372-43f6-8f61-af00ee5cebd2,36363.1,"KES 36,363"
45229284-bbbc-41e2-81d8-b5ca1b88a7c4,104449.25,"KES 104,449"
46c925e4-d7f7-4094-b66a-b592c7007e15,58313.11,"KES 58,313"
a0e22595-c39f-4800-a62d-9184d57b30b4,5000.0,"KES 5,000"
2ed017f7-c207-4705-afa0-098debdecb28,90573.67,"KES 90,574"
f8ce8c1e-2098-48f1-a0e5-a86a6d502cdf,50681.55,"KES 50,682"
56a83099-820e-461e-b64b-7f51978cbe30,70033.27,"KES 70,033"
636c0937-1075-45c6-bf2a-826a35bfee40,5000.0,"KES 5,000"
d6b403e8-3867-4ad0-840a-ded7c67138a8,5000.0,"KES 5,000"
f7dc8bc7-9e35-446e-8c3b-a55fa8649234,89588.51,"KES 89,589"
aa4a1f10-fd4e-43b6-82ef-fd2438a022fe,5000.0,"KES 5,000"
09ceadde-62b0-4990-bb1a-9f314831ae9f,87621.68,"KES 87,622"
b2f495e5-7b9a-4971-97f7-9427b7c4e32c,33056.63,"KES 33,057"
e8b1b932-d457-4697-b55a-f7dbda287e2e,5000.0,"KES 5,000"
d9d296e4-b879-4002-a40e-57fba79809f8,144558.2,"KES 144,558"
4f221afd-b41a-4fbb-880d-2680ebfc3304,18764.91,"KES 18,765"
02b96f9c-9ae2-4627-9052-fa1469dff53e,25227.95,"KES 25,228"
031c537f-c797-4f64-bf10-36b181bbc297,66236.08,"KES 66,236"
0b51178a-ef29-4d88-8fff-58cff97c63c7,74093.22,"KES 74,093"
5615a239-bd51-4526-afea-4df63c59577b,5000.0,"KES 5,000"
1beb242c-0012-4f9d-a691-c50168b3fd6a,28992.22,"KES 28,992"
f59e86cf-866c-4bc5-a88d-b8bea7d77a13,113698.4,"KES 113,698"
027ea06a-c351-430d-979f-f8ee8f53b51d,104337.93,"KES 104,338"
ec55ff32-93cd-49ae-bd1a-91cfec28700a,114568.01,"KES 114,568"
f1c252ce-9387-4420-90b5-f651efeb739e,72885.55,"KES 72,886"
186a36eb-fb9a-49b9-ac12-c6cab2dd1a09,147551.5,"KES 147,552"
b5b49f3b-5a32-4c12-83c7-5d450c2b2e2d,144470.27,"KES 144,470"
59710309-38e4-4ed1-8b99-e458bfdd3403,79617.28,"KES 79,617"
27142e83-0d3c-4ff3-8aef-47104432b862,86396.13,"KES 86,396"
e756d534-53bc-4b06-b336-6c04f311643d,91118.44,"KES 91,118"
2ec7c02f-6623-4046-becc-ac99f5d1b346,43162.97,"KES 43,163"
3e1ceddb-731c-4b41-9018-fcd567cd87ce,21796.85,"KES 21,797"
f37e10a9-1eb3-45c1-ace8-905969b265df,5000.0,"KES 5,000"
ab5e906b-33fb-4456-a4b9-dc59f2973a89,55975.99,"KES 55,976"
c72c71bd-f015-48aa-96ba-6adc5be91df7,87211.16,"KES 87,211"
c51c42ee-72fa-4a10-8b21-7191ee06a2c3,149916.63,"KES 149,917"
670e7ec0-4765-45ac-a305-9f6653d2c79e,64961.13,"KES 64,961"
006378e2-50c2-4e2b-bfa1-21cf12c05ad6,32046.45,"KES 32,046"
f8a1e549-ec67-4f8e-ac4f-67b390b8f9d8,74492.41,"KES 74,492"
94aed794-052c-4fba-be6d-20233f3e19c0,89858.36,"KES 89,858"
f75a17e6-ac77-41cb-acf9-45778fcc2c2c,38650.86,"KES 38,651"
136f290f-0574-4156-84ca-0acebac7b024,79142.46,"KES 79,142"
dcef6e27-949a-45fb-8925-ec70b3dd22c6,56880.34,"KES 56,880"
f659f5df-c187-46e8-a903-11ba90884bde,35877.34,"KES 35,877"
feff92f7-dfe8-40ec-a336-aecd20479ac1,79347.0,"KES 79,347"
052651ae-8937-4524-8543-40d44b21e21c,43797.18,"KES 43,797"
e09ea6e1-eaee-434a-b825-a1c8c7df864a,107862.61,"KES 107,863"
0343fb0d-1595-4abe-a5a7-241a396cb542,5000.0,"KES 5,000"
e5dc8947-54a1-4e13-b84f-d82a93aa261e,52992.34,"KES 52,992"
62a817df-bfea-4461-a9df-351cd44f11c3,55716.85,"KES 55,717"
13931ca8-d603-4912-b1db-145d0eb9ab18,5000.0,"KES 5,000"
854d8bb8-7490-4689-aa86-f34a12f6e3a1,5054.44,"KES 5,054"
db7f37e4-870b-4c3f-b6a1-9e419bb4c4e2,121571.39,"KES 121,571"
7b5b73f9-9eb1-499e-b82c-58fd739baedd,5153.19,"KES 5,153"
6e245e06-c0d7-4fb2-b86a-18cd3ad5507c,53246.71,"KES 53,247"
3fc72dbd-18bd-454b-a711-830b0b0bd3fc,58222.53,"KES 58,223"
0a0814a0-5a43-46e6-bb3a-6482d8c17e5d,147602.37,"KES 147,602"
471db45d-e9c3-400b-a6ac-b73761da2d4a,25993.33,"KES 25,993"
01d44745-b52c-4c4e-8441-29ea9193d9c8,47516.41,"KES 47,516"
467aa22b-79c1-47c3-96b2-881fa653f80e,75598.03,"KES 75,598"
a21dde8b-344a-444a-9eda-61ac67fb5d93,91630.38,"KES 91,630"
96a8037c-2ef7-496f-9c82-83455ee01668,95164.38,"KES 95,164"
c8f95be5-6215-4952-af1d-65b0bf5be099,109533.19,"KES 109,533"
6eb69ff2-38a3-47de-92a7-cbdb1ecf03ed,141912.44,"KES 141,912"
2e651fea-995c-432b-a29a-1e31b1d7f15a,5000.0,"KES 5,000"
fa7a8c31-c013-43f3-a1fb-e63e28607556,70340.24,"KES 70,340"
6849f569-c672-4739-83bf-956093d972a8,95240.83,"KES 95,241"
46d7986c-de10-4bb8-bd43-271dfc6fa61e,130222.35,"KES 130,222"
3fee2ddc-e9bc-408e-959f-76431190ffcc,144298.49,"KES 144,298"
ecb5a41c-bfcc-4145-bfff-78b92e226143,46150.27,"KES 46,150"
143026a3-96ae-47ab-97dc-40933e25a4d9,78317.32,"KES 78,317"
043d2849-cd2b-413c-b5cc-90c3513dd87d,5000.0,"KES 5,000"
ff4f1e9a-41da-4eca-8e8c-afc64d41c560,91010.39,"KES 91,010"
5ca53f33-ceb4-47fd-a5f9-1ecbdbd4f429,29562.93,"KES 29,563"
d0773f2d-740c-485a-af1d-568140ddb1ba,118312.18,"KES 118,312"
af1aee24-6bb7-417d-9b00-5830a7ea3d8b,116629.11,"KES 116,629"
5dc547cc-38e8-47b0-933b-a0a3f54d295b,128569.84,"KES 128,570"
563d37f7-11bf-4705-9f42-8015aed34c50,133057.76,"KES 133,058"
b3b71d2d-034f-4d31-89f0-15f19c4d4093,5000.0,"KES 5,000"
d3875b9e-8f18-4417-8ec1-1914a4220a7f,140244.43,"KES 140,244"
d7a252a1-454d-4a22-8b2d-bf43001654bd,82871.86,"KES 82,872"
5d7ba35d-bd64-49a6-9da8-3bd4d504174d,111863.02,"KES 111,863"
51d5cac8-cedd-4e6b-92dd-44d527fde174,19806.28,"KES 19,806"
6726c1aa-c512-4fa2-8e54-e7818a43dc63,54055.36,"KES 54,055"
270be089-cd89-434d-a57e-281b334e6108,130296.14,"KES 130,296"
3949a75c-c0fa-47af-8820-63654803c8d9,76715.84,"KES 76,716"
8f400785-db90-412b-8e5c-8ab5f4bdb081,63693.26,"KES 63,693"
702c183b-ea86-4f26-992b-71b8008ec294,43021.9,"KES 43,022"
ea2835b6-39fd-4f7b-bdf6-6833e00aebf5,66762.53,"KES 66,763"
e53300eb-5f09-45f6-89f5-b8a91469ef5e,5000.0,"KES 5,000"
6dfdfbc2-5735-4d15-b394-04954d9ef07a,63797.65,"KES 63,798"
1cbf94cd-aa35-4dce-937b-b008c6450c46,23086.98,"KES 23,087"
d23d5056-0fe8-4904-9de3-e225281d07d5,145348.17,"KES 145,348"
05f7c46d-a417-4fe9-aa9a-dca86e195956,97735.98,"KES 97,736"
49bb24b7-3519-4eeb-8036-5b7317683039,46744.35,"KES 46,744"
5c7d0681-cda7-42e1-8f8d-1064825c119b,5000.0,"KES 5,000"
8dae2583-c886-4abf-b32f-b8274b0ea5ec,73049.13,"KES 73,049"
4fda8cf6-9f28-448c-b71d-b5113a9d63be,130259.63,"KES 130,260"
a7d8b6a3-03d6-4ecc-8441-908938444b44,25038.17,"KES 25,038"
1ec8c29d-5c14-42d8-9e44-582e5c81e259,5000.0,"KES 5,000"
b0ac266c-14c1-4c6a-8242-325bd3133102,35532.27,"KES 35,532"
7672df1f-2cf1-4772-af0b-40e06f2fac86,5000.0,"KES 5,000"
01b742b6-ed36-43bf-b658-67b64a052739,61178.58,"KES 61,179"
c60299b3-bb30-4d7e-a638-df227d82adee,39953.19,"KES 39,953"
01dae9ab-e74b-4518-9bd6-7f81294b590f,149911.45,"KES 149,911"
b4f1a380-cddd-424c-bb39-672e8f34e8f1,5000.0,"KES 5,000"
b1c47bda-f1a5-4f85-b325-fedaac7287a1,95938.69,"KES 95,939"
03951a0e-47ef-4470-a4ff-2209da3ba525,143058.22,"KES 143,058"
fc8d4202-e5bb-4f29-b76c-bd378fcb8dee,27187.94,"KES 27,188"
0fdf4345-0bd9-49b7-84cf-5495ca67f4da,98320.84,"KES 98,321"
614fd5bd-a5a6-4004-bfcf-66d44e32d2b0,107621.37,"KES 107,621"
778cc468-088a-4dbb-a900-6f5b714faf03,79694.07,"KES 79,694"
2682a83e-b51c-4f7c-9edb-c974458d2924,17352.86,"KES 17,353"
7f3ee733-db31-4e6a-9037-6c27d289f9d0,5000.0,"KES 5,000"
4d8d17d5-c460-4026-a264-36fc2030991b,5000.0,"KES 5,000"
e15496b3-e7d4-4f1a-918d-d36b58fa07df,148784.24,"KES 148,784"
a11f11c1-e00e-45d0-9b4f-1a2259cbbd71,34530.59,"KES 34,531"
cef7d97f-18ce-42da-a52d-6cf8d3917050,142738.7,"KES 142,739"
af923f16-8a6e-4b47-a78b-5c2fdb6aae91,91531.67,"KES 91,532"
b031663c-5b88-4761-86a3-d2e7e21802f2,5000.0,"KES 5,000"
1cab119d-b24b-4843-8a06-9ccb65021194,5000.0,"KES 5,000"
f957ffbb-76ed-4d4c-9dd6-876beed0fd9f,5000.0,"KES 5,000"
ed74804d-384c-4629-ae18-614a4e873ff9,5000.0,"KES 5,000"
382d6ff0-97a2-424d-9f6d-d32467439654,64389.27,"KES 64,389"
cc63932f-2988-4768-9e02-80face874daf,41592.17,"KES 41,592"
9200fa3d-9376-4baa-b8fe-9506b6fd04c8,111781.18,"KES 111,781"
b3dc6933-1461-4f5b-8600-f7c1d4b063dc,29211.64,"KES 29,212"
55bafe47-e67c-4ef1-a2fb-933d8830efdb,24726.45,"KES 24,726"
04ab2b55-9321-42c0-a672-25129158de44,75615.63,"KES 75,616"
839d7b0e-e8b0-448a-ab6f-1cee366311af,136461.65,"KES 136,462"
1d9ddf50-2fbf-409f-9426-a4aef5663194,59345.48,"KES 59,345"
7d15e176-1334-43c0-b111-e22d1ab0aa0e,80343.97,"KES 80,344"
3a89fecd-89e8-4f84-aa9f-a5e00e165cf0,5000.0,"KES 5,000"
31fc6021-5e68-4eb1-89f2-a730205a9aca,5000.0,"KES 5,000"
948809c0-7745-4dc6-a3f3-84bcce187754,137449.93,"KES 137,450"
273ab91a-f28a-4eae-8805-c37a94bf4935,64868.84,"KES 64,869"
93127ee1-4dc6-44a5-80ed-24a5052ea7f4,38522.44,"KES 38,522"
524cc3e6-c404-4ad9-86df-fa6d8f839ae0,5000.0,"KES 5,000"
77caa956-5215-4f07-aee5-2b3e5e6e1449,95355.44,"KES 95,355"
cdf17683-63b7-4d45-87c4-ff0741d421ba,64008.63,"KES 64,009"
85dcdf17-a05d-4ecd-9ef3-3971757a6b6e,32673.16,"KES 32,673"
69f31669-b839-4054-bed1-0b03fb58c06b,38299.57,"KES 38,300"
35b6ccfd-7430-4a8a-8588-8ee7c9a181a8,13293.63,"KES 13,294"
78aeca08-6a49-49cd-a262-048ef7385b9a,73086.62,"KES 73,087"
60980077-e3e4-4f5a-be6b-7c8feb09b086,59727.2,"KES 59,727"
edf72342-4010-43f5-8e48-c6ece5085702,108607.16,"KES 108,607"
f8f7af11-3f19-472d-b65d-9e54a9b9b18c,109134.93,"KES 109,135"
ed012e96-39e4-456c-a17d-976c7541c82b,71641.09,"KES 71,641"
08a508ce-49dd-4b75-82c2-7ed345a9c90d,5000.0,"KES 5,000"
98c9326f-a69d-45ce-b8ed-383d4a3cdb69,146792.27,"KES 146,792"
413b9874-e734-4950-8a1d-2e055fc7c302,48569.99,"KES 48,570"
5255955d-b068-4b06-8079-1f3661cf3cc9,114847.47,"KES 114,847"
6f0dfbb4-c2b1-46e6-a0ed-7387e80b4b04,51909.44,"KES 51,909"
f4d5f1ed-6e14-42a8-bf02-4fc1052e2146,76100.85,"KES 76,101"
8533032c-438e-4385-8960-d0d628f8f856,120014.05,"KES 120,014"
c3887e34-8a6d-4b89-8aba-c608d20ad899,90424.95,"KES 90,425"
0b6e2324-82f8-4bb2-8873-175d7aed826f,30288.28,"KES 30,288"
4233d782-46b7-4c24-998e-cf082529bb82,5000.0,"KES 5,000"
e83b5b97-4786-43cc-9362-9e3bbe89de4a,57002.74,"KES 57,003"
cca71277-68e3-4f36-8c3a-c30832f8bbcc,62459.45,"KES 62,459"
43fc6846-faf3-4cdc-9487-e0ef86c14811,141395.77,"KES 141,396"
ce2d2ee4-82f2-4a86-bae0-1f8da089b95a,36261.18,"KES 36,261"
ca2ffde4-8579-4765-a7d3-515120209f36,132648.16,"KES 132,648"
eec927b6-f299-45fd-9a03-c3d6e7c93c75,5000.0,"KES 5,000"
aee1ecbc-021c-4ff1-ac6f-5f34b2ed3359,35634.6,"KES 35,635"
30eef110-b149-496e-83c5-5385c7792a21,5000.0,"KES 5,000"
aad7dbf8-7fcd-4ba4-8f84-45a789bb3689,85328.82,"KES 85,329"
88c7750a-d044-4e36-9f8d-2909d1956a2b,42153.6,"KES 42,154"
f16a2cfe-6ded-4319-9db4-95299e118676,73000.3,"KES 73,000"
2f454681-0c80-4f8e-9ee0-5c53b82eb3c7,5000.0,"KES 5,000"
f6534165-7ee6-4b50-b43e-e360a91c0f3d,94746.92,"KES 94,747"
f24a9a81-f15f-4806-8c24-1c27e1fd5373,54248.44,"KES 54,248"
882290e0-085d-4f1b-a63e-9d4eed472cb6,37220.24,"KES 37,220"
8bed7a7c-42fe-4dfc-8492-c8b2e50af695,5000.0,"KES 5,000"
0e8bd072-9818-4886-821b-18ce4b2023d5,69169.66,"KES 69,170"
5a56e034-8c8d-4bdb-872c-a504ebea07ba,5000.0,"KES 5,000"
fef5df39-4df5-4893-a7a6-5eb88801580c,70266.15,"KES 70,266"
c40521e3-38c8-4069-9e1c-de4a5ffadfc2,111455.07,"KES 111,455"
c83d1651-88dd-4075-8fca-2ef25aab1eec,38058.42,"KES 38,058"
c7f9b33a-7b14-411a-bfa8-28758420cfda,94161.9,"KES 94,162"
62887133-474d-4bdb-a7b5-622665a18d23,50369.84,"KES 50,370"
2fee7984-722b-47a8-8cd1-555060430962,67336.67,"KES 67,337"
1d8b27c7-84c1-46c7-bbb6-ae5cb9825ba4,113013.55,"KES 113,014"
a15be1b1-024f-4f5d-b4de-67098ba262bd,5000.0,"KES 5,000"
c4064342-a8be-49ad-9a72-9f9b2eea7c80,5000.0,"KES 5,000"
0b64ca81-d3ea-4f04-b221-c3ad824a974b,75585.16,"KES 75,585"
a0f10ade-4f82-43c0-8928-eb67013012e8,52782.03,"KES 52,782"
24f74532-71b8-40e5-a0ce-46624cc3ffa4,5000.0,"KES 5,000"
ff5f8f93-3c96-494f-9d64-51c37cea6610,61557.77,"KES 61,558"
4ae4d3a0-e9ef-4cf6-bc98-fd5eccf1d4ab,146884.73,"KES 146,885"
aed29f14-8f49-46a7-a0fc-784a2ad1491b,20798.36,"KES 20,798"
e0629f7b-51a0-4caa-8a25-95e1cfa5ac31,102718.2,"KES 102,718"
0d37d30d-2002-4a4a-9c44-f4118ff7ba59,91036.3,"KES 91,036"
f1c330e9-cfed-4ad2-be19-a3add3ef49a2,113729.02,"KES 113,729"
477a194f-ce7c-463e-90dc-f92d8e35a127,127247.49,"KES 127,247"
c56f981f-ad55-4cf8-8a5c-f7e13126b7cd,90654.73,"KES 90,655"
d5fad57b-3cd3-4422-b8ef-912f4ac2af44,5000.0,"KES 5,000"
17a82925-12f7-4346-8120-27332ff095f8,129396.0,"KES 129,396"
6a7ca794-4f4d-4957-89de-688b60541f63,106962.0,"KES 106,962"
f6b7ddfd-c0ba-4227-a3d3-39d6d87eb5a1,50611.8,"KES 50,612"
980962d3-9eef-4e13-9d24-1eeeedb36d55,55983.33,"KES 55,983"
e9d75d89-6fae-4eeb-8f21-4ba4e235baf0,30791.81,"KES 30,792"
a0e3e2b6-8aa1-467d-b926-6f4737708655,5000.0,"KES 5,000"
ab50672b-79cc-4ac4-bb0c-41e901841ebb,72904.81,"KES 72,905"
bb08ca79-e0f1-4dfd-be35-d8a503d305d0,97309.55,"KES 97,310"
4286467d-9e7d-4395-aff6-c7ca27420c1d,17192.87,"KES 17,193"
4fa1ff4a-f622-409b-a8b1-368a874b64de,71930.14,"KES 71,930"
4771764a-0b39-4642-8f47-22f62b4a58f8,148238.67,"KES 148,239"
b5f1efc6-98e9-4905-9f6a-4a2c748dbbee,111080.63,"KES 111,081"
17b5f165-d28e-4e42-8937-27065289ac08,24418.2,"KES 24,418"
4c1bf653-2945-4a0b-acd5-77e011ad042a,5000.0,"KES 5,000"
58cd3a67-d035-40a6-8c5d-1f5c94eaedc9,98020.05,"KES 98,020"
21d359bb-9be6-44a8-be86-4ca0f88d6e90,110712.35,"KES 110,712"
334abe90-d874-45c9-94ef-a0428df6b56d,45280.26,"KES 45,280"
5f3bf4c7-3cb0-49a9-b327-6457f8618084,5000.0,"KES 5,000"
8bb9a1fe-b92a-4981-a2ae-9fc312b78b2b,5000.0,"KES 5,000"
496cc4d9-67ec-4a34-abdd-69bf227c3cb0,20819.75,"KES 20,820"
04b1ff8b-510a-4023-8ee2-9079f48a3cc8,91381.78,"KES 91,382"
f119d59f-a46d-46f1-979d-6496aa46a273,96867.79,"KES 96,868"
d27d0b06-a613-4482-aac0-9b5d4a09a70c,28836.8,"KES 28,837"
4d608415-4e03-4ea8-a2df-a509c9a18ea3,29096.83,"KES 29,097"
276046b7-6217-4430-824c-cc652525be66,15339.51,"KES 15,340"
5500f283-7581-4b5f-a08b-292674fd371a,111955.66,"KES 111,956"
66f2ae17-bec7-4fde-819a-13e1d8459eda,145053.85,"KES 145,054"
4c5d5f80-659d-4a00-bbfd-4b5754e9a76d,119221.26,"KES 119,221"
fdcbf9da-b3e4-4431-a169-eaf2eeaf8ca3,5000.0,"KES 5,000"
4f8b2169-cc5e-4942-82cc-a349313ffc29,66112.5,"KES 66,113"
2aa4b576-b26a-4587-994a-618ec0491ca5,92907.87,"KES 92,908"
567018b7-5cb7-4e9a-bf70-84a64641f8f7,63214.27,"KES 63,214"
a999e339-292d-46b8-9b90-bfc632adab06,38688.25,"KES 38,688"
e5f2ad2a-2829-4cd4-8fdc-b60441c31594,5000.0,"KES 5,000"
6e6fef51-e2b5-40dc-8b69-9e83809a0b67,99786.34,"KES 99,786"
6852d76c-19e7-4e57-9353-50dd9468802c,149555.92,"KES 149,556"
4321b170-3230-42e9-b550-6b9cf320dfdd,80853.23,"KES 80,853"
e6cf4adf-df24-4fd4-bf57-72e57bfc23e0,146924.95,"KES 146,925"
a0432c30-5cb9-4d5d-a388-bb17b87a52c8,131103.17,"KES 131,103"
46b47ada-918d-4d48-9980-1ff7ce6474f5,96424.0,"KES 96,424"
a43d1080-15b5-4e9c-944c-81dbf2378ba0,36164.54,"KES 36,165"
dce200c7-08d4-465e-8de7-39a941a6c8b0,26529.46,"KES 26,529"
75af85b4-5c70-4814-87c2-fd789e076262,72464.82,"KES 72,465"
c9622f49-a0d9-4000-92c9-f654cfa749ab,5000.0,"KES 5,000"
defc39bb-2cf3-440f-a337-3d93ef3056a8,5000.0,"KES 5,000"
3925e580-1796-40bc-8ec5-74dd93f1b627,119469.54,"KES 119,470"
fa848827-4142-46b6-b86e-149113a654a7,63437.79,"KES 63,438"
ac6d76e4-08ab-4109-9162-f6b92b16c710,87625.67,"KES 87,626"
c310c7b8-05d8-48f1-ba02-1f84ef606275,111316.34,"KES 111,316"
2d449bd8-985a-4c13-b5f4-e8c768c36a29,131647.74,"KES 131,648"
8df39922-5640-4d85-85f2-3adea35ef7cc,54766.11,"KES 54,766"
0d06f84b-afad-47bf-b861-416efb0aad71,88283.0,"KES 88,283"
5b6ff069-6369-4032-86b7-353d198cd36f,143898.15,"KES 143,898"
f7ed81ab-4f41-4af2-9658-91036b9b314a,49491.62,"KES 49,492"
651e6a9c-f4c6-4472-95c2-56dc44de58d3,53413.73,"KES 53,414"
45f1d4f1-b526-4967-9cd0-bfa2762f89a3,58818.87,"KES 58,819"
922b512d-7a61-4d13-888b-988c4c9674e3,148730.91,"KES 148,731"
5a276cdc-ece1-4c3c-b6a4-93ffed297726,32939.88,"KES 32,940"
08cec923-97d7-4838-804b-605d5617ef63,5000.0,"KES 5,000"
a77e0704-0971-4c1c-9c70-7ec4fb03da1d,72895.35,"KES 72,895"
0d5a1c6a-3f1c-4783-896f-5a2bca817c2f,109197.24,"KES 109,197"
fbef02be-0605-4a98-bad4-ccde1b3d9d90,141812.34,"KES 141,812"
0609791a-727d-41f8-af62-6c49d63ae40c,49322.74,"KES 49,323"
70237808-b34a-4864-9fd5-17579a995a7a,139508.58,"KES 139,509"
18b8e550-8962-49a0-a2d2-be692179bb07,93624.14,"KES 93,624"
f0b27fb9-a6c4-44d9-9338-489b68c4e87a,92396.04,"KES 92,396"
e1786a8d-f487-4a7b-accc-69ec0a1f06ee,54821.51,"KES 54,822"
4ef7a43e-daec-4ea7-a9b9-fb356f86a355,37795.02,"KES 37,795"
0fa75dac-f4fb-404e-838b-e244f98d2fa6,28313.09,"KES 28,313"
b25180bf-0587-4a9a-a43e-0a7f48affbf7,67986.38,"KES 67,986"
36c328a3-84d6-4346-95fd-eae203a56aac,125709.92,"KES 125,710"
0eef0f4c-7ea8-4fa5-8b2a-14740796acfa,5000.0,"KES 5,000"
56553b27-9cab-42c4-af4a-e4a618eca69b,20391.92,"KES 20,392"
12f5e516-2b96-4903-a0bf-a3387445ddc0,72598.84,"KES 72,599"
7f72d7d9-4631-4cec-8a0b-5116fa5d0bbf,113697.28,"KES 113,697"
1b3bc7c4-45a6-410c-a168-d1515c803374,67392.2,"KES 67,392"
453b0f3a-0349-48f0-87ee-9eb23d2c9cfa,5000.0,"KES 5,000"
2e6d18d8-3359-4e04-9129-5cb8408c2acc,76353.78,"KES 76,354"
41b73df1-2680-4d23-9507-1b1455a049c9,146984.96,"KES 146,985"
a22d92fb-dcf5-4607-987f-ed97ce70b60c,81259.43,"KES 81,259"
4e2b7dd0-a9dc-43f3-8992-1076988a0818,5000.0,"KES 5,000"
fed804bb-d2f3-4c1e-bbc6-b1f8d4a7bd4f,43095.07,"KES 43,095"
8e09f132-b68b-40a2-a759-f40fc84b7175,117073.47,"KES 117,073"
02582e15-9ece-4752-b993-0294f376fd09,5000.0,"KES 5,000"
16c0a691-9056-4717-b496-925ad542f22b,46116.15,"KES 46,116"
13859a10-7677-4985-a3b5-54c263f7bc8e,44077.97,"KES 44,078"
a7085af6-bf02-4a12-a8c9-a1854afb9bd1,90426.81,"KES 90,427"
4917e8ab-8787-460b-aaac-aaff1ae318d9,39511.67,"KES 39,512"
77ec55c6-b736-44a3-9953-bb3c1c432626,73107.03,"KES 73,107"
6c2528b2-e542-4297-b46d-5ff9c164f4de,146256.97,"KES 146,257"
eae4ef63-f30c-485a-b0c1-36b1b1b682c3,21909.1,"KES 21,909"
240dae36-6ca0-4d1b-8727-f8e77733dacd,81149.83,"KES 81,150"
0b23a280-3aff-40af-887b-2fa3ea40004d,5000.0,"KES 5,000"
2fda8731-d22c-49bf-9f48-a7482c4af55c,25331.86,"KES 25,332"
6b2ee56d-d395-4b6e-96d7-1b662d54725b,91153.45,"KES 91,153"
9f538168-f7ce-4dd2-af44-88d58d910c95,20730.28,"KES 20,730"
256d9114-58e1-4ef6-8fef-3a82917b14b0,131081.82,"KES 131,082"
393d38c1-46f2-4950-89fc-27ce4689bb23,29674.64,"KES 29,675"
dc05ba5c-c6a5-4dd0-835e-6f454359361d,133670.09,"KES 133,670"
d985b6bd-5a63-4000-b6ed-43d0d77c3042,146752.69,"KES 146,753"
c23647c6-e457-4035-811f-e10c8b349073,97336.01,"KES 97,336"
4c0a9748-c54b-4b3c-8848-5dd194810187,5000.0,"KES 5,000"
1c759b6a-0b4f-4e99-8e71-ae7b2f24a228,5000.0,"KES 5,000"
f3934700-757a-4b02-8486-8ec69de6fa4b,67653.81,"KES 67,654"
31afddca-d69d-4ffe-a67f-8d2e0b044cf1,46176.94,"KES 46,177"
3dcd95d1-359f-433b-8153-9247882e50b5,16917.42,"KES 16,917"
f36132ff-4d90-49b3-885a-478d2e0248a6,47270.56,"KES 47,271"
9e2b1d2d-f696-487f-ae93-e133a9b48192,62949.63,"KES 62,950"
d3c89238-ada4-4761-bf4b-828e09fa949e,57934.08,"KES 57,934"
bebc129f-b438-42c1-a70b-833b858b7e62,118995.73,"KES 118,996"
e66444d5-270e-4c73-a609-8b15a74c16c6,109103.98,"KES 109,104"
42a8606b-6ba9-4a0f-bd5c-629621a4d0ad,66174.02,"KES 66,174"
7a7ff835-21b0-4f79-9a25-ee0183c55bda,5000.0,"KES 5,000"
97668d45-3936-4211-b1a7-b9d28dc23f4c,5000.0,"KES 5,000"
e817bd76-d937-4ebf-bbc9-296d54e9db4e,53683.76,"KES 53,684"
80dd0563-54f3-4358-bac2-b9a76cec822a,5000.0,"KES 5,000"
cb61e86c-045c-4284-83cc-4ba3695c44dc,115664.26,"KES 115,664"
f8107d62-6c4a-4fb8-92ff-2a2178d57e90,148073.0,"KES 148,073"
f44a409b-0813-4571-b008-6cd8fda7de1c,38602.75,"KES 38,603"
9b3386a6-6b92-42cc-bfb3-b1523c6af4b2,35045.47,"KES 35,045"
9623aa08-8adc-4101-bc1a-d03b1459fe88,137524.1,"KES 137,524"
6c8046b9-96ec-4ec1-b8c5-202ea54d0b2e,58849.26,"KES 58,849"
bf211095-e3c6-4415-8458-5ede8c9ebac2,53279.64,"KES 53,280"
4a979fca-f1c8-4f63-97f8-f23e1e37e6bf,5000.0,"KES 5,000"
fce86dbf-5d4b-4e62-9293-15293545db8d,106008.13,"KES 106,008"
274849a3-26a0-49cc-ac4f-7042b6f35db9,76052.76,"KES 76,053"
3a5b4876-45dd-4e67-a6f4-3cf235894330,60441.65,"KES 60,442"
93eca193-c675-4bcd-b543-d52cf14743ff,123398.44,"KES 123,398"
dfee3ff7-48ab-4609-a5ec-ca00e7696d44,119161.83,"KES 119,162"
c6d15ed6-c08a-4d63-b0f9-98c668067cbf,77570.55,"KES 77,571"
e4c32919-6955-49dd-8746-e100f44e6f80,85265.65,"KES 85,266"
459ceb13-19c6-47ac-a983-4afa77ae7071,85552.47,"KES 85,552"
0f85ac51-532f-4ab9-827c-86792deb00ea,133371.81,"KES 133,372"
bc36cb2f-9b42-4514-b96c-75851d2d8ec7,5000.0,"KES 5,000"
8dc38e78-af4b-409c-81e1-a21cb063aa92,73910.21,"KES 73,910"
cdd9ab93-3011-481c-a773-e44381b3e69d,147235.28,"KES 147,235"
0153a9de-2b5e-4967-9434-35b445ba95e2,93133.84,"KES 93,134"
1e089765-6178-45b2-9dd3-cc87697820e0,129207.61,"KES 129,208"
80be4659-d5b2-4c0f-83b9-ae4ab328d351,35447.69,"KES 35,448"
45ca0ec3-d14f-4226-9da8-9a4e9f463608,5000.0,"KES 5,000"
1964b5b0-5940-4c43-9168-51d8c29eb2af,39772.35,"KES 39,772"
b6fe3711-9bbb-4f62-b4cc-c0617ca370a4,147339.55,"KES 147,340"
d7c510bb-6692-4e8c-9691-47436396bc55,116616.98,"KES 116,617"
3bc10fa7-4ac5-407d-a0c2-c58a2f8d2b38,40075.61,"KES 40,076"
7ae221d6-1789-455a-bb70-6b380a153283,5000.0,"KES 5,000"
b7c50d71-98f2-4faa-b142-39a7b1f0a6b2,5000.0,"KES 5,000"
d243f176-cd72-430f-9159-a968c7ffa1fb,29284.89,"KES 29,285"
02839f20-36df-4279-bdee-099702985cbb,104999.84,"KES 105,000"
c38c0c07-fdda-4a1d-b2dc-8804dc7b6345,23039.96,"KES 23,040"
b1328f6a-549a-46e4-a4cf-7dfb7d869d8b,138211.34,"KES 138,211"
80619341-1019-496a-9cc0-ef16866c451c,134581.16,"KES 134,581"
ae189032-69f3-45ec-a883-203140bb2186,22001.39,"KES 22,001"
d93d2e60-9a30-40fd-83bd-c0a89a69e18b,63242.18,"KES 63,242"
e588b53d-a447-4d60-9c05-9cfaa8468bd9,139129.44,"KES 139,129"
e467fc27-992f-474e-a421-93fe4a9edb72,83087.49,"KES 83,087"
98bbdace-4c51-4733-b35a-691b3130c330,129679.99,"KES 129,680"
46b0e21c-1215-4a72-8b8b-92e57ea0dad1,34919.53,"KES 34,920"
dc7eb5e8-7f18-44ef-a6c8-73dbb4adc46e,30798.41,"KES 30,798"
26ad8427-26c2-4860-8fed-33e401d304fb,115377.41,"KES 115,377"
accd2a86-ece5-44a7-ba36-66ce35d86c28,40767.37,"KES 40,767"
a1b900df-04a4-4a7c-a162-7caf4df8dffc,89681.38,"KES 89,681"
3bfc6773-7591-4366-a0b1-013df5dcc2bf,111168.95,"KES 111,169"
e009f3e1-8d54-46ca-ad95-46a0b8d8dc20,144820.79,"KES 144,821"
924e8943-3eb3-453d-ae9d-eb9a5dba9c64,5000.0,"KES 5,000"
063f7f58-02a8-41ad-8d74-3dd66f9e4a1f,92794.76,"KES 92,795"
58fa64b5-41ad-4f43-b043-f9493c26d513,140646.01,"KES 140,646"
719ef428-48c6-4e23-acaf-93ee9e4d50d3,89152.18,"KES 89,152"
dc77f7f6-2032-4979-a34a-b543e75901ee,140251.17,"KES 140,251"
d894275c-cd5b-4980-8cca-e30d5f624f1e,69121.71,"KES 69,122"
7f37e24a-0266-45c4-bb4c-3312d5ca5717,92090.72,"KES 92,091"
7a585597-dc6f-4e35-a5c5-f35ca5af4710,144775.21,"KES 144,775"
cf713ba7-dc21-48b4-9f21-d085fcdd5edd,110769.0,"KES 110,769"
06833bf6-e6d7-4525-80b7-67dd921efad3,50146.63,"KES 50,147"
bf978a69-c913-4efe-b205-86468b123300,127935.23,"KES 127,935"
945a7cc2-24ac-4cdf-a334-d94025905739,64932.77,"KES 64,933"
0d537817-63a3-4633-9fef-4116877cbf6c,5000.0,"KES 5,000"
71dcabab-3985-4fd2-940a-f0f44aec8b29,31883.05,"KES 31,883"
337c95bb-c46e-4d0c-a43b-0b6054b94290,126276.65,"KES 126,277"
d7c09603-22cf-4c2b-bdcf-aea982077c19,13175.27,"KES 13,175"
f13d4a4f-2b71-4781-8608-ae8ecd712c67,47742.38,"KES 47,742"
26d580f7-3f58-4318-b435-5dcaec397738,63768.76,"KES 63,769"
7afd6485-9593-4fc1-a6ae-06768131ac61,5000.0,"KES 5,000"
c5d114d0-0762-492d-8285-94cec1612306,139710.35,"KES 139,710"
5b2a652d-334c-42ba-9523-df6049e2167d,30567.55,"KES 30,568"
0c3da795-110f-413e-911c-b831ba8c72f1,93675.16,"KES 93,675"
a683f0d5-41b2-4ae1-a154-e7aa1ef86b3a,5000.0,"KES 5,000"
dcc2a41a-1f94-4397-8400-d4b7230de691,147168.07,"KES 147,168"
73de0931-1efd-4b99-ab9f-8bdbc7fcf748,68960.02,"KES 68,960"
403eb4a2-d52e-4684-b2d0-f8851b9fdcc9,149540.98,"KES 149,541"
ebc9ef32-fe8f-469f-a3ed-b8dc6b080977,137137.78,"KES 137,138"
d43f1309-a279-4b22-9a92-749b556fd9f2,45802.21,"KES 45,802"
29686644-3122-429b-9721-f79b8a60e811,146488.76,"KES 146,489"
614944f0-c7f7-4b3c-b17f-7aea5b2fe864,5000.0,"KES 5,000"
d8337cb0-c025-41de-882a-d4d57d4672d6,91830.94,"KES 91,831"
77bd7ad6-e191-4ce0-8cec-09f89e0170f5,45006.28,"KES 45,006"
3e51dac7-30c6-42d8-a4c0-0f1b88d061ea,41535.51,"KES 41,536"
052e9309-59fe-4819-9c2b-341d0712a06c,73588.96,"KES 73,589"
a704a4e2-0341-44b2-95d7-0843c40d69db,113769.03,"KES 113,769"
163449c1-1d14-4c0f-9989-04931f1bd2cd,37234.0,"KES 37,234"
24bbcb74-da8d-4b69-9fef-04fab1fb5bd7,5000.0,"KES 5,000"
233bf86a-8a38-480f-a903-a7322d115ab3,78804.53,"KES 78,805"
cd866bbe-13d6-45dd-8d31-f131eab288ab,57341.3,"KES 57,341"
ad706610-1648-4a75-8605-89ff1148e373,5000.0,"KES 5,000"
5ebd5ff6-58ad-4761-9c1f-3ea3c88817fd,64173.81,"KES 64,174"
2c899b14-ef62-490d-949a-906ad832a620,69131.53,"KES 69,132"
3c966ced-0a11-492a-97e3-0cae4cc2b12d,83250.55,"KES 83,251"
b97bc7f4-f19b-495a-99a7-9fb23fdd70a1,5000.0,"KES 5,000"
f5a7d4e2-acaa-4370-998f-0dd07d37ce7b,73884.0,"KES 73,884"
e75be63f-44ef-43c0-bbd3-89c80097ec6e,87898.35,"KES 87,898"
571a8989-60e1-4f05-90cc-57f2e0ea083e,5000.0,"KES 5,000"
082df4ef-5fc1-4719-a558-7f1ebb0fa1cd,149989.41,"KES 149,989"
b5cedad8-dbce-4ea5-9f65-c08ba57a2a2b,105417.25,"KES 105,417"
62d40f67-ba9e-4d17-9ca4-e9c4d6d61bd6,22571.29,"KES 22,571"
a439b182-26b8-4c44-bac9-da0a778f3f8c,51806.85,"KES 51,807"
5007f390-b128-4269-ad35-4a4798e2459e,5000.0,"KES 5,000"
620c89ce-2af8-4e36-a111-da3e133c1140,46824.24,"KES 46,824"
4104ec0d-98fd-48db-969d-a7a35c52e31f,83861.89,"KES 83,862"
d9ddaff4-27f1-42c3-9172-c632f36a0950,121408.74,"KES 121,409"
4894fa78-de7c-412f-90af-16367025d987,29098.17,"KES 29,098"
dd5443f3-ceac-47d2-a908-8f334c91c1fa,101742.3,"KES 101,742"
1060f416-ff7d-452a-8355-f0ac0f156f6f,97729.71,"KES 97,730"
41779a51-ae5a-4ec2-8ba0-9a1b5726614f,62847.91,"KES 62,848"
7314cb16-666c-443c-923d-63cfdc80a415,28853.28,"KES 28,853"
8a150240-104b-45d3-88f3-fdc6a6f5a25c,48002.44,"KES 48,002"
38201d8a-1beb-47ef-a048-b17242778749,61246.44,"KES 61,246"
48c965d8-7af6-4c84-a6af-4144ee8e3db2,124243.83,"KES 124,244"
7646b731-0a6f-4f9e-90a0-a16db9e8b198,139224.76,"KES 139,225"
36baf8f4-ab9f-4f8b-bb10-d83ef0a31fa8,5000.0,"KES 5,000"
53e9c643-c05d-409b-824b-1dc6d971feb0,113042.12,"KES 113,042"
ac54ff81-bbba-44af-9138-1993a9a8480d,5000.0,"KES 5,000"
61e4f426-a8e6-47d6-aca1-c0d1e528fc28,74486.68,"KES 74,487"
ff259524-cc98-4334-b685-1da18229ed4a,116770.9,"KES 116,771"
b75694ce-192a-4d0f-833b-78c205532201,54825.85,"KES 54,826"
6c9a54b8-c8b0-45c2-bb9f-b4576412264e,5000.0,"KES 5,000"
81bd0c9b-3035-4f4f-83bb-775ae73a38a1,16539.5,"KES 16,539"
d6ebcf7b-0d09-422a-aa56-edeec0abd95b,64869.82,"KES 64,870"
3fdca4a4-cd0e-4a9f-a556-4c7fde756f6a,5000.0,"KES 5,000"
3a05a578-e546-4cd4-ab8c-4d7ce322b3b6,146076.3,"KES 146,076"
d537314c-bc45-4343-ae8d-aa3723f9a242,32048.37,"KES 32,048"
8ed224a0-4b32-467b-b6b1-9180f3314101,75315.6,"KES 75,316"
ead27bc2-51a6-4af5-9cf7-00d1e9f7af75,69514.06,"KES 69,514"
bf76a143-1eb9-42f5-bfad-740cb56201be,84663.45,"KES 84,663"
f4f8d742-e89f-4240-ab63-c1c61c1cb77f,148815.21,"KES 148,815"
70cc8065-123e-485a-aad4-7cc4f49291b0,72207.7,"KES 72,208"
1ec809fb-0012-4c7a-8f2f-108642fbaa08,40162.28,"KES 40,162"
d8bc5763-aecf-4256-b17a-81bf76c6d2ba,66351.88,"KES 66,352"
6d1a0361-6402-4c27-837d-827fcf430d60,34670.31,"KES 34,670"
9bca6ac2-ef2e-4f4e-8d5d-083d9fb208f4,57263.92,"KES 57,264"
73398111-cd04-4a62-b78f-9f6ef368fcc5,80387.0,"KES 80,387"
036e9b06-a6bb-4613-abc4-333207839ed7,111728.01,"KES 111,728"
3738267c-d030-483c-864b-c76250fc791f,49413.54,"KES 49,414"
741fda1e-b9c2-454a-9adf-514809db6666,5000.0,"KES 5,000"
c728fe93-fe98-4892-b7e1-9fd7c6a1e9c0,79985.19,"KES 79,985"
c950daad-f325-48eb-95cc-7fa4eeb82bd4,94192.91,"KES 94,193"
0b6d0c89-499d-45df-85f6-6f8ddca010a6,77651.01,"KES 77,651"
aeeb1836-f802-4ae9-93c4-64969daf7553,80717.29,"KES 80,717"
17204d0b-681b-4bb0-be3d-399bfc58eb53,70630.05,"KES 70,630"
245b2f05-c3c4-4dc4-ae1a-b3713df59212,147883.56,"KES 147,884"
1f8abc49-3f66-461c-b415-02ce5de2f68c,67114.54,"KES 67,115"
33158086-7416-4f71-a4da-1c88fa600035,30122.22,"KES 30,122"
fd231dbf-5f5a-40a1-b317-0a247e959b62,53647.52,"KES 53,648"
50445926-1769-4b84-ac79-ec469b89c7ee,80273.16,"KES 80,273"
d4982aba-ad29-4382-be81-c184f1201d64,54558.77,"KES 54,559"
ca594dbd-17b1-4d45-8d47-14133bb058f1,35212.22,"KES 35,212"
970b4b9c-a3ec-4a22-b6d7-6709648344b0,18032.94,"KES 18,033"
e40a45b1-819b-4278-a6c1-09326e91ad62,78220.04,"KES 78,220"
6a960e01-20e7-48b5-890a-12168fd655e3,5000.0,"KES 5,000"
cd414f42-7519-4374-8245-b8660ebf658e,37022.84,"KES 37,023"
52240707-e6aa-49f8-99a3-90dd44ccf9cc,85990.95,"KES 85,991"
b43b6364-cbf3-4f77-8c2c-4cb1cf74b46e,43224.91,"KES 43,225"
a136ff7c-80a8-423d-8443-7a1810375618,147003.38,"KES 147,003"
fad46b94-454d-49fe-9ec2-7a3c50f9b671,32127.91,"KES 32,128"
7cfcf7b0-a9e6-4f05-ba6b-15188c232deb,5000.0,"KES 5,000"
0dd7a613-cc57-4c26-a277-b663300e23d8,5000.0,"KES 5,000"
ec7e0b92-2b29-4e52-b9f2-7ca34ebe0b41,5000.0,"KES 5,000"
b90be22c-1669-4d37-8903-d64d5fd2c8a7,5000.0,"KES 5,000"
ef1ced6c-d955-47f5-afb8-0eda4c4ca686,5000.0,"KES 5,000"
48a733ba-eb54-44dd-8f7e-c77b7841c9e7,86960.12,"KES 86,960"
26026be0-41fa-4dab-a808-a49e8f94675c,26565.67,"KES 26,566"
8777d238-e4a4-4b14-bd58-0b142af5475a,5000.0,"KES 5,000"
8556344d-1ed5-4e6f-8741-1f69cabc3466,45712.95,"KES 45,713"
f526e8e8-b871-415a-b4a8-11acb0d4dfc5,40239.13,"KES 40,239"
0d88a2f6-c8ce-42b5-ba42-9644089789fa,144566.68,"KES 144,567"
4df3f893-fdbf-4e74-83b5-5bfcbd4a4f7c,38213.33,"KES 38,213"
56f857e8-1bd2-492d-974b-d8df07c09ebe,48692.71,"KES 48,693"
f2c24762-a269-4f25-9d62-cca760e48556,55499.61,"KES 55,500"
8b09fb41-5360-46b6-af44-9d642dc902bd,127335.01,"KES 127,335"
be54d9e8-7d19-42c2-9476-7ea54f8e95bb,128714.5,"KES 128,715"
c02143e9-31d7-4f03-8f58-beb899129e58,106989.95,"KES 106,990"
510fcabf-e8e2-4138-bb49-7f014b5d5ce1,57479.88,"KES 57,480"
0f164ba7-117b-49e3-9179-06b4d9c60c47,5000.0,"KES 5,000"
e289162f-2875-45d9-89f8-7e04c5496068,5000.0,"KES 5,000"
dbe76ae8-248d-44e5-b34d-b3120295cce5,137603.48,"KES 137,603"
60be9a9f-5dfa-4a04-8db0-27884ade5961,90797.96,"KES 90,798"
7d27659d-f102-4a4a-b3f2-0c26e8b5ad71,93166.33,"KES 93,166"
1e9cbb94-e395-446c-9709-ffebede1a783,77372.68,"KES 77,373"
64c36d60-3866-4746-9af6-d36f2e4c3c1d,113261.73,"KES 113,262"
e08e69c0-0321-4808-83dd-4bc05be07dfa,101670.67,"KES 101,671"
19f240b5-464b-43bb-a485-f810b5b8b71a,5000.0,"KES 5,000"
28f283b2-fc89-4ec2-9a76-4f32e31b90dd,5000.0,"KES 5,000"
77ef6f79-3324-46ef-8f9d-5962b8f29e0a,59474.18,"KES 59,474"
285af7f6-5eb0-49e0-be07-224f6e006947,5000.0,"KES 5,000"
51e6a099-8312-454a-b80b-afad899187fd,5000.0,"KES 5,000"
3ca527d4-eb18-4d92-88da-33c4f0496db6,145029.67,"KES 145,030"
9cf77fb4-fdc8-4cd2-9794-f935afe65242,112667.08,"KES 112,667"
628feba4-76c6-4624-90aa-82ab051e9881,149760.61,"KES 149,761"
560dd642-1719-429f-a575-b447f0aaab10,105404.14,"KES 105,404"
c54fcc71-ffda-46b6-b48a-4d96f49642c5,142422.15,"KES 142,422"
61e2271a-5e23-406d-918f-cda8f851d1a0,5000.0,"KES 5,000"
6bb943ad-4416-49da-b78f-8e1a8352a1bf,35115.76,"KES 35,116"
2d441425-9b23-43d3-96c0-4c0c3f225ea1,41902.8,"KES 41,903"
ec5a22e9-e996-4cdb-8b0d-e2999a92ac0b,108719.85,"KES 108,720"
d1a725b6-a5db-4bfb-8190-e03cd62827b2,149601.18,"KES 149,601"
aab2ac0f-0dcf-4320-bf18-92d5e87d3b53,5000.0,"KES 5,000"
700a6efb-1a40-4f6f-942b-0214e68f7c9d,28178.5,"KES 28,178"
7cfdf84a-0347-46d4-b9e2-21d6d351f810,110875.62,"KES 110,876"
053c30c2-0e20-4002-9b32-78697e2e1fae,5000.0,"KES 5,000"
63d0a317-0357-4983-82f5-cfbea19c788d,5000.0,"KES 5,000"
0445c0dd-f40e-422d-a6eb-16f568981a9d,40998.72,"KES 40,999"
3d14081d-5f9f-4c08-afc9-cd33d981a918,123901.43,"KES 123,901"
b2b6cd8f-5b78-4c7c-889c-ca91c62c4c20,84817.63,"KES 84,818"
118ac431-320f-4aee-b16c-014e94e42855,92379.26,"KES 92,379"
091bb4d8-9c21-4acb-9fa0-e1c4e10a24dd,144775.15,"KES 144,775"
a0159e6b-c672-490a-bca1-23897c59133d,46556.65,"KES 46,557"
40c9bfd6-a19d-4678-bbd4-01c3757141c2,147291.6,"KES 147,292"
b818f762-53ed-4e8c-b71f-53922a4afd57,147738.91,"KES 147,739"
5d1dcac5-d5bd-4062-9451-d84f3f94441d,74442.17,"KES 74,442"
f24c5239-6e54-433c-bce6-6d1c620fc4ef,103985.83,"KES 103,986"
9da27340-a559-44ea-b931-626c5d312057,90874.76,"KES 90,875"
539a944d-e4cc-4a7e-86b4-1339e56e6779,82690.81,"KES 82,691"
4b9f9169-1fb7-4a1c-8e8d-e85fe715e695,45513.43,"KES 45,513"
96ddc731-8037-4ece-8d95-9250dd6a97ac,5000.0,"KES 5,000"
ec339ba8-6817-4035-9a75-ebdb2e0133c3,87024.86,"KES 87,025"
16531840-b73c-46f2-9738-17aafd95851b,40872.49,"KES 40,872"
57bda81d-40bd-4e38-857a-858888396f9c,99484.28,"KES 99,484"
a4ea35bf-4134-4dfa-9c52-62dbd043cc40,92303.6,"KES 92,304"
11a08692-3861-487c-9771-5d5b16c66693,62692.72,"KES 62,693"
db6aa50b-d3c7-4fe0-89d6-2c7b243cda39,33458.91,"KES 33,459"
c2f95ddd-80cb-4352-9dc7-20784812cae9,103856.38,"KES 103,856"
b0728ea4-2521-43d6-8c2b-7fb0d44e1fe1,49247.65,"KES 49,248"
96d23918-7822-482b-a0b4-526d9cc2dc63,5000.0,"KES 5,000"
7e9b5f76-84d2-4b32-ae1e-d177966818d6,111854.1,"KES 111,854"
9332e876-49a2-4468-b42b-7843ac470244,93039.11,"KES 93,039"
50a3a535-0ffb-4f5b-a372-fac12fe16739,48547.43,"KES 48,547"
65c78fd1-edbb-4b9b-822d-f8da072a9b0b,106011.19,"KES 106,011"
e8925fcf-7c48-45b6-8962-1bb5c0da3d51,138498.8,"KES 138,499"
e84ae40d-803b-43bd-97a2-f659a32178b3,5000.0,"KES 5,000"
929e5552-a4db-4a77-a4e1-ee1110e3488e,76652.74,"KES 76,653"
d958d417-0d7f-4245-8188-da0b89f00f92,5000.0,"KES 5,000"
075ce8a0-6dff-45c7-9aa6-413c16181577,5000.0,"KES 5,000"
6c8081c1-2520-45b9-8f24-b44eb80006f2,73034.38,"KES 73,034"
6ea74509-91fe-4bea-9e64-ede43ee78873,25799.4,"KES 25,799"
00a3e1dc-c50c-4242-a88a-6b5ca5c4017f,5000.0,"KES 5,000"
845faa1a-01ac-4426-bb9e-8ebc7aba4b71,57477.25,"KES 57,477"
dd0d64bc-57f2-4d54-a318-7d5f8293e5da,83255.86,"KES 83,256"
44fbd2e3-b502-4f6c-9826-a837ac52039f,72175.17,"KES 72,175"
c75d662c-d08a-4b50-960f-d92b57a1265a,5000.0,"KES 5,000"
41bd1577-60b9-4d6b-8ad2-8c7baa3315aa,66769.81,"KES 66,770"
08cdb95b-d895-4cdb-89e3-56702cf957f1,5000.0,"KES 5,000"
d3d807d0-7c77-4414-9d5d-b1ad95a8dda9,90926.87,"KES 90,927"
01ee1cb9-64f3-4dc6-8c8a-1ae07c23ce56,147511.31,"KES 147,511"
4adc589d-34a2-4386-b56d-dabcf297d04e,36475.19,"KES 36,475"
95a02911-f453-4a00-a216-0bdb88a586bd,67066.25,"KES 67,066"
54263845-5c00-46fc-ae2f-13d9d7a01f7e,5000.0,"KES 5,000"
26d40d04-b605-4b10-abc2-5d71f6671726,46870.24,"KES 46,870"
a3b5018a-e1cb-4121-b0c4-b237635e4eac,5000.0,"KES 5,000"
7a55e3c5-5cc8-4241-bf61-26cf5618e3a2,56073.42,"KES 56,073"
68b23c9b-46e7-4300-b43b-265b6542e55d,51716.64,"KES 51,717"
ff2409ea-3654-4e45-a643-732aeed8a97e,38252.68,"KES 38,253"
404e40db-563c-4cec-830c-fb9c925cac20,89669.12,"KES 89,669"
8fd2fd34-68d2-4ec5-b5b8-19dcc26a9951,63866.45,"KES 63,866"
27eaee8c-9781-4db7-8c9e-33b0d7e36b77,5000.0,"KES 5,000"
15929ddd-bd70-4cb7-b95c-d89ea0f33704,5000.0,"KES 5,000"
ba7148f8-a0db-4c08-8565-bbafd7f33e0a,29095.1,"KES 29,095"
686cf3dc-a890-4e5a-9201-623d3c347fa2,129944.32,"KES 129,944"
75cf567c-17b9-4dc3-93ce-b0e36c17eafb,89476.04,"KES 89,476"
e7b44bd4-9e7d-43bb-890b-61763b47d899,28080.09,"KES 28,080"
4cad68c0-3966-4276-b6ca-d74828d6e762,46970.66,"KES 46,971"
5e91f88e-c9c2-44ef-859a-e5e69bbacc94,87983.88,"KES 87,984"
e51417ed-56ff-4cc0-8dde-7199918f1f11,40202.44,"KES 40,202"
dba77c69-d435-4a0d-9675-85b9a04bac57,91928.31,"KES 91,928"
6e316f0a-742a-4990-ae77-2adab85ca6b9,85741.8,"KES 85,742"
5e3b1902-c7f0-44c0-b6df-dd00745cccc0,59051.42,"KES 59,051"
38e57d47-e127-4328-8dae-de10a6f1b924,17188.97,"KES 17,189"
f3e15208-d12f-48d5-9934-a457662d0020,53525.05,"KES 53,525"
42428516-8466-446d-bcb3-3f4d445f98aa,5000.0,"KES 5,000"
f8c6764d-3d01-4aec-beba-9abb0214b252,5000.0,"KES 5,000"
7068ccfa-c00c-41da-be94-9cc15a86dc7a,38753.01,"KES 38,753"
ee8c419e-943f-496b-b1c8-e43498f649cd,139884.1,"KES 139,884"
b0cfbc83-302a-462b-ae54-6faf02c252f1,45924.21,"KES 45,924"
1ac639ea-b839-4b92-9695-c59f0f3ca928,135507.65,"KES 135,508"
3b0b2e57-e7ba-4f03-af28-2f0b909f4eaa,45526.87,"KES 45,527"
6153f5de-0122-4d5a-81cd-f319e247942c,105446.78,"KES 105,447"
699d44d5-9b7c-418c-ac8a-9766e5557c7e,32254.55,"KES 32,255"
5e8e8c8b-7fb1-4e6d-a1eb-66c0ca5edfaf,63919.91,"KES 63,920"
4e4f191f-40e7-4217-b3a3-814cb958e5e0,5000.0,"KES 5,000"
8e59249d-e1f4-4eb5-bd74-e2886917a04a,133992.7,"KES 133,993"
5bb01eac-9496-44f5-a4cd-fbaddc0f2293,83318.77,"KES 83,319"
3d35dd3e-8406-4461-a727-906973d6a5b0,5000.0,"KES 5,000"
9add152a-1daa-4e0a-8082-fea8cc4727a7,58185.09,"KES 58,185"
9fc72b09-03aa-4997-8873-67c702bcdb24,88756.67,"KES 88,757"
72657eb8-a66f-4602-a50b-8a3a9cd19d7f,28946.15,"KES 28,946"
299e7781-cc2b-4d00-9195-58efee9ef05f,5000.0,"KES 5,000"
9b8a9f55-6f30-4b5e-8242-75de99c136c9,76938.12,"KES 76,938"
6bb7aa53-102f-434b-b461-5c315ed080c4,29967.16,"KES 29,967"
29a1bb4d-2fd2-4fb9-931c-1985e4b47ad7,5000.0,"KES 5,000"
013a6712-3b62-446d-914f-317bc0fde3e1,148647.26,"KES 148,647"
5bf4ed7d-4234-4f4c-a4df-37ed0921795a,5000.0,"KES 5,000"
d6f010d6-ef40-41d7-95be-0701c4d6aaca,121212.86,"KES 121,213"
8c009974-7a53-4f35-b180-0a6308f3516f,141363.56,"KES 141,364"
667c8bc1-5f7f-457e-9b30-ac5a86fcb2f5,149921.94,"KES 149,922"
b8cb3c6b-82f0-4b1d-8ad6-8e60ab7cc67c,95799.32,"KES 95,799"
937fc347-4979-4bb2-99df-c7943c83d8ac,42860.28,"KES 42,860"
59709960-53e1-4807-a7d2-7bff4254b09a,5000.0,"KES 5,000"
f4408747-cae3-4601-9c35-209c1cbea4c7,5000.0,"KES 5,000"
aee382a3-435a-47dd-9025-461e9d91a9fb,5000.0,"KES 5,000"
3d58aa42-947e-4991-bba5-7cf25146a5a2,119759.74,"KES 119,760"
636f1395-08ac-4d1c-a633-17d9f601f18c,94590.39,"KES 94,590"
ceaa64aa-4c3d-49de-a522-69073bcf120c,98350.17,"KES 98,350"
f49e0b89-b369-437b-85cd-88a9901f392d,65642.63,"KES 65,643"
76615d60-5b55-45fe-b2ac-12cf640334f9,76511.75,"KES 76,512"
ecc52c94-b6b5-440d-a3dd-0e863d5ad596,34606.99,"KES 34,607"
23b907ea-b85c-43f1-9e4d-cdbccf4c418e,88511.27,"KES 88,511"
10ab7fc4-b5d3-4de2-b425-2106a1d418ae,36376.83,"KES 36,377"
141fcaee-599d-4ce3-babb-58d68307c7a4,79428.87,"KES 79,429"
a5288057-683b-44d0-ba17-ee9ab6d6f992,82760.52,"KES 82,761"
4ed3129b-d0e3-4949-a2fc-5f6bcfe2112c,50781.84,"KES 50,782"
7140df5d-36ae-41be-99a1-e4574ed75278,119552.54,"KES 119,553"
671bb8bc-bd53-436d-89c5-94927a3f495f,5000.0,"KES 5,000"
69488cb4-e35c-4314-a4c0-e26a6fdadbca,142616.6,"KES 142,617"
85b53d7e-6d3e-4c42-bdeb-309c55b35b84,49393.21,"KES 49,393"
4d19b9df-b66b-4c04-b492-5c18ce30489c,41877.68,"KES 41,878"
9384f44a-2a16-4f67-a7dc-e18b8ddfee6e,75672.48,"KES 75,672"
7bd7df34-b752-4dee-9b22-34678baa6ea5,80700.97,"KES 80,701"
5e8bd5f0-d7e6-4148-92d9-e334e24bb787,123105.93,"KES 123,106"
30f4ce05-f131-40d9-b222-8ad3fb7be562,92631.49,"KES 92,631"
8f9c4582-7cf4-49fe-a084-e15675ae62b7,44833.25,"KES 44,833"
575aa052-c8ba-4e4f-9dfc-0526487c85e2,5000.0,"KES 5,000"
0f86a0fb-225c-4ec5-9bc9-cee3d27816f6,89168.56,"KES 89,169"
d999bc57-2e91-4f0a-9f98-3773f39a02f5,149436.38,"KES 149,436"
ae3bdd65-c8a5-4cd5-9dd6-0c20f76377e1,149135.57,"KES 149,136"
f1e1e56c-2dbd-4eb3-8b72-dca9d6e4b028,125345.78,"KES 125,346"
73800f86-f499-4510-946a-0c5c725d1cb3,5000.0,"KES 5,000"
67bc3455-f21c-4c0a-bcf8-85260f8eeb1b,77363.04,"KES 77,363"
a442ceba-15a4-46d7-b4a4-ec8d41b7acc8,5000.0,"KES 5,000"
be54d8be-96a5-44a2-8ca6-c58fbcf6e067,49143.89,"KES 49,144"
0414e8ed-1b9b-45fe-8592-5ba8f83ba47c,5000.0,"KES 5,000"
3b0822d7-f070-42ed-a308-1b080de625ca,83197.15,"KES 83,197"
b31126e6-111a-48ed-84d5-e52d23427c50,61651.99,"KES 61,652"
1d620f47-fd57-45d7-b719-51be9b44a2a5,82556.76,"KES 82,557"
808b9679-a023-4cf8-99df-21f345dcf05d,77522.31,"KES 77,522"
5f40b473-5407-42d5-80fd-574cd9b5d204,5000.0,"KES 5,000"
535194bd-a3e1-4566-ad70-de973e76aaeb,5000.0,"KES 5,000"
ba822b40-35bc-4b2d-b39a-1c3177dfdfd4,30913.68,"KES 30,914"
7edd7097-d32d-4e50-89e7-143d4b425f8f,66230.37,"KES 66,230"
59ac836d-266d-4145-9f5d-d27c7c58cc7d,70312.36,"KES 70,312"
2059c709-83c1-4492-964a-9118885867c5,72565.15,"KES 72,565"
42c4bb56-39c3-42e8-a6ce-3b84349d68da,5000.0,"KES 5,000"
6e9d84dd-7946-4685-aa0d-9b8c3306468b,5000.0,"KES 5,000"
488d5908-766b-4395-9fb6-43a89fbd565d,5000.0,"KES 5,000"
101ae8d1-6fd7-4eee-a55f-6329563e39e2,129510.12,"KES 129,510"
8732172f-b8f4-44d4-aea9-512060004000,5000.0,"KES 5,000"
cb316d09-7b42-42cf-b37c-692fc36210fa,5000.0,"KES 5,000"
0eddff50-05d1-43a3-b3fd-8fb1c1bbc1da,149172.05,"KES 149,172"
3c083cca-6af0-4e3b-8b9e-5d26625ba035,5000.0,"KES 5,000"
79343fe5-3c95-4592-94f1-1729423a4b76,60453.18,"KES 60,453"
25917b1a-f46d-4849-9ee9-f66b148312af,61852.97,"KES 61,853"
71986dfc-861b-4160-8d7d-e48b4ac2564d,5000.0,"KES 5,000"
a3e7ebc7-328a-499b-adb3-9e054a54fbf0,5000.0,"KES 5,000"
09ca455d-7233-42a3-8101-6fb404c9a56c,149113.9,"KES 149,114"
5d5eb0a4-fe81-4818-ba1b-471383b41a8d,84071.26,"KES 84,071"
1dc5680b-7b8d-4d3d-82a6-07e51547c37b,104800.68,"KES 104,801"
61554d44-011d-43d9-b0ed-70a98f9281e5,15194.95,"KES 15,195"
6111a38f-a2ff-441b-85c8-e0dec9347f79,39930.85,"KES 39,931"
c76c2bb2-9bf7-4fe5-9b05-2bc0eec7ddf9,148853.03,"KES 148,853"
9a2b9629-d03b-4d43-92aa-3883853d133a,69969.08,"KES 69,969"
2f70f3f5-0fea-4912-8c0f-95c47f96c420,53017.45,"KES 53,017"
46f7fb42-5c7c-4741-a34c-de45fc9ce12c,78636.02,"KES 78,636"
5ffae263-0c44-41c2-a9f3-557f0f7d38c6,55112.26,"KES 55,112"
f6b052d6-f3f9-49f0-9b1b-b7171ad3b278,48524.7,"KES 48,525"
e4ec5f2a-894f-4329-b75c-99c3aff22cb4,117531.13,"KES 117,531"
97057436-7f07-4292-b939-6a0bdc594f63,80505.57,"KES 80,506"
cdd5e5ca-1297-4ae2-97eb-2609b6e4460b,5000.0,"KES 5,000"
1fd69cfe-2f6b-4c39-a97e-ce517a3a3904,19107.67,"KES 19,108"
6c8832e0-7a78-4f18-88bb-2ccf3377bd81,33650.43,"KES 33,650"
86cb3f65-2f37-4209-90ac-f5e896afc9d1,76032.54,"KES 76,033"
6a3b106e-8395-4933-9fff-9c3640037e4f,70190.48,"KES 70,190"
1c0ed87e-1959-428c-bab2-8d401d9367e9,30162.72,"KES 30,163"
c51fdad2-7c25-400b-b835-d38b598977ea,24672.33,"KES 24,672"
67ae0e63-104d-4afa-a99c-288d156f9900,68265.77,"KES 68,266"
4757a52b-2dd0-431b-8f0d-d640cc3b8f3b,37975.8,"KES 37,976"
86db1354-5276-4a9c-ac25-4a6beb07b62f,133240.34,"KES 133,240"
59040202-fd8a-44e3-8cd8-2bf387333706,79485.3,"KES 79,485"
1b0eb9a4-36cb-4d2d-ac44-8da63dcd4765,101762.8,"KES 101,763"
a991d5e0-e36e-439a-bbf2-a8e8cfcfebbe,108583.22,"KES 108,583"
5e5c5ea8-6a38-48de-89ff-9c1fc1b632f6,5000.0,"KES 5,000"
acc66229-ae00-4ab8-befd-55c9791ad7e5,38679.07,"KES 38,679"
338cb0c2-290c-4ada-9734-d496fe99bb13,54742.6,"KES 54,743"
314805b5-b7e4-4341-b4de-f193fa3f70eb,128983.58,"KES 128,984"
f8b2cfa9-3261-468c-915a-1401550ee922,5000.0,"KES 5,000"
e0af674f-1d68-46e8-8a46-785eae66a231,70125.61,"KES 70,126"
5d98d5bc-a844-4f6a-a664-8175b4bc7189,75601.85,"KES 75,602"
0d58a42b-339d-43b2-919e-ef12c7217d2f,29567.99,"KES 29,568"
57a55934-e274-4711-a05f-d72bc9af338e,95726.41,"KES 95,726"
0aa4294d-9dc5-4226-b57b-e1618d2f3e00,147836.93,"KES 147,837"
63d10f9e-77cc-481a-98b2-28270956b2cf,98919.11,"KES 98,919"
7dc9ad36-3827-4931-b4ed-925018a9c3a7,33862.52,"KES 33,863"
266ba1fe-1798-4e33-829a-2a8d8160bc82,89582.06,"KES 89,582"
2541c958-b5f4-48a4-9110-0165d4b9d35b,59722.95,"KES 59,723"
92878734-1948-4aee-8869-a8729b89e613,85200.21,"KES 85,200"
a30da5bf-b6ff-457e-a1d5-122972c5349b,42696.06,"KES 42,696"
33d70849-cbe7-44b2-b065-33d0c2db9fb5,27316.56,"KES 27,317"
49b231f8-65ec-4aeb-b7ef-1e1eaf652c80,43287.1,"KES 43,287"
a9f5ac28-7ec5-486a-b285-75239f9af976,5000.0,"KES 5,000"
d61f2538-e781-4669-8f9f-ff6729b785b9,77013.26,"KES 77,013"
7486c216-bfa3-42e2-af1e-88570b93639e,138447.47,"KES 138,447"
dc4ba916-82f5-4d87-b462-bd265b2bbc63,110049.06,"KES 110,049"
3ec33931-bdc8-4b9b-bbdd-9521568afc7a,140021.66,"KES 140,022"
58b4c5c9-39c1-400b-9f26-1656b58186ed,57812.72,"KES 57,813"
96875005-56a1-4ff6-a96d-0715328932ff,29838.7,"KES 29,839"
9116ec67-0a56-46ae-bc02-195abb951a63,79017.15,"KES 79,017"
c8fec655-dea6-4340-a14c-e27b9e435b47,98526.94,"KES 98,527"
c05c2334-9266-4731-9157-d64755451fef,5000.0,"KES 5,000"
fb3d73fc-7094-4562-a778-7a76486e502f,96732.92,"KES 96,733"
310e6344-e5ac-47cf-a714-cc339a8d8914,97081.31,"KES 97,081"
e7953cab-d974-4941-a45f-373746931995,102282.35,"KES 102,282"
9ac9c713-6766-4198-82a6-c8fbb1fb109f,100648.23,"KES 100,648"
3c3032a8-c435-4262-a888-337c4b0b19e5,122387.51,"KES 122,388"
8e211c47-b697-4527-8d09-78b53b7660a2,36836.59,"KES 36,837"
d20c1b93-f043-4652-bff1-ee0660b3a68e,51335.41,"KES 51,335"
0dfa0b7e-0122-4be1-acad-428b97d08cf7,77283.9,"KES 77,284"
c855ed77-0891-4720-a29c-5f2445192a53,37633.62,"KES 37,634"
da385f9f-5ba2-4135-b858-a6dd88636928,68207.63,"KES 68,208"
25d39113-025a-43e5-baa3-905348459e87,127179.61,"KES 127,180"
e9fbc9ff-0ada-4709-b59c-b46043f214fc,42706.07,"KES 42,706"
1741bea7-343a-4e6f-a61d-7372e9b85778,70198.2,"KES 70,198"
500e040f-56ef-4543-9310-ed4763285951,5000.0,"KES 5,000"
1829cb77-f74e-44ba-ba3e-a687dcacfcda,68331.29,"KES 68,331"
4895e483-554a-4cad-aca1-6481f24c3799,5000.0,"KES 5,000"
03c8a50f-5765-496e-bc14-8af8e5ed5059,5000.0,"KES 5,000"
478f0b43-77e5-4a5d-bdbf-9878319f1575,20093.62,"KES 20,094"
2a5a936b-2c86-480e-884f-972877a1d4c6,148738.65,"KES 148,739"
d8cf0075-a11e-4fd7-8ed4-c2bc1de18dcb,107759.74,"KES 107,760"
12cfe54e-49d8-4454-a0fe-a7709f8fdee5,116841.06,"KES 116,841"
a8707bd8-c8bd-4a8a-a843-63d5a97be417,5000.0,"KES 5,000"
0403168e-937b-4653-9873-a0e325ff7812,5000.0,"KES 5,000"
fd050332-48a8-405a-8139-9d313d414c95,31278.12,"KES 31,278"
544fc563-abe6-473a-b8b3-26852fdf3410,141882.29,"KES 141,882"
e87ef43c-431a-4cb2-8840-081f1025ef37,38280.78,"KES 38,281"
9f85643e-2094-4cf5-b65c-33a74533ad24,96407.57,"KES 96,408"
550cd044-d4ea-497b-9163-072b4d4041ec,93138.13,"KES 93,138"
a98ada2f-7988-459e-8305-29d11cf34287,81666.11,"KES 81,666"
f1aaa9bd-00b4-4e7c-b289-96bc70f8b123,17331.26,"KES 17,331"
f2a9f98d-82e8-4e5c-83f7-7022d801df4b,75501.1,"KES 75,501"
d32c9225-a4c3-4c60-9efb-37778afd7f01,104823.0,"KES 104,823"
846eedc9-7cc5-43a6-bdd3-6bb68375e84f,63399.85,"KES 63,400"
e3b7fc68-89a2-4bea-b48b-f094e5c72a80,149789.5,"KES 149,790"
6653a879-e2b6-4894-9852-324260d99956,101456.85,"KES 101,457"
fa3a9145-b280-4b73-b26d-e2cd0bd3f98f,82026.21,"KES 82,026"
d2e99662-b096-452b-9553-1ab60a92822c,62757.75,"KES 62,758"
677bfa8b-6c00-4a6e-997d-cb6afd1f05e6,113797.18,"KES 113,797"
968b14f5-71a1-4fdb-b634-1262eaf4eadb,5000.0,"KES 5,000"
2b9681d8-5ed3-4d64-b3ce-2ce8d80b21ca,95944.71,"KES 95,945"
44408120-d253-4c0f-b078-06030ad68732,146188.45,"KES 146,188"
ce857474-a89b-4919-9283-de48b480719e,5000.0,"KES 5,000"
2021661a-f997-43f8-be0c-18d010751038,124399.21,"KES 124,399"
a6c0e092-5a32-4fab-8d5e-e7aca0552980,132311.0,"KES 132,311"
ef8088e3-2574-452d-8b80-d44099834495,105698.33,"KES 105,698"
fcc76ab7-0380-4574-84b1-8d90f977e109,55136.58,"KES 55,137"
37329ee6-b645-47b7-a240-6ad873e53416,54195.11,"KES 54,195"
333528f8-5915-4beb-ab44-9fd843a5b07d,87291.96,"KES 87,292"
78304f35-f2c6-410e-9ee1-65a78072b1ec,59622.25,"KES 59,622"
24cecafb-ac89-46c8-8f69-0a77da1ed6df,63237.8,"KES 63,238"
bdd4b533-b630-476c-8068-03a3264a6f2f,92111.38,"KES 92,111"
d9e5ee8e-ff87-415f-ad40-886c6d85e0bf,49565.32,"KES 49,565"
e5b4f6a4-67f9-4ad5-9c39-bc7e64411eb5,147067.13,"KES 147,067"
2f72b835-760b-4252-99d6-4f8d04bdc71a,102460.53,"KES 102,461"
ffe3701d-36fd-4874-b400-7a9ab583c6bc,32213.85,"KES 32,214"
af856fd9-7a31-4c4d-97d1-7b766076d3d3,5000.0,"KES 5,000"
da3f1899-77a9-4237-b264-b04197c394ce,49926.3,"KES 49,926"
1c9bb906-dd0f-4888-9bf4-003c60bff61d,5000.0,"KES 5,000"
c58f2edf-e616-415e-92b9-bed62f5a8a0a,113428.6,"KES 113,429"
3fd5e0e2-c51d-4e4b-a595-5902c0a3ab9f,105778.69,"KES 105,779"
0823c6b3-20d5-4e7e-9593-b56613a3c575,95574.17,"KES 95,574"
f001d7b1-91a2-49bb-8417-a4c4a26806bb,75739.38,"KES 75,739"
2d0ec1bd-7591-44c3-a3aa-ad2a8d476aec,51096.94,"KES 51,097"
5b461bda-ddc7-46d6-a65f-781fc0da8ef5,125914.59,"KES 125,915"
410fb926-baa4-4997-83b7-914f0076a962,98189.86,"KES 98,190"
9a9368a4-ab5d-4c69-b80a-af9fbb1eef30,96945.37,"KES 96,945"
82b152dd-642b-4ad9-9db4-2d27e49919b7,124900.18,"KES 124,900"
f001b8b9-c9a3-4dbc-b1a9-5d2e94e916a8,21756.98,"KES 21,757"
8c729881-4be4-4869-8177-8b360cb2782d,89981.84,"KES 89,982"
d3b2d716-0c5c-4cde-b295-905bd43f4a05,81869.46,"KES 81,869"
aed5a241-0d68-48ae-98bb-8f444d66448c,93780.83,"KES 93,781"
aa303e25-3918-4a22-8cde-40296525173f,5000.0,"KES 5,000"
cec3529f-881e-4ef9-9337-95fced2d1f1f,51765.15,"KES 51,765"
771652a4-a3b5-47be-a58a-f8d55d5f7e2c,136294.62,"KES 136,295"
5ba9d543-a7f5-4933-a014-551e80890dd5,95735.57,"KES 95,736"
49a93e08-c91a-4ed6-83db-7ddd68e78684,100916.0,"KES 100,916"
20d69d40-27cc-40e8-97c8-d43d64eff48b,76379.36,"KES 76,379"
fb2c6e95-5770-4fd5-a4ae-e93f32a6a50a,97727.45,"KES 97,727"
57ab4a7b-0a1a-4d9d-9295-6d9597f7e2d5,29168.44,"KES 29,168"
0d0a0b99-153d-47b8-b12a-1868fded9cdf,117085.19,"KES 117,085"
909bcc4f-80a4-4176-b170-9ea87f0135e9,5000.0,"KES 5,000"
5ca70555-3537-4270-b699-551b4083b621,70143.56,"KES 70,144"
85544536-61e5-4434-9216-120d42fe2de5,24098.47,"KES 24,098"
3cc5be28-573d-4819-a46e-b114195f65ce,45292.72,"KES 45,293"
a60c46c3-4eda-42ce-881c-9a1a532d1414,5000.0,"KES 5,000"
f39c5c62-3ea2-4e51-b961-6043386d10fa,93780.43,"KES 93,780"
b3a27d1d-7c91-427f-aa81-db35dffa68ee,49024.95,"KES 49,025"
84193fe6-5672-41cd-a25d-adaaba738e8c,100080.09,"KES 100,080"
5f3b5848-b91a-43c8-8070-cc896ba1e62b,28217.45,"KES 28,217"
9a10fa30-d80e-4b51-9059-103063b967f0,97170.77,"KES 97,171"
7206c655-ecb4-43f7-80fe-16593794bcd4,86546.79,"KES 86,547"
2019386d-63a3-466d-8138-7786b07924ef,148646.86,"KES 148,647"
7cd190f0-8326-4632-91e3-4ed97d17a1e9,68129.71,"KES 68,130"
7a94d40a-3bee-493c-9eca-4ef93354e49a,109181.48,"KES 109,181"
b5c8100f-fd7a-4ef0-a2e1-30d9dc2f1491,72528.87,"KES 72,529"
5d9446ba-8db5-4363-8802-6af7891858dc,60520.28,"KES 60,520"
04c969e3-ba0d-4bb1-922b-c8425ab21237,97764.94,"KES 97,765"
c9a8b558-3add-4b27-a61d-06377e29f683,24620.46,"KES 24,620"
759c2172-f533-4e2c-8d10-8d1c98d32a9a,18760.38,"KES 18,760"
5a6dab9a-bd0b-4db9-b19f-43dda94f5078,80923.75,"KES 80,924"
c54b5148-86bd-4490-9dc3-c5efc9c9241f,87138.58,"KES 87,139"
7d02c0d3-0b30-49aa-9a8d-8a69f0cc687c,73318.5,"KES 73,319"
9a193c87-cd35-49ca-9fe5-263c5f3beffc,83501.59,"KES 83,502"
7acdbff9-80c4-4e98-b973-1a6401179142,5000.0,"KES 5,000"
4ae4949c-fe97-4db2-91f9-3b3d108b3c79,5000.0,"KES 5,000"
33e9d6de-dfc6-44cd-8dd9-f5ce981b8cfd,68217.61,"KES 68,218"
5b3258eb-ac9a-4e45-bdc2-05f016c1afe2,128937.68,"KES 128,938"
94ee5b03-c30f-4346-8cfb-9ecacc6b94f4,87357.93,"KES 87,358"
0eb203be-2494-4a0f-afa7-6003a540c56d,49919.5,"KES 49,919"
be44a2f5-637d-4fa1-9251-ce4b7ac8df98,62532.75,"KES 62,533"
a7f5cda5-33d2-4ae1-927e-457dbacf329f,59120.22,"KES 59,120"
e09a4bc6-b75d-4e82-bb4c-a67ab5d3ad22,74200.77,"KES 74,201"
2f0e181b-5f28-4861-9d36-165446c575eb,5000.0,"KES 5,000"
72284ba0-667d-4199-b60c-81371a3fdad7,53260.26,"KES 53,260"
8f1ed76f-5d66-430d-a25b-52651448020a,63951.91,"KES 63,952"
1820328e-25b0-470f-850d-68e25e6542b3,25340.2,"KES 25,340"
875f4ad4-f0c3-4b5d-a477-3312a5be6ddf,5000.0,"KES 5,000"
632504f7-38e8-4418-9106-0cf6971e2b71,22063.26,"KES 22,063"
7db13c56-df19-470e-b81e-c8e90c0f00b4,141470.4,"KES 141,470"
5d402ae3-d070-4689-b92a-da0105be7c9e,5000.0,"KES 5,000"
6aa184d4-4a55-493a-ab30-35501c91ddda,25241.33,"KES 25,241"
95915c06-3117-43b6-b544-95717e3041d1,83744.63,"KES 83,745"
40337911-1290-4a19-b753-d6a0f95cc34d,56264.4,"KES 56,264"
a3cfafe2-a3ff-462f-b63c-08f500fccbb6,69525.59,"KES 69,526"
dab04689-0d31-4366-b6eb-ab654ea8b5a4,59447.56,"KES 59,448"
e60ad0ce-60f2-417d-bb30-e365cae8c229,149336.46,"KES 149,336"
29347c10-c13e-4956-95c6-f0b64817c976,102131.1,"KES 102,131"
f1be1e18-68c1-4664-b71f-e13e6d5a7f1d,52598.73,"KES 52,599"
e107c0ee-14a7-404f-9e33-739cbba9df81,5000.0,"KES 5,000"
d78a3d64-4471-45b9-acce-9857c14ea714,83451.54,"KES 83,452"
23696c26-2fa7-4cc5-828a-4503af7d89f7,145709.94,"KES 145,710"
09be9f4b-2cb5-4fb2-9848-f31c2ef2c355,5000.0,"KES 5,000"
0564723c-8762-4f24-89fb-689b5d47ee95,30050.43,"KES 30,050"
7aa0810a-621b-464f-9a27-f34ab013f53f,45559.66,"KES 45,560"
dd570c52-7b9e-4b4c-b28f-cfdeddecafdb,149971.47,"KES 149,971"
0dfc153d-6291-4604-8550-31eb97b000f2,5000.0,"KES 5,000"
ce1235b9-48b1-4b6d-a173-b0e5543de3fc,30202.57,"KES 30,203"
7b6b9d91-a862-4c7a-80be-466f0fe76db9,140424.43,"KES 140,424"
6fbc7d34-892f-4ff1-baa3-eed5c5c03e31,15793.02,"KES 15,793"
f9bb4ded-1276-4fd8-ba3d-7921515d51a1,55781.35,"KES 55,781"
128b7c8c-a0ab-4f82-9966-9ac33b188014,5000.0,"KES 5,000"
891f462e-e387-42ca-8fcb-90e1d304bd9e,5000.0,"KES 5,000"
b37f6f12-223c-46fe-bd81-1fcda8128caa,5000.0,"KES 5,000"
ad8cb018-5ee1-4c0a-b818-bfa386ea7b90,86267.08,"KES 86,267"
3f3363c7-4c45-4ad2-b817-4f29673f4a6f,130254.45,"KES 130,254"
f075a741-8871-4254-bd97-f72a2483700b,5000.0,"KES 5,000"
66b4a860-75c7-44c7-b13c-d677c15adc23,120155.03,"KES 120,155"
b1424246-f610-439d-81a7-f5b26c125bb2,34631.84,"KES 34,632"
1b125444-3acd-4198-b0a4-9283d718143d,77936.5,"KES 77,937"
0b762f62-928d-4f73-b713-d5f4159e0d34,5000.0,"KES 5,000"
ebfb48a9-33ec-4734-b64b-7ea95ca7110e,44160.69,"KES 44,161"
8ffce3d5-6b20-41da-a243-18fa6429c5ad,103360.32,"KES 103,360"
16d9227c-1d5b-4c92-91a6-6050843f5b6b,87858.53,"KES 87,859"
a7dd737f-fb98-452b-9c2b-588e9b8c84bf,46864.07,"KES 46,864"
c96937f5-ab29-4457-9577-6b0aa39143af,77867.87,"KES 77,868"
df8737f5-bed2-49fb-81d2-5f161c6143b4,147325.44,"KES 147,325"
8fb8488e-23ea-40de-b8f0-ee935014b2fc,81485.13,"KES 81,485"
a49566f7-9b44-4283-bf92-472541f27617,74727.84,"KES 74,728"
15021e74-482f-4893-b51c-df190080f1ab,48095.73,"KES 48,096"
47f4c95c-5a2b-4665-ba58-a4a9173ec852,5522.56,"KES 5,523"
380b2c5c-2bca-4f22-81a6-daee018b56ee,50294.29,"KES 50,294"
64eb7698-8784-495a-a33f-bd82679aeaad,5000.0,"KES 5,000"
51292685-2be7-40b2-bb7f-37ed995cb5b5,5000.0,"KES 5,000"
43ad9793-1926-459e-908c-42b7bbf43023,61556.9,"KES 61,557"
8023327a-b0b4-48ba-bcbc-0dd1c77d7595,39562.48,"KES 39,562"
9a841098-e739-44ba-99ba-11d6fda966e1,41880.65,"KES 41,881"
90aeb5ae-3dfa-49f0-9689-efcbfe75fbbe,84958.84,"KES 84,959"
29ae0151-1f0a-4652-afda-7a7cf01ae91d,45932.34,"KES 45,932"
e8890249-09da-4c21-b84f-438bc4acbf76,78839.02,"KES 78,839"
4985fc25-e7ee-4cff-ac81-52625d9882c0,95512.12,"KES 95,512"
8a59c067-6599-4001-8691-63e217296d51,51698.35,"KES 51,698"
e327a859-3cd1-4498-bca1-f74030871b1b,20840.91,"KES 20,841"
1b61ae1e-807b-4cfe-b4b9-84f668633052,34286.43,"KES 34,286"
b49abada-4a05-4c53-96bd-bf1f439bf3d5,5000.0,"KES 5,000"
7c7b31a9-fefa-45f6-9e3d-a7def5ab6644,5000.0,"KES 5,000"
4e869160-e88e-4d05-bd2f-b7a41545b130,94833.13,"KES 94,833"
3e303cb8-491f-40ad-9f62-7fa50810f8b0,91894.44,"KES 91,894"
b5db3aa0-4d78-40cd-a032-6b0e15adc632,110632.13,"KES 110,632"
0f726d65-ac0a-49cc-be93-350ece32257e,5000.0,"KES 5,000"
0c10ea55-9249-4a3c-a35c-0fc3a27fdb73,5000.0,"KES 5,000"
ced04529-b610-40cb-9477-24de827a8ded,19750.87,"KES 19,751"
766ae8d9-4fcf-4937-8326-df3697ff4a75,105917.0,"KES 105,917"
9dc0c77b-e843-4865-835f-c6163c4d67af,77727.04,"KES 77,727"
20a8a8e5-4c85-40e5-89a8-3ae910decfed,37582.55,"KES 37,583"
535563b7-af25-4292-915f-3e2dd7a8660d,86679.65,"KES 86,680"
6b0af56c-4596-4cdf-a3ee-067196888390,114678.4,"KES 114,678"
c399484c-2582-4659-bf77-48c1b65fc2f7,36670.31,"KES 36,670"
7b9555ba-2d46-466d-ac50-e69a58236e27,135587.53,"KES 135,588"
e421ac50-c14a-4515-81fa-a30f57b2577d,47771.01,"KES 47,771"
d088f543-ebd2-4e16-8398-2503f614b8b9,107669.49,"KES 107,669"
083c291a-d568-4cca-83de-845b151a68e3,96571.41,"KES 96,571"
6845763e-2da2-41c9-b092-94967b7da646,102925.85,"KES 102,926"
bac5acc2-923d-461a-8ff9-4c659e125b61,146460.98,"KES 146,461"
6177611c-64ea-42dc-8919-eb21667b3415,145718.15,"KES 145,718"
f05b865e-732e-4cac-9866-1927e6eea2b4,5000.0,"KES 5,000"
7ea39eb9-2141-4732-8a93-2758e704a7b3,75420.81,"KES 75,421"
b89ceb6b-de72-440e-94db-571a9137e9a6,116588.08,"KES 116,588"
47d4f320-c0f9-43fd-806b-40056e8a4b17,58801.29,"KES 58,801"
8651b669-b536-4e3f-b292-6317911df669,42074.56,"KES 42,075"
af8d9788-9367-4f68-931b-615bb0d71777,82296.75,"KES 82,297"
fc5dc729-771d-4875-a03c-cff1abcc1867,119007.55,"KES 119,008"
a4683745-de02-4f1c-b3fd-150d96e582d0,30068.5,"KES 30,068"
d4684a66-d8e5-4260-9252-510f32e308d8,5130.37,"KES 5,130"
3a19af7b-32b9-462f-80c7-7fe7041b12ba,144809.57,"KES 144,810"
c26d6910-0546-4074-956f-1afb2f395901,51287.62,"KES 51,288"
8ebc9117-7359-4017-a529-5e74143deb47,71726.36,"KES 71,726"
22006c14-fc22-49ee-83fd-d4a13e7f7962,56324.54,"KES 56,325"
2b8a99f2-a9ed-4fd0-a3be-ad571b42a892,42632.46,"KES 42,632"
4e6db26d-b48a-4378-a7ed-7107911f2428,44463.02,"KES 44,463"
433d7213-b79f-4681-98a1-28bf829e1ae9,5000.0,"KES 5,000"
4de719c7-2e99-46e1-a2f3-9d6e35b417d0,53108.99,"KES 53,109"
c8fb7418-b207-48df-a0b0-044df4017749,95987.18,"KES 95,987"
360ffa8e-80d1-4e53-a225-3ecab28f78ba,67238.37,"KES 67,238"
5ddfcd87-ae5b-4e6f-9515-70e8daff4361,149706.79,"KES 149,707"
f219dd02-a787-44b3-8f8f-7d9003833162,132467.11,"KES 132,467"
89cfb86a-5af7-4acf-b182-4b5f4e5da3de,88077.94,"KES 88,078"
f06c5df9-0daa-4517-bbae-2e083c58743d,76270.89,"KES 76,271"
6ae910f0-3573-4115-b49a-6bd27a254ab6,35684.24,"KES 35,684"
768363ce-04d1-4b4e-aaec-35509d07600c,141918.05,"KES 141,918"
d1113667-79b3-4869-882c-dda3557688bc,5000.0,"KES 5,000"
7b089667-ce1c-43e1-80c0-0d0ada2ef36c,62126.31,"KES 62,126"
534aabc9-1bc9-4dcb-9751-a70091217e5f,114281.16,"KES 114,281"
5f931e07-5fe9-4816-8dbe-5da700abe6b6,37558.12,"KES 37,558"
d3a2edfe-b24c-4a38-864d-ac8c97307691,149074.22,"KES 149,074"
b9b90259-5125-4f1e-addc-41128d5552e2,32020.0,"KES 32,020"
e12d4a1b-3319-4f8d-8f44-aefbb8d5c0df,75680.75,"KES 75,681"
47314991-de71-4954-b17f-a23422c59448,82913.21,"KES 82,913"
f3964383-7f65-4ee7-a3e9-d82547086497,86662.98,"KES 86,663"
d85aeb6f-3c2d-4cf6-8db5-d6fe38d6b995,104337.29,"KES 104,337"
38cf24b0-5fb0-4555-af67-5e8a3fe1b06f,148583.27,"KES 148,583"
431b32ce-5b21-4a2e-a5c8-a4ae02809c52,111368.01,"KES 111,368"
3eae4679-3275-421f-af81-544506491e42,65558.45,"KES 65,558"
cea796c1-5fda-4340-9cdd-0a8ed2356b67,129116.16,"KES 129,116"
52eee199-f17f-4af7-adf1-52a4ae0371c9,142565.76,"KES 142,566"
7fbb3186-bae5-4a79-8861-e184c28f65ba,121091.43,"KES 121,091"
08407ee3-ef00-4829-a472-9375275d32c2,44614.06,"KES 44,614"
e641716e-ddf6-474b-b6ca-6436a311eead,79503.69,"KES 79,504"
27933428-8c7a-4f7f-bf1e-4d5045cd5fad,27596.03,"KES 27,596"
7fa695f0-dfe0-4c76-b001-7e2a10180ec2,5000.0,"KES 5,000"
a97f3cac-0213-4860-9dc1-a023ba55a4c8,116015.93,"KES 116,016"
15fb0194-295b-4596-80a1-23b5471dfc6b,143612.29,"KES 143,612"
2855de99-1cfd-4632-8b85-c8e01c129eb5,6160.68,"KES 6,161"
b355c82c-565c-451f-adc8-31e662bfefcd,80714.76,"KES 80,715"
f861031f-563a-4b90-85f9-aeec53b327ed,105036.39,"KES 105,036"
44fc8960-ab84-40a4-b156-24b468cbca8c,5000.0,"KES 5,000"
46c99778-7c17-4de7-8065-cba16c725c42,53812.47,"KES 53,812"
e78ed81b-0bdd-46ea-ba62-a178e17df295,79294.59,"KES 79,295"
171d86a8-696e-414b-832c-d3d6804c2388,72436.7,"KES 72,437"
09c4e34c-cd4d-4c0e-b76c-9bbedf98f909,5000.0,"KES 5,000"
742c119e-6e9c-4641-bf77-ba94fef17194,110719.85,"KES 110,720"
9dce265f-599b-4fc7-8cb4-357266c781ac,59528.12,"KES 59,528"
e558d9db-487c-469a-80aa-982f30414581,62127.79,"KES 62,128"
6278161d-6195-462a-a453-752f5a3963ba,128551.43,"KES 128,551"
9459d4d9-99f1-497f-bf06-c5bafaf7fb0f,5000.0,"KES 5,000"
2c3ad6be-c8b0-4768-8fa2-e1924c6eae0e,37687.4,"KES 37,687"
64d642bf-ab0c-4535-b3c8-9b6a482b0d29,128870.98,"KES 128,871"
6bc3cbc4-0950-428e-b80c-718b382c0ffc,69771.62,"KES 69,772"
86dd05ec-195a-4a68-9117-a81e71f36d88,33968.61,"KES 33,969"
70dc9e23-67fb-48c9-baf3-daad439f7f2f,77381.4,"KES 77,381"
cc50bd49-f4f9-4580-b561-3efd54b28866,124623.52,"KES 124,624"
9f8edf9e-88c1-4b7a-9efc-141f51c89d54,48077.46,"KES 48,077"
817340cb-867f-480e-9146-a6dd2e661eb2,57820.94,"KES 57,821"
bcc57c55-eacb-488a-982a-fa0a98f902ff,88774.29,"KES 88,774"
d708ac96-0e09-4acc-8ee2-0c184d11d081,33689.99,"KES 33,690"
386e6f0b-6b03-4b8a-a628-0385fa768dba,134261.94,"KES 134,262"
97184a2f-b7a7-4f63-ab74-cbd979daf8d3,5000.0,"KES 5,000"
a2e0e041-4a11-473d-972c-fdf1268d0ad2,5000.0,"KES 5,000"
ebed4588-b296-4c85-b956-dc5c3bab537d,5000.0,"KES 5,000"
5308fd18-4fbd-4d43-afbd-c8be5dc707b5,47224.15,"KES 47,224"
0d630517-d068-41eb-b833-0347a291ac46,88671.26,"KES 88,671"
d953e02b-393b-4b77-8b4e-9d1bd406d79f,41559.25,"KES 41,559"
dec18926-db74-44f9-9a62-3cc4a2233490,57369.88,"KES 57,370"
4e0a8239-bb01-4786-a4a6-3b13a5a1cca0,56497.68,"KES 56,498"
6cb35f43-e9d6-49c7-b7ea-bbe87aef7f34,59356.97,"KES 59,357"
25750bbe-c7cd-4596-bd8b-d655f37b8aed,36075.26,"KES 36,075"
dcf28305-9a58-44ba-b6a8-42858694c58e,74020.87,"KES 74,021"
459d3233-5f16-4aed-b3d6-6fae2117ed1d,18667.26,"KES 18,667"
47c1d96a-1afe-4b49-955b-4b2b084c1e53,5000.0,"KES 5,000"
01d17eb5-99a6-451b-887f-ab5d5fd2d922,5000.0,"KES 5,000"
45f72ee0-cd16-4bf2-8c27-5db5b6bdb9d7,109789.65,"KES 109,790"
2531ecb6-a887-4a6f-874b-49f127ef4ffc,140375.58,"KES 140,376"
a8a9e6fb-6f8b-4220-9fdb-5c4352b47aaa,60298.0,"KES 60,298"
9f8b7e41-07e8-45eb-8a7b-d0baa46ebe09,72565.67,"KES 72,566"
ad49165e-bc6d-4a86-987c-561ff55bf086,22346.79,"KES 22,347"
332ed0ce-e92a-4b56-8893-f05edbe2a08f,43269.34,"KES 43,269"
71235778-34f0-4baf-b5d7-fce1a9bad0f4,5000.0,"KES 5,000"
903337ed-4687-4e2a-9661-2be91d299600,48301.79,"KES 48,302"
85f0be84-5c19-49ee-938f-86f02d1aa34e,85236.04,"KES 85,236"
13c0f100-4379-4f1b-ac01-7e189c29fba7,81529.78,"KES 81,530"
bb727397-6e85-4d80-9d76-eebc8f2e1ddf,102504.55,"KES 102,505"
8db0c4f7-2b1d-4017-9382-d220997b3f75,86230.54,"KES 86,231"
1dc2d37c-aa78-4fc7-98fd-8eeab24b08c8,5000.0,"KES 5,000"
9dafddaa-3d16-482a-a96a-8bf3848b2145,111098.41,"KES 111,098"
cafea4a0-d1f8-495b-89dc-a4aaaabe5c12,128604.73,"KES 128,605"
dc7aeded-d314-451d-b393-71963959dcc0,5000.0,"KES 5,000"
d9fff207-4389-4564-977e-71caf710a899,105434.41,"KES 105,434"
3ac50e74-2157-4f18-ab2b-1cdd8ced2065,98797.05,"KES 98,797"
91eef316-fb55-4557-8b30-2b46a25ee7a3,34312.33,"KES 34,312"
29765f4a-2679-4c9d-b29e-87ef3fa44b92,112004.41,"KES 112,004"
6f33411c-029b-4277-b8a0-41153e07f9da,91060.69,"KES 91,061"
4c98a04e-7d2a-4f3c-8aa8-6293621a8b66,63071.52,"KES 63,072"
21717125-32d1-4c78-8943-69232c0925d2,95248.31,"KES 95,248"
e3db4c0a-9263-44d7-bb0c-a31a14908296,29709.61,"KES 29,710"
37570b1b-b74c-49b5-8b66-18d673088700,5000.0,"KES 5,000"
6e4e2da7-cb16-4e6b-9ca1-29839f40e849,148413.17,"KES 148,413"
1adb9570-edbd-4421-8b3f-565503903236,46348.03,"KES 46,348"
8e1aad8d-21b3-4534-92f9-db33ccfaa238,5000.0,"KES 5,000"
81939d6c-1f5a-4902-89cf-c829e87b3a7a,81316.2,"KES 81,316"
d65aa51e-5680-4e80-b870-ed78639b7f29,66723.33,"KES 66,723"
6609ec5a-7c55-4b6e-976f-85ca020da715,68089.67,"KES 68,090"
0076c5ed-f671-4b3a-bd6d-5f96dd9def73,82790.06,"KES 82,790"
c2b4c538-2d5b-4f37-90df-25343f128372,5000.0,"KES 5,000"
5c601901-2afb-452f-bdd9-7a072bdd1b07,69373.51,"KES 69,374"
f03a1830-5b4f-44dc-ac62-92b2202ab45e,110272.25,"KES 110,272"
f92f9bcb-82da-437f-81a3-b03bb6667ff2,91297.98,"KES 91,298"
46ef8040-0d02-488f-b1bc-d4f4c9771f26,95415.31,"KES 95,415"
822d1875-b36b-4ef8-a316-658cb6ab56f8,70938.42,"KES 70,938"
b921b4ea-c56b-4891-9d56-fc5ee1dbf833,71572.12,"KES 71,572"
0b26b638-68de-4663-8dac-101e0611d245,36494.77,"KES 36,495"
d70b4db5-48a1-4030-b882-c4f9d7d9ddfa,112550.17,"KES 112,550"
e7e0596c-f3ee-47a6-a272-5e58fe445791,5000.0,"KES 5,000"
303938bd-6032-462a-905d-93334cd07c90,28965.02,"KES 28,965"
a1498a25-3401-4560-9a05-cfde030c719d,5000.0,"KES 5,000"
635cdda8-ad69-4cb0-8fb3-413e7450a3ec,5000.0,"KES 5,000"
c480047c-cce6-4127-8880-35eedff0bb83,23972.29,"KES 23,972"
d9abd286-e781-4a35-8851-970007fe1ff7,5000.0,"KES 5,000"
81a0a52a-11df-44b1-998f-2e1e033cdabf,93636.71,"KES 93,637"
7230572a-7bea-40d2-a6d8-5a452bf76e26,21525.46,"KES 21,525"
c48d1493-c163-40b2-bef7-0b56a1d64def,97726.94,"KES 97,727"
06e26e38-8161-44cb-b094-d1e4529809c9,5000.0,"KES 5,000"
ca384b47-af61-4e06-a7d3-8774b2360a5e,60620.54,"KES 60,621"
b1d25e1e-b232-4609-9058-2fd0ad6b0fe6,73803.31,"KES 73,803"
6cfaba80-843c-4fc3-972e-c1c2b82f00a4,106345.65,"KES 106,346"
ad5076bb-da22-4c5e-bd3e-5b64214a8a9a,129187.64,"KES 129,188"
fe3e2489-dd9c-423c-b3d3-fb6eec2467a8,5000.0,"KES 5,000"
2b6f3f7e-4d62-42a0-9454-a5c5f2d016c9,39691.58,"KES 39,692"
c83bf3d8-4a4d-45a9-a2e5-45a0c1a4f148,114486.15,"KES 114,486"
cd031bcf-1b77-4f7a-a2fd-1b3ced2ff385,123310.92,"KES 123,311"
835f8404-c35a-4909-80f5-e03ace4faf4d,94266.26,"KES 94,266"
1331e472-605d-4d99-a374-e1d3946cc05e,5000.0,"KES 5,000"
d956afa2-ec38-47eb-bad2-b4464b72c12a,148760.44,"KES 148,760"
e262d683-2e1c-4777-bd42-2d3220de3fe5,115224.84,"KES 115,225"
9debc736-db95-42d0-a578-39dcb3c1063e,5000.0,"KES 5,000"
038daf33-02b9-40ee-abda-c501ba7a14f5,112598.45,"KES 112,598"
d3e1a7e4-8217-4d88-bc55-477292dc4303,126523.79,"KES 126,524"
ad28866d-a5e8-4532-ad40-d88818335103,97916.09,"KES 97,916"
dfec3a74-0e13-4977-94c0-9668916b9856,134633.47,"KES 134,633"
505cdf6b-2e21-4a6c-be84-e1c4178d9bdd,62220.71,"KES 62,221"
9a47d342-19cf-44eb-abb5-4242bc760635,35115.77,"KES 35,116"
6d59510b-8d18-48ff-aa6d-5382783af8a5,5000.0,"KES 5,000"
3975118a-a85c-4caa-82a6-ffcaeffe8c00,74941.89,"KES 74,942"
d72dac23-c4d5-40eb-b339-6308ea579439,132266.98,"KES 132,267"
aae21aa3-3abf-4bf8-8362-4c9bbc937a45,41874.77,"KES 41,875"
2db8b468-446b-40fa-b68e-1af787e9721a,148405.64,"KES 148,406"
11e67054-3d2a-4831-9a10-9815a205599a,52708.39,"KES 52,708"
5fb6edee-e0f0-431e-8728-14f31fa5d3ee,40069.78,"KES 40,070"
b079b329-5166-4aaa-939e-540a222f8e3c,80663.45,"KES 80,663"
8ef443ae-8c50-490d-b35f-39ad3e88c748,5000.0,"KES 5,000"
5e2a2953-9461-4022-9613-9a9bcd23ebe8,90955.33,"KES 90,955"
6e3d90b4-24ec-40c8-a1ed-1c575492dc36,62736.27,"KES 62,736"
38e166e7-7cf4-4bfe-9469-e2ac91f89b5a,65878.87,"KES 65,879"
1df8ad25-6893-4eb6-b094-7c4344b77f24,5000.0,"KES 5,000"
9dc71aaf-798f-4068-b2ca-d8778626c7c2,35432.05,"KES 35,432"
b49ef5b9-0b93-4d34-bbb7-a5ac7c012f16,22798.92,"KES 22,799"
72879495-7a84-4eae-a463-a6ad21d452b0,78076.28,"KES 78,076"
bb4a748c-34fd-4150-ae9e-3ce7586d4a0d,66741.02,"KES 66,741"
78908a22-cfd0-4fa2-9e98-86f3db9df494,82995.07,"KES 82,995"
5af3524b-b541-4395-8c8c-58296922e4ed,127562.12,"KES 127,562"
96bd758c-0084-41a4-83fd-95e33046a1db,66904.48,"KES 66,904"
47e16e72-1665-4edf-a73a-ec85c5c594b5,70844.98,"KES 70,845"
64bd2b37-cf6c-4827-9529-152c26181a4d,115096.95,"KES 115,097"
24cce37a-08fe-4a59-8825-3253c9e3734f,78527.47,"KES 78,527"
921e6d1f-c714-4467-9bb6-0c1bf8c9c8a1,5000.0,"KES 5,000"
16bb1d54-3d7c-4543-b702-80bd4dcd42e5,72520.13,"KES 72,520"
8e9f059b-d4ec-43a4-8b7a-d6f8205a0cd9,71761.93,"KES 71,762"
39e21e78-b4fa-4f95-a018-24b3b8c1f07e,145408.92,"KES 145,409"
9b142868-afc4-4c71-8ff0-20529544bf89,5000.0,"KES 5,000"
e68465ae-6286-46c2-8310-63e86b10b87c,58929.19,"KES 58,929"
bbabf680-dc11-4617-aeb6-6268d8e13f2c,5000.0,"KES 5,000"
c94e4614-2f4f-451b-8134-3a6c0fb18dfe,86650.13,"KES 86,650"
264232a3-4851-4e1f-aec9-7e765f48f78d,70452.04,"KES 70,452"
b488fb6d-d505-4579-b707-d4c529657de0,39121.07,"KES 39,121"
ff919663-97a6-43b7-b150-d7251fc9fdf0,81277.96,"KES 81,278"
96641799-75d8-4b12-99fc-8ab52fd77d1a,5000.0,"KES 5,000"
4dc0e107-2b20-4e94-9996-eacfa6b676d1,71717.32,"KES 71,717"
b8bfec8a-da7e-4fac-b852-07645087fc23,86915.17,"KES 86,915"
87cef90b-d08f-4b36-89a3-24544dad606c,32014.44,"KES 32,014"
aa87001b-71c5-4524-b3df-322120accce7,29112.99,"KES 29,113"
12e22781-ff5e-4ef8-ace6-d4ebf288232f,45803.82,"KES 45,804"
1be116bc-7a74-4ae7-9fcb-3fcb01a9f522,5000.0,"KES 5,000"
59589545-3d22-45ff-be47-942bbd3b45b8,66537.49,"KES 66,537"
3b62236f-de73-4516-8292-17236129e2bd,54181.28,"KES 54,181"
3de5b4a6-1e4b-4672-afd0-a634282c9287,113620.18,"KES 113,620"
9b546478-a1f0-49c5-8fd9-1878e83ca8b1,5000.0,"KES 5,000"
b9adb277-9bf2-48c6-b776-3530c043681c,59002.81,"KES 59,003"
73384958-9a21-4b7e-9ef1-1a9c2cf2c99f,5000.0,"KES 5,000"
fa777980-f860-41d9-a7ef-5434ddb0d3f7,139404.41,"KES 139,404"
3b414c2d-03b0-4cab-8314-e3c684f03105,37163.8,"KES 37,164"
494c7e9b-9d97-47d8-9233-9e7c8b03cc08,23581.68,"KES 23,582"
3ba9ada5-faec-4fe3-813a-0afc0ca50ce4,34000.48,"KES 34,000"
0fe788a1-9d6b-4b96-9f8e-c86805150ac2,5000.0,"KES 5,000"
2684dfe5-530f-4f34-9e32-f40aeafbfb39,148909.44,"KES 148,909"
bc7452f2-23e4-4afc-9ef0-b115d16a8038,16719.88,"KES 16,720"
7d00e305-79e7-4118-a760-1f2e633f26b6,54158.63,"KES 54,159"
5e2432c7-6313-41ad-97bd-9372f36b153b,64510.59,"KES 64,511"
28efac3b-e69b-447f-9c71-8cfba797ce2a,112788.27,"KES 112,788"
7cb80e7d-189f-4500-9860-acfe962db906,88827.25,"KES 88,827"
ad9cc646-b90d-4a2a-9254-bff403d4cb7d,27848.63,"KES 27,849"
00042ac6-39e8-46f6-83e6-bafdba5ffbe8,39296.53,"KES 39,297"
931ce702-77b4-46da-b747-11b8b1bb33f0,5000.0,"KES 5,000"
de7ddcfd-bb34-48e6-8efc-31157853c2f7,5000.0,"KES 5,000"
30fe0e9c-6df2-46cf-998b-a869c89f8863,5000.0,"KES 5,000"
14efd550-9f44-44a1-bc15-a9f25c8d1d03,113482.14,"KES 113,482"
13b3aec5-72e1-4b38-88f2-f8abb1c83885,71154.39,"KES 71,154"
bd3ef7f0-b820-44b7-a343-a51a335381e2,66054.09,"KES 66,054"
a8d94458-732f-4ea4-a6f1-f71ca64266b5,59689.89,"KES 59,690"
bf09dda0-28c0-4986-baa6-04b08f97c10c,5000.0,"KES 5,000"
6bd92c41-fa4f-4203-92a8-801e04a38ad4,5000.0,"KES 5,000"
38ce7f1c-f812-4f4c-b47c-9dcba2f7bcfe,62368.92,"KES 62,369"
05d4e433-7eba-414c-b8a8-9260c47692b1,5000.0,"KES 5,000"
a32fe2df-9771-4d03-bbdc-5663f4309fbf,94835.83,"KES 94,836"
bf73b20a-219d-48d1-898f-069dc8e54ac7,80745.54,"KES 80,746"
158030e8-7c6e-44a5-a2a5-8968a6175806,33980.49,"KES 33,980"
f2a254f0-f663-44e8-bc2f-a9d7562aa409,48565.13,"KES 48,565"
0c5e11f4-c6b6-4f5e-9764-afc3140d0da6,5000.0,"KES 5,000"
abb8f718-c31d-45d4-bb44-5b21fe6a7ba5,58064.69,"KES 58,065"
47ccce66-5ef7-4a0f-ada1-c4b745c765a3,36644.38,"KES 36,644"
5f41c333-77f1-4df0-aecb-c0732994eb03,130919.49,"KES 130,919"
7f5433d7-2db2-414e-8dd9-df091de80045,77250.66,"KES 77,251"
731b9e27-256c-4a4c-9a53-9cbb6c05eac4,89641.17,"KES 89,641"
9dd2d519-e1f6-4113-8772-03241bf3a7c5,113706.73,"KES 113,707"
0d2d42db-cd7b-4513-a9a7-0261c4b058b4,5000.0,"KES 5,000"
6431659e-30c9-4a6f-bc17-0a46650fd108,15411.33,"KES 15,411"
167913bc-81ad-4a78-a5fb-5b5095be05db,53722.41,"KES 53,722"
0405b98f-eb37-4521-a9ac-ae27ae75d314,5000.0,"KES 5,000"
0136cb41-ba02-4394-8a8a-e06be3be4bdb,52012.59,"KES 52,013"
cd23d660-f526-484e-8f4a-87de048c0cc1,140822.66,"KES 140,823"
69fde8f5-aa8f-4814-9e5b-60e8d3d0b210,81321.76,"KES 81,322"
77314c8b-975c-4011-8c38-6ed95b987ccf,21907.07,"KES 21,907"
2f1d2694-d135-4175-b9d0-ed138508392f,64120.83,"KES 64,121"
3c24e194-3b50-410f-bb62-ae3d7965f28f,57521.15,"KES 57,521"
843af0b3-abf6-4d07-9592-bf2ccc46d819,28497.87,"KES 28,498"
2a4321aa-c791-43e0-b58f-06e9241c3356,23387.67,"KES 23,388"
7da219ba-0a10-4a52-b7da-14a5ef434d02,90042.05,"KES 90,042"
e1db533e-85ac-4fd4-8604-2a58b6c3c2cd,45824.15,"KES 45,824"
1cebc8ea-dbc6-4fde-9639-9aa538dec45d,101404.9,"KES 101,405"
5cba3a25-8eee-43d6-acb1-60ff34a39142,77997.71,"KES 77,998"
db34a3b9-4577-4dab-9291-5fda21c21caf,33729.29,"KES 33,729"
01d6bc66-ab64-45b5-ba37-2b6cc4cd209f,142212.46,"KES 142,212"
94a9d2c3-5f24-43ca-b8f7-41b203feba58,45251.29,"KES 45,251"
95849c90-7497-43a5-bbd8-cb0af22dcf81,25194.57,"KES 25,195"
2d2f77a9-0360-490f-aeb1-72f2a36ad38a,32449.38,"KES 32,449"
8990469e-59ce-45e6-8e0d-45de9e00bf1f,144223.24,"KES 144,223"
6d3e7c9a-c3a0-4c4b-88ad-fe00848bc461,5000.0,"KES 5,000"
a0e20f7f-a9bf-449c-8e20-518205155bdd,80113.42,"KES 80,113"
234fc20e-8da7-4501-bf9c-b8944c4e7486,125898.93,"KES 125,899"
6c15822f-ccd1-4fc7-98e7-1add3ad44f9f,5000.0,"KES 5,000"
315f3600-a84e-47fe-a788-9eea3a82b4c0,5000.0,"KES 5,000"
5aed93f5-fc2b-4ada-aa33-beae426d3190,77050.85,"KES 77,051"
178c6b22-1113-47be-8ff3-e3edd10aad7b,122684.64,"KES 122,685"
f9793a9d-9f77-43c5-965e-0314ddd5c247,61461.81,"KES 61,462"
fb5160d5-664d-4234-9753-eeecc4540ca2,80667.47,"KES 80,667"
e9ee658d-2346-4da1-886b-6495ba462b38,50567.22,"KES 50,567"
c46fb43b-cb62-4268-a03d-1212185d5dd4,5000.0,"KES 5,000"
678ff8b5-d290-410c-9937-44486be808ce,147574.52,"KES 147,575"
4cc3ea2d-c7f0-462f-aa73-17f6436b2127,34272.84,"KES 34,273"
211c78c9-dc42-4c67-903c-ba3a2fbfac1c,71157.76,"KES 71,158"
f0cb36d6-3e9c-442a-953a-72f5aa64e2b0,36701.76,"KES 36,702"
2fc141ed-dcc5-4edd-8b69-188dcc23716c,31526.32,"KES 31,526"
580b2f8b-f8a1-4169-bc97-28cdda01684c,47909.87,"KES 47,910"
d962dd7f-f71a-4b69-89bb-cf019df3c782,5000.0,"KES 5,000"
3e47f643-62bc-4636-8c90-0843c10f4b7b,109373.73,"KES 109,374"
13724ba1-7b7f-4881-8745-6896e5cc2a72,149284.89,"KES 149,285"
5097883a-3f31-4623-9898-74cb4a223f61,97000.6,"KES 97,001"
69f1ab11-f69a-449e-a91c-0b599438f661,55623.8,"KES 55,624"
86f4ebb9-a453-456d-bf67-68c5638f5948,98874.69,"KES 98,875"
86695ec6-c0f2-4b93-b001-8a0d4372bde6,5000.0,"KES 5,000"
88648ff3-2568-4d90-8599-ab9b8ea2c5a7,132003.82,"KES 132,004"
9de42699-fb15-46c2-ac4a-06831d741b0b,84008.94,"KES 84,009"
1fa605a7-0025-48c2-94bc-ee624cd45d33,82191.1,"KES 82,191"
87274d6d-3ef7-4e3f-9b6e-496b3bc45663,5000.0,"KES 5,000"
ebce6302-a0e8-4a0c-9c0b-0278ae42e03b,91111.05,"KES 91,111"
fbcbff16-5f16-4103-90db-10b75f0f3bc1,88266.82,"KES 88,267"
1e65c7ac-a268-4018-b25f-7357392c9c8a,60025.01,"KES 60,025"
66b779b7-b71e-4dc7-97ed-e40901c3a234,92844.58,"KES 92,845"
545db3eb-0e60-4821-b627-c7e713dfd663,37582.53,"KES 37,583"
5a9c13d5-dfa2-4fd4-9a80-52c5eb1dee37,145798.85,"KES 145,799"
54f140d1-e1cb-4259-996b-070412ad26af,5000.0,"KES 5,000"
6b60d98d-9d0d-4ccd-9ac6-bc90ed160810,127486.32,"KES 127,486"
a5bd8187-6eee-450f-a628-d594a8fd2274,5000.0,"KES 5,000"
83a76cbd-94f7-46e7-ad26-f4368a83a336,5000.0,"KES 5,000"
43efa522-be1e-4dc2-8184-afe2ba93f441,111233.46,"KES 111,233"
7d8c4b06-75ba-4fe3-8132-a94a19647a25,146401.0,"KES 146,401"
3bc21f41-6d00-4288-96f4-52b21a01c7cd,78253.24,"KES 78,253"
198a6a1a-5d6c-4d6f-8d10-80a065c7c40e,118823.17,"KES 118,823"
bb41ce29-dea8-4f69-a8dd-bd55af24d5a2,115737.46,"KES 115,737"
0c70a024-b3f0-4bf2-893d-413540867e57,73485.3,"KES 73,485"
7a42eca2-2cdf-4a9d-82f3-0e159d91a07b,29000.23,"KES 29,000"
b62da3cd-d9a4-4cb4-8b1d-c912f8158a4c,106334.38,"KES 106,334"
c116fa61-d33f-4414-a2fd-36bd9fc90e3b,71280.56,"KES 71,281"
86cdc773-2cf7-41c4-84bc-0e55655e0679,5000.0,"KES 5,000"
2935e6a0-18ff-4e4a-9437-8f5ee5c74ba4,42420.53,"KES 42,421"
18fdd80f-3c6f-4fbc-9355-7317ee5bd416,41031.34,"KES 41,031"
70f59d67-a172-466f-87e0-f985a6ac55ac,149716.13,"KES 149,716"
857a667d-12ad-465c-91cf-08f97a3c5ff4,42404.61,"KES 42,405"
e124f54a-d973-4903-a4d7-93805b9088fe,33498.86,"KES 33,499"
73916cca-71ff-47fc-a75c-80f55df77ffa,22160.26,"KES 22,160"
230ef5ab-f31c-4e80-bfe6-721adab2974c,149967.64,"KES 149,968"
61485dde-93cd-4f7b-90af-642e48333bd4,104303.39,"KES 104,303"
47f38326-10e5-443f-ae32-33c36b376c45,120420.36,"KES 120,420"
cb8a1976-9b03-4db4-aea0-f88b62a1271d,5000.0,"KES 5,000"
46b51151-9aec-494d-90ed-36b8e20247f4,75581.49,"KES 75,581"
6a2f1516-cf97-41ff-80ba-ef96e3d478ab,48959.04,"KES 48,959"
07c089f8-8641-435f-849c-182a4af25e48,5000.0,"KES 5,000"
d1509de6-6ea2-420e-aaf6-400750049540,60791.98,"KES 60,792"
b8ee92d8-6c69-4f6d-bea6-0f78230698d8,66210.24,"KES 66,210"
012e6261-02a4-42e9-b764-80d54722282a,51317.86,"KES 51,318"
eff68617-f488-47b5-bf56-778de9e90dc7,142730.8,"KES 142,731"
70144f06-e5fd-478d-b557-2a67d884f598,120841.33,"KES 120,841"
035fcf77-c717-4652-bb52-faf0b69b2a69,79135.66,"KES 79,136"
a94d10b5-1171-4b2b-a4fc-52a74969ca28,149353.55,"KES 149,354"
890ef585-fc12-4a56-a4f9-bbd57d4b3b6f,5000.0,"KES 5,000"
128878c0-70a4-41f5-bae0-b042b9e97b74,77113.43,"KES 77,113"
3831f444-b42c-4b38-a615-09473eb64b41,58565.01,"KES 58,565"
e79331f9-9e26-486d-83b2-6296b10e1b1b,60701.17,"KES 60,701"
7a997251-f1c7-4f04-b58b-dd3d953140f9,83694.07,"KES 83,694"
d57f0c81-37e6-4252-b23f-b54a683e0daa,90587.65,"KES 90,588"
d7ef9f6e-e2ec-4177-814b-a46c879a24d1,62344.18,"KES 62,344"
da7f662a-50e2-427c-b4a3-4bfab8f99bdc,86886.2,"KES 86,886"
bd1689d5-2a18-4f4d-8179-15c1b168d5a3,5000.0,"KES 5,000"
813be66f-6619-45d3-b85e-7f165ca9a6a6,143514.08,"KES 143,514"
248116f1-afcc-4942-ab6c-54e708ba56f9,32653.2,"KES 32,653"
3841c78f-24d0-4835-bd96-d88f8e40374a,53431.71,"KES 53,432"
ef4f31a8-f927-4122-a816-597ac3f6e2d2,5000.0,"KES 5,000"
2b072469-825e-452b-8c04-1c731637eacd,5000.0,"KES 5,000"
01515b72-c8f8-47c8-a235-f3c0bfd11c11,5000.0,"KES 5,000"
212f9168-67f4-4e79-98fb-f5e9e0c8c92a,74526.18,"KES 74,526"
6f3df730-ba2a-421a-bf1a-89f9fa23683c,5000.0,"KES 5,000"
4fd52918-58c8-4068-92e6-88c28467c32c,71308.32,"KES 71,308"
b5b0e451-441c-407c-b111-77c4380ab6e4,69604.92,"KES 69,605"
0f23cbee-0a17-4393-a078-def163267ae6,5000.0,"KES 5,000"
4c4e7741-5b5b-4821-971a-813c08a46fb9,131910.35,"KES 131,910"
05fe81b3-32dd-4221-a0ca-254f2ad88779,23586.81,"KES 23,587"
70484c18-4d90-47e3-829d-d3593f2fe161,109147.69,"KES 109,148"
71df7cb1-16c6-43a1-b078-0350524e3ddf,104993.84,"KES 104,994"
6b01effe-d960-432f-8f78-46c82bec008c,93096.81,"KES 93,097"
2e86cbfb-5702-4e5b-82c5-f3f7857013f5,16485.4,"KES 16,485"
0a8f0c1b-c30f-4b7f-9eef-7fd55cc5baba,44550.49,"KES 44,550"
ce09949d-07d3-4405-b0a6-95eb4f719418,5000.0,"KES 5,000"
beb03ea5-e5d2-47fb-a591-fd36bec7f141,77407.85,"KES 77,408"
e4a64e3c-8abf-4738-95b4-ad6c29fbdc50,5000.0,"KES 5,000"
e2fd5d24-cc10-4a2e-a94e-83dd8313d2c9,5000.0,"KES 5,000"
e2f0eea5-0d3f-464b-8f16-73e7a4a00ec1,121492.65,"KES 121,493"
26ea3ab0-bf8b-4e25-84b9-fa09c1932d8c,60821.02,"KES 60,821"
6ab2b689-8d3b-4d63-8948-87c2a8041207,73968.58,"KES 73,969"
8b7557ee-5fd0-441a-82c4-2345ccf49c4c,36807.0,"KES 36,807"
4efc7377-664c-4f49-a6f4-72f58e017f12,82923.43,"KES 82,923"
8fc1301a-a512-4c25-9842-b200ee573490,81596.81,"KES 81,597"
3ec02237-0d75-40c4-81fb-a8bd78380615,32036.65,"KES 32,037"
a7f5e643-5b99-4db8-b4df-e0678fde7ca0,5000.0,"KES 5,000"
484a46f2-ebd2-4b91-a038-8ff64af5ba05,34805.26,"KES 34,805"
d4ab51f4-fa20-43b6-bd6e-59238151c547,5000.0,"KES 5,000"
39cb806d-4b13-42e6-b864-242712b475b6,50195.16,"KES 50,195"
2969d438-2297-471b-a5d7-54525d6edd17,148410.38,"KES 148,410"
a7a79c0d-2f5a-4d54-af7b-cff3e0d2d342,58043.68,"KES 58,044"
af12d83f-8c47-46da-8de5-c7e926a5dc8c,140669.08,"KES 140,669"
49d5f29e-f03f-4855-9380-37985ff4f619,95332.56,"KES 95,333"
87079ede-60ac-44aa-acf5-90aaa274eb6e,107780.95,"KES 107,781"
125a326a-f4ea-4ed5-9943-bd913ad302a5,78279.1,"KES 78,279"
760126c0-1fd6-450b-b022-8fde93b84947,57266.07,"KES 57,266"
597fd4b0-c760-4043-b1a2-923103a984bf,69314.99,"KES 69,315"
7fef5c01-60b8-4dc7-9824-3f5fe9586820,5000.0,"KES 5,000"
ea54da55-6c08-481b-a3e4-3b2adc83e0d8,5000.0,"KES 5,000"
31637c17-7165-47f9-806b-54d4d6a2dff6,5000.0,"KES 5,000"
e6409282-98ac-4fd6-8ae2-e84ce041e692,93231.33,"KES 93,231"
72aabfe3-b9f4-4720-a2b4-229490ea6d0d,72198.71,"KES 72,199"
f27a41ff-1a12-4538-8960-03595b72eccc,67970.86,"KES 67,971"
ec6ba34b-d7fa-440e-9209-b8436f703ba6,31900.03,"KES 31,900"
35418bad-5584-4cee-848f-bd0e602bb60e,25954.9,"KES 25,955"
1774e413-57a0-43c6-83d9-2275dd9bfe81,102370.23,"KES 102,370"
c9e73b05-70af-4b7c-a3af-6850c3229420,119291.35,"KES 119,291"
386c1075-5610-4893-8501-c8fb57864f3a,123589.83,"KES 123,590"
73a1b9a6-c5e7-4358-be30-fdb75155a50e,72605.81,"KES 72,606"
579a99b0-3b9e-466e-84bf-65ebf2f459f6,53059.76,"KES 53,060"
7a570aac-caef-47bf-a28a-419ce948e490,77375.07,"KES 77,375"
2383c8e7-db1a-4eb4-aacb-b9c1dfe0e675,126378.26,"KES 126,378"
f569280c-513c-4f61-97d3-a134287d134a,144387.0,"KES 144,387"
00b6f189-99e9-4f81-bc20-77ae55b6cc27,74886.13,"KES 74,886"
849d1ecd-3efc-4a6e-a2b0-f9e0379ab1f1,5000.0,"KES 5,000"
6ec77278-da61-4924-ba98-6907cec4fe74,147316.93,"KES 147,317"
522e052d-bebe-4bd8-8c21-aa032df51d34,23721.72,"KES 23,722"
8bd7a7b2-181f-4509-82e3-5759229c27e8,79709.97,"KES 79,710"
90557fc0-389c-4fde-ada7-4ec450e35dbd,5000.0,"KES 5,000"
e597c9ce-3bc7-42e0-921b-b3dd5777447b,5000.0,"KES 5,000"
7237e32d-a464-4560-a317-853d2cbe24b8,32360.9,"KES 32,361"
fe8c9663-1d96-4c2d-a7ed-5be2d1ed874f,5000.0,"KES 5,000"
662fa376-9831-427c-931c-77b2b377e5d5,66538.8,"KES 66,539"
ea15e4bc-dbbc-4f03-b1eb-44ec7bd5ab70,148726.86,"KES 148,727"
9d7d7696-bd53-4854-bb5c-60a8fa3105d0,80726.27,"KES 80,726"
ca685001-e712-459f-a806-8734db0b4f8b,101232.29,"KES 101,232"
dbd7b2e6-5baa-4ad5-9228-8d8d3414ddd4,149331.75,"KES 149,332"
4a3e56e8-b785-4f13-9848-704b6786f9c4,19674.41,"KES 19,674"
d8e21250-cee8-44bf-91ce-f3a7a64c079a,105096.02,"KES 105,096"
d9358a5c-3d22-4996-9302-bfd72f05bab7,5000.0,"KES 5,000"
288d22ab-78af-4c10-8aab-b6fa2b7448f4,56517.1,"KES 56,517"
f3eef90c-1d68-4ed6-85ae-8bee7900dc3f,64748.99,"KES 64,749"
98c9f2b6-09e3-4c01-9eb3-7c611dab49bf,147848.29,"KES 147,848"
57988b8f-8612-4603-b1b6-ae7bb57db6d9,146710.04,"KES 146,710"
5284b4c9-78fa-402f-91cf-23d82ec6600a,148571.97,"KES 148,572"
a386b2cb-1735-4313-87ee-9f6fb041b62c,100989.61,"KES 100,990"
85fb3bf2-1ad8-48f3-bfd4-04335ff10578,5000.0,"KES 5,000"
ac3c5837-56f0-42c2-aa04-a4ddded2e636,76770.08,"KES 76,770"
d6a29854-33fa-41a3-9dfb-da2406c81fed,59290.38,"KES 59,290"
2d6a7acd-d41a-44a5-b719-9e23aa0e607e,5000.0,"KES 5,000"
f0c0e49b-f95c-4a14-8d1a-427c46b5c60b,70492.98,"KES 70,493"
9978a5a0-6ede-4dab-9ce9-11611268db8c,61213.97,"KES 61,214"
39c8d50c-7193-4bb8-96e3-1b68782c2ba7,5000.0,"KES 5,000"
81aaad02-5b82-4baf-b96a-b45d525bfc05,86275.66,"KES 86,276"
004401f9-6cb3-4444-b7f9-4a57688befdb,110663.14,"KES 110,663"
92e35cce-65e8-4318-9519-e2aac18ed707,148899.36,"KES 148,899"
df2f5d37-d914-4340-9f5c-ff8251fbe0e9,70622.48,"KES 70,622"
73434911-e78c-4849-85e9-c3a776f6e652,46588.7,"KES 46,589"
a9476ed6-8147-4de1-af73-30295074ca2f,128483.08,"KES 128,483"
430e9f43-7cae-491c-955d-039cbd2c101e,144118.18,"KES 144,118"
39858e6c-2cb4-4870-8ebb-c09828b2c39b,23593.26,"KES 23,593"
8c329da4-1d82-496b-9f76-bc2af3420d53,5000.0,"KES 5,000"
7658e423-e961-4490-a96d-e76c2f676f32,64842.14,"KES 64,842"
17ca7e9c-fbcc-4741-a8f4-3f2d2380c777,146634.25,"KES 146,634"
cabf5e73-ca15-49b2-a7df-6f0c98ee395b,5000.0,"KES 5,000"
310afaa8-64a2-4bee-a002-e1667e631e3e,80946.2,"KES 80,946"
636a2537-6ee8-4fa9-8e18-3cbf34b65c29,69426.47,"KES 69,426"
90d73f3c-cc75-41e0-a27f-99be35d45991,5000.0,"KES 5,000"
f2f13a8c-c7b6-4413-aca5-a15905d8fc02,5000.0,"KES 5,000"
d46d64b9-fb1c-4d50-b9a0-94814ace1657,41422.87,"KES 41,423"
94b98621-e07e-4aa5-b915-e92c71807e74,147694.46,"KES 147,694"
bf0e866b-e6fe-470f-865c-0301f5c547b9,38198.52,"KES 38,199"
5a900ff6-327c-4c93-b046-fa14edb79db0,5397.08,"KES 5,397"
e3a91d43-b858-4bba-8535-704fdbd6dc5a,33983.04,"KES 33,983"
6250a6cf-1368-462b-a594-278d69c2d185,122150.69,"KES 122,151"
3ec0a70e-dea4-432a-bfbe-3a0e2d6f4505,62737.55,"KES 62,738"
2c7811bb-19a6-43d2-8855-1dd445cd003d,147452.97,"KES 147,453"
bbe2a542-dbb0-43e2-b23d-f5634a2a8d88,53003.67,"KES 53,004"
2c6d5abf-0581-450f-b1b8-892d245c3340,5000.0,"KES 5,000"
26614de5-95b4-4769-b920-bf88f59f2f9a,137905.27,"KES 137,905"
4146b453-8350-4e1c-a773-9389e61cccea,71592.86,"KES 71,593"
5218a00e-a0f5-4ffe-a5aa-4d3399fb93d6,72110.69,"KES 72,111"
56e6122b-9d02-4437-8d36-cec38b392c42,67468.49,"KES 67,468"
37fd7ad0-56d3-4b03-bed7-2ef3bcb25973,22533.85,"KES 22,534"
738f17ea-4b93-45bb-b585-fd5e13484b77,42406.48,"KES 42,406"
07bedd85-7a71-4be3-9357-25ac78dd7d68,68738.92,"KES 68,739"
a17acac3-9337-4322-a10b-469ecb67e8ac,70440.05,"KES 70,440"
87b543b6-c1bd-42f7-9e59-565ffb979e6d,119904.72,"KES 119,905"
551f164a-7c6b-4ca4-8f34-ffd75bcb5d0a,144872.96,"KES 144,873"
bf39be17-9410-40f5-86c7-cfb15c78ec91,146920.64,"KES 146,921"
ca804d6f-a196-43ab-a9ee-f6b949d58d95,38457.95,"KES 38,458"
49e26f89-1b51-4fc5-a913-1bc0cb010629,66948.51,"KES 66,949"
3659e116-bf8f-42e0-a226-1fda6f4fa2d1,131689.3,"KES 131,689"
2be0bc10-6bbf-4157-af34-52a50fea10eb,5636.37,"KES 5,636"
a8e92355-de61-4fc5-913b-d1781fe87a1c,5000.0,"KES 5,000"
078e3e33-66ab-45dc-b8e4-945a867f0488,5000.0,"KES 5,000"
1f59d947-1d15-4c9c-83a0-ab01b45b7426,5000.0,"KES 5,000"
2d0fe78e-d464-4f33-80c6-2a8b45b63b6b,94009.89,"KES 94,010"
b44e4ed7-f8e3-4151-96bb-44e2bdd8313d,148602.27,"KES 148,602"
76b60a9a-1ab2-4ec3-b327-42548f6d6f9c,145281.12,"KES 145,281"
c1adb87b-a85d-48d8-af14-62d606c30d5a,88817.87,"KES 88,818"
40cdb512-8811-4249-b425-13a3a058e6fb,37343.01,"KES 37,343"
c9c41eb0-d985-433c-bc98-dc671bab7077,5000.0,"KES 5,000"
c82dcdf7-40c5-4c3f-8ea0-2e978ec7bff3,25386.44,"KES 25,386"
2a63fa1f-075d-44f6-a94c-c0e1738fe9a1,74917.16,"KES 74,917"
70d6495c-8e54-414e-9c83-aee22f94326a,5000.0,"KES 5,000"
50cc2f3a-739d-4ca1-825f-cc536ec2bc02,5000.0,"KES 5,000"
00fd5857-cf80-4576-a7ea-66c2f13e0e49,5000.0,"KES 5,000"
8d8343c3-3385-43f6-8189-f560d8f94ff3,65581.42,"KES 65,581"
6f3b6c36-372c-4956-9a93-af9c1d1a94a8,5000.0,"KES 5,000"
6c78fef5-08cc-4c02-bc17-f897c07a725c,71479.99,"KES 71,480"
8c33161b-347e-42c9-b62a-49d73cb0133d,124725.38,"KES 124,725"
d3f6f88a-b22c-43d4-b920-160bc591fdbf,5000.0,"KES 5,000"
af6da2fc-a702-4ec7-95e2-4b6f933cd934,128219.32,"KES 128,219"
96839c38-fac7-4c72-90f4-6d07501cc64d,33103.43,"KES 33,103"
e39eacc6-5544-4484-bb4a-9c1e65da176f,58920.39,"KES 58,920"
139925ac-1463-4735-bb51-a63257f72e9a,124545.05,"KES 124,545"
f0ff8af2-dc48-4cba-afd4-3bacc3ddee3a,148430.09,"KES 148,430"
90189e44-d3e8-4a89-a74d-3d5fe163e841,35944.28,"KES 35,944"
30862a3d-e34e-4cf5-bcd8-c964567eb33a,103731.26,"KES 103,731"
07a595f4-83d6-4fd4-8e71-d4b1defd200c,5000.0,"KES 5,000"
51f1dc30-8d13-4cef-8aa5-d2ba4cca3d6c,67662.11,"KES 67,662"
19a66982-f56f-41c2-9e72-3b86325f88fb,5000.0,"KES 5,000"
d4f3ef6c-fe56-42ae-a1a7-8ae3b3cf9532,49043.04,"KES 49,043"
05feb5b4-7044-4959-868b-0cec14b78cbf,55764.62,"KES 55,765"
ba68b974-1782-4f62-a330-66a932878ab8,72688.84,"KES 72,689"
12646e9d-23d9-491c-862c-d43d348f30ac,74152.82,"KES 74,153"
b4a43518-b52e-40cb-8481-a436ef1b0d84,22571.29,"KES 22,571"
2be3aa7c-8412-4aee-b877-e2a987a530df,68467.45,"KES 68,467"
2dcdf04c-c068-4adf-b0fe-843c2ae3ee1d,82618.15,"KES 82,618"
41d33880-13f1-4348-b6b1-0f2a16e60198,85759.37,"KES 85,759"
f0cd690c-bc8c-40bb-93ce-055d65b32744,142095.55,"KES 142,096"
a1a08aa1-df44-4fca-8c14-8b5458ce3c57,5000.0,"KES 5,000"
a310f255-08b3-49cf-aa5f-7f4eef943b32,84596.41,"KES 84,596"
466d9346-0a9b-477f-96f2-37938d95b488,59630.97,"KES 59,631"
3456c961-5d83-4101-9923-0766ecf45e9b,35135.07,"KES 35,135"
4bdbb281-d2e6-4ca5-b379-14807e63612b,5000.0,"KES 5,000"
ca292a8e-6165-49b6-b95d-f8ec4c874f35,61828.11,"KES 61,828"
574459ba-45ed-435a-bddb-33edd30fa9ac,5000.0,"KES 5,000"
8764aa7f-c090-4e4a-9870-56240afd085f,109516.46,"KES 109,516"
2a113ed5-2207-41b7-8f76-fb0bc2a70900,148650.96,"KES 148,651"
e5c78759-9c19-4722-8ad1-048ceaff71a4,29049.97,"KES 29,050"
93858e46-43e8-408f-b604-59ef88f8b178,75618.68,"KES 75,619"
3c20ccf9-110c-4856-ad51-26d55d19f933,93894.34,"KES 93,894"
fee25c93-ba65-4147-8046-e1b9662165e3,107623.64,"KES 107,624"
6c2a200d-b0b3-4d20-ab87-545f380a857b,24074.44,"KES 24,074"
562a37d2-7a09-40d4-965a-8833bc1029c5,148904.86,"KES 148,905"
19613461-7996-4eee-b3a9-1478b67444bd,5000.0,"KES 5,000"
8079b4b0-27d8-4d3a-b845-cf908fe5bca1,38390.64,"KES 38,391"
9c717117-99df-4d0b-a38a-fc52bb5a2923,145783.84,"KES 145,784"
5d1cddbb-6898-4ccb-bfac-7e20b368f877,85340.5,"KES 85,340"
2d285cb4-7a59-425b-a891-4a2abd652ff2,38636.75,"KES 38,637"
1ce616f6-be0f-4b8b-9e45-56aaa2c5f350,36009.45,"KES 36,009"
d575814e-d6a5-4ddc-ab0d-38ce0c186dd5,137538.22,"KES 137,538"
186f4f2f-5150-451d-b666-019f46478669,65416.36,"KES 65,416"
b2cc9133-dde0-4492-a546-1c830dff2780,26453.62,"KES 26,454"
6170b43b-de90-477b-b04e-d87dc71203cc,71678.25,"KES 71,678"
7ce80ba1-3c66-46fd-9e81-a8f38c5d001d,146846.35,"KES 146,846"
fab6b4ba-e058-4911-bce0-2b6610b71990,115872.91,"KES 115,873"
c4b811cf-1a52-48e0-b7f7-b022240106d0,108997.63,"KES 108,998"
a0709b03-d799-4016-9586-03006972d61f,125378.08,"KES 125,378"
d8f5fc48-cbbc-4847-999d-b3cf2a9ad64c,5000.0,"KES 5,000"
ef0819ff-242e-4987-8585-1c720bb1b3dc,117760.77,"KES 117,761"
09a7671a-1db8-4bf5-a0cf-b3d9b73a6fe1,69795.01,"KES 69,795"
1629290f-58f5-46d3-83cf-ceb02a0b943c,27027.0,"KES 27,027"
7bc837cb-5415-4e9b-a1c4-9712ad515e2d,146226.61,"KES 146,227"
908f3b46-7d5e-409f-b230-f724b55e9050,106557.2,"KES 106,557"
1a5e0535-897c-4332-b60c-1b2baee1e5bf,78998.94,"KES 78,999"
36e1136a-0a89-4653-b8be-a4040bd098bf,5000.0,"KES 5,000"
d22f2eff-75a2-43f3-be65-f2b5bae36315,89648.89,"KES 89,649"
fc125dc5-cfda-42b9-9631-eb9b4cc10cd4,42127.0,"KES 42,127"
975f4661-421b-47bc-baf0-d749e1f61129,61793.47,"KES 61,793"
a5011d7f-eb35-423f-b091-c09c765aa389,76497.35,"KES 76,497"
1f4e1029-86c6-497a-863e-ec4406b52786,104602.17,"KES 104,602"
b166b762-7603-4e32-bcab-ed5227e60379,34801.16,"KES 34,801"
599fec57-9186-4d44-8330-84dda0c12a59,83464.3,"KES 83,464"
dfa13fa4-7546-4691-98d7-b70dff417217,108819.82,"KES 108,820"
46ec9409-d40a-4663-a751-a1946bdf3d4d,74679.56,"KES 74,680"
6cb4b10f-bec7-4eb7-99a3-78037ae32062,5000.0,"KES 5,000"
e3db5ed7-d9f0-4481-8570-23d3525c4023,53072.03,"KES 53,072"
ba9d6634-e5fc-419b-870d-5dd79e16b1aa,149764.87,"KES 149,765"
5deb2bca-091a-405d-9850-cb18b588e74c,83687.69,"KES 83,688"
5e6fa3c9-09b7-4516-b32e-053334e94be7,93388.63,"KES 93,389"
92da9abd-83f4-4364-8144-80ca21376b39,117087.37,"KES 117,087"
f91396ef-5a97-4711-aa25-4ebe7dd04a8f,62560.42,"KES 62,560"
92af6886-e2bf-43d1-8386-c5c9a1db779d,5000.0,"KES 5,000"
8acc7fc9-4dd3-4d05-adcb-114b7be1d033,102424.68,"KES 102,425"
36b1ecb2-8035-45c8-979a-0bb77abb434b,5000.0,"KES 5,000"
1f98922f-bd49-477f-81e9-2d7c22883c85,14605.85,"KES 14,606"
eef12f8b-d936-440d-b1b9-bae99a23013a,86179.38,"KES 86,179"
851af470-aedc-4fef-9171-ede8f4c732f6,80569.3,"KES 80,569"
e567ad0a-11eb-4cca-9dca-ce9f08c13601,23384.09,"KES 23,384"
a22dfb22-694b-42c6-a320-49765d6d62f1,42555.0,"KES 42,555"
0543e70d-7a3a-4417-8f21-b954f36a815e,97283.88,"KES 97,284"
d76f82e4-1245-43ba-bee2-62ace3844122,5000.0,"KES 5,000"
e886f444-3d3d-4841-b4f9-cfc6bbe7132d,100769.03,"KES 100,769"
ebfca85b-d5aa-4cbe-86ee-64cd54d4693a,24547.33,"KES 24,547"
c9c3be0e-d154-4796-a474-f913e17a9043,39326.13,"KES 39,326"
ff32047f-4406-4a95-9ff9-62bb33a0896e,98857.38,"KES 98,857"
ff44003b-4fb5-421a-8a3f-35ee6e85ebd9,58936.95,"KES 58,937"
a9de83d9-f310-419a-908c-f9f2905b2145,149586.75,"KES 149,587"
0973483c-3a67-4e58-8829-9e522252286e,5000.0,"KES 5,000"
c84cc4bd-3bed-4980-8f41-fd67f96e6502,5000.0,"KES 5,000"
c3e3a40d-4552-42d1-adc7-ffae9166e3c9,33973.89,"KES 33,974"
4b51bccb-630e-4489-82cb-ffb0eabd76aa,5000.0,"KES 5,000"
280cea73-76e1-4f67-b7fe-aea1b68a3ede,120388.38,"KES 120,388"
130af5bb-2d1b-4d6b-b5a6-f0b8644e8a27,65896.2,"KES 65,896"
6b985f87-afb7-4d75-afff-53bf2f45772b,87608.41,"KES 87,608"
1336609c-f983-43fc-a02b-43a5744e30c5,31494.04,"KES 31,494"
da563972-a6cf-4d16-b1cf-a651a42924d1,5000.0,"KES 5,000"
526906f7-80ee-43e8-8d33-6d633b8641a4,68342.15,"KES 68,342"
88c79618-29e3-4695-ac55-07fd27d44287,61715.22,"KES 61,715"
8b8a76a7-1fd0-4402-b5de-3095e36dca9f,27803.67,"KES 27,804"
873ae357-88da-47e1-a8d1-0c8f269858e7,40861.2,"KES 40,861"
80d1f40d-0098-48e1-aeb2-e12bf85e0bc9,74276.75,"KES 74,277"
274622f2-99fd-4f83-a3bf-ac37dfb4bb76,5000.0,"KES 5,000"
55dce443-b1e4-43a0-afe9-fa84e86bab70,45762.0,"KES 45,762"
5b1c5d8f-ba22-41b3-b2bb-c600c9ac1af0,71483.21,"KES 71,483"
27481227-3e4a-417a-9759-57d071125911,5000.0,"KES 5,000"
a4c09d58-7006-4d03-ad4c-0be390400c7d,5000.0,"KES 5,000"
d7f627dd-0fc7-4c9c-a50a-c0b27eb5df51,59634.01,"KES 59,634"
3315e6c9-888a-4b83-8552-2caf639a8a6f,136735.9,"KES 136,736"
99f8da5b-efbc-41be-9875-287bfd27cc8a,32303.23,"KES 32,303"
330d9d70-9677-4e97-bd9e-58e35be07b30,5000.0,"KES 5,000"
94ba3199-27fb-4487-bd64-157971ac9c5d,28240.03,"KES 28,240"
9124ba31-c353-47b9-ad01-433dfa2ab473,95101.2,"KES 95,101"
11a4f232-853b-4044-a9c6-acbc6500a7be,139969.96,"KES 139,970"
32ae4582-9158-48f7-ba50-10abaefecff7,87008.45,"KES 87,008"
130e5429-079e-4469-b713-ffbb64a3bbce,121575.36,"KES 121,575"
4b8742cd-a35a-4927-b34e-4bc3577dc737,89283.49,"KES 89,283"
3ce36129-22cf-45b9-be64-cc3acfb2a7cf,149498.69,"KES 149,499"
a4e56bfe-49ef-462d-9ab4-e088016649df,126587.29,"KES 126,587"
7f326799-1c18-460d-b687-8f49694d2f87,22658.77,"KES 22,659"
4fa07292-1924-4169-9128-0705b575b37e,5000.0,"KES 5,000"
2e3db54a-d43a-4ba1-8f3c-340bcd4f4238,30518.42,"KES 30,518"
2e2ab9be-127d-4248-9d40-90d1109dff38,146590.12,"KES 146,590"
7070b033-5236-4cba-bc6b-6e92036c442e,54357.65,"KES 54,358"
8c69c126-8064-4915-8f6e-6192cf41a0d7,43688.34,"KES 43,688"
f53d57f4-7b94-4975-9d2e-47227a7f638e,120951.46,"KES 120,951"
80eb7cae-8507-443f-a3bc-b14708f389b5,5000.0,"KES 5,000"
881a0500-07ee-4cfc-ad0e-93d000a585f1,103943.84,"KES 103,944"
d842770c-1d43-4521-870b-48e65a79b2dc,24761.63,"KES 24,762"
1a86096c-3a0a-43fb-9b03-1ad082ff75e7,119357.26,"KES 119,357"
162ce9d9-5ae0-40da-8238-309fd5a4857d,79888.38,"KES 79,888"
cc1dfcc9-b9a7-42e8-b3d6-750167136dc5,75699.39,"KES 75,699"
ee0e8eff-c93e-4e7f-ba7d-fa7a12af6176,148756.85,"KES 148,757"
5c3c58b9-77de-4825-9120-fdd92d0ff22a,5000.0,"KES 5,000"
ac4a38e2-5ad5-4e06-908f-a05e628bf36b,30666.04,"KES 30,666"
45117a69-b757-4d1e-9343-73ec44e78ba2,65964.48,"KES 65,964"
1e2b0e65-7c54-455a-9791-4f29c38121a2,117393.04,"KES 117,393"
3ea82d9e-b2f8-47d9-97c7-56b5a83724d9,118236.62,"KES 118,237"
541f01ed-5f7c-44ee-aa28-25ebcbdaa605,5000.0,"KES 5,000"
ba921ad1-9e41-47b4-8acf-5bdbdecbddbf,28703.25,"KES 28,703"
4239f3d6-6a7e-4c20-9ef8-7dbda2445757,63177.11,"KES 63,177"
e42109aa-0ae8-4ffb-a478-4212da22431f,37911.52,"KES 37,912"
eef361d8-546c-43e4-956e-c1c73f8c8556,148932.79,"KES 148,933"
f456b072-d8b6-44bc-a99e-ce9466e2f332,52964.37,"KES 52,964"
332d423a-a7e4-4703-aec1-28456506a5f4,91624.75,"KES 91,625"
a6c4d2c8-a3c4-4b32-98cd-c698ecd86f34,43468.04,"KES 43,468"
9b80f76c-24fe-4fe9-ae1b-0e96f93e915f,88643.42,"KES 88,643"
ea56af1e-e4c3-4f74-8ab7-20dfb2f1b1a5,53580.88,"KES 53,581"
3aadad19-d65d-4c31-968a-2082d7ed7b3e,63129.56,"KES 63,130"
2b8e1afd-d352-4300-9c21-462a5d9717dd,5000.0,"KES 5,000"
714a70ca-61a6-45da-9232-c1fb335899ac,42471.87,"KES 42,472"
f71bc08e-07e3-49f0-98f9-a3461d900817,145672.9,"KES 145,673"
7ceaaa5d-68da-4762-b91b-0480a40974b9,5000.0,"KES 5,000"
114931cc-7556-47ac-940c-936776f35629,101467.91,"KES 101,468"
894d6961-507c-4a20-9f19-b87ef0b31cfd,73376.97,"KES 73,377"
800e9b1d-318f-45c9-85ce-4cd2d944c586,41331.37,"KES 41,331"
5a487492-351a-4913-b3d5-9dcbb6061cbc,61863.96,"KES 61,864"
93ed058c-e71e-4b5b-8628-3b367e0a1d55,55137.69,"KES 55,138"
70d39e91-f1c6-42e2-9037-12e26bae588c,125569.82,"KES 125,570"
8481cedc-de1b-48a6-b3f0-ca0368ce5c61,64841.49,"KES 64,841"
f28bae7d-4835-43e4-9e2e-a6128a513ae1,5000.0,"KES 5,000"
b2716adc-2c44-4be9-a9d9-b9710d2960af,5000.0,"KES 5,000"
424cfd72-95f7-40c6-8362-48d9b440e697,84445.17,"KES 84,445"
bfdfa4dd-55df-4a71-89e5-49aa862a2e15,55099.32,"KES 55,099"
9d3d7d80-85ba-4c21-a094-98f885b0a0cc,89140.88,"KES 89,141"
888e2705-8a6e-4080-99f1-bd88bb77516a,5000.0,"KES 5,000"
26a16c74-1ed2-4553-8f61-99df31ee02c1,125384.97,"KES 125,385"
ea203180-1deb-43f0-8256-add64d325fae,5000.0,"KES 5,000"
f9882349-63a0-47b6-9c56-298ffa6a482e,5000.0,"KES 5,000"
df6b3bc9-c815-4111-a355-b503a1865693,5000.0,"KES 5,000"
deddf816-b0b0-42bb-9de9-ac26732cc3cf,62945.69,"KES 62,946"
ffedc15a-491b-47b8-bd80-dea6924a52b5,77427.13,"KES 77,427"
63332973-6d30-4f2d-902d-80b59e40c7a1,93189.08,"KES 93,189"
3af1190d-a7b8-47bc-8049-dc3ff8b69bcf,5000.0,"KES 5,000"
21eb3ba5-cfff-4426-b10c-c242f9408176,5000.0,"KES 5,000"
6456dbb9-bb54-406e-93a7-7f0f8fc7b425,33469.79,"KES 33,470"
cd99321c-a4f0-4a1e-84b2-d28e906441da,90817.13,"KES 90,817"
aa2b28c3-c582-46f1-b5fd-0eb61b802b9d,27149.15,"KES 27,149"
893d128b-0278-4422-9ff5-97374c043043,90268.04,"KES 90,268"
647031e9-6b7d-4829-8ce4-ebfaea19f0ad,77492.59,"KES 77,493"
7910e838-a91a-4faa-8e91-70c083a64004,85535.65,"KES 85,536"
401b3af6-395c-4625-b6e4-089507227b1c,144152.39,"KES 144,152"
00090db5-11ec-42b2-9b56-e7aed232c033,29774.35,"KES 29,774"
b425130a-4f94-4eae-82db-e8de7f2d233c,91885.78,"KES 91,886"
233c7662-229e-4666-94f2-e6f30d8685b4,29083.53,"KES 29,084"
201f4a16-0afa-4114-80f8-59724f9ed91d,112566.07,"KES 112,566"
cb2be844-b598-42a7-b3ac-2ec1f186dadd,5000.0,"KES 5,000"
f98b36a2-7912-4ab9-a12f-3cd90b5ef584,5000.0,"KES 5,000"
6ebabf28-c189-4328-8798-52fded9004a6,44907.43,"KES 44,907"
ea9e924a-5025-4353-822c-26517d0aaa4e,72717.81,"KES 72,718"
e1ec5b6b-055c-4b9d-8383-0a95da482fd6,93420.6,"KES 93,421"
aea9195e-7f5c-4c6a-b3a5-33c0af907883,5000.0,"KES 5,000"
e10aee0d-e5af-4141-9156-6e90af6f5a14,30006.4,"KES 30,006"
b946e86f-b330-4fb4-8e56-7e6eb7fc30f6,5000.0,"KES 5,000"
1bc97bb3-a9e8-4b98-b43f-aa9a6caf8c02,131321.87,"KES 131,322"
c5e73eb5-470a-41f8-8023-b5654aec38ef,88299.01,"KES 88,299"
3c439871-dcaf-49f5-b176-b955dfd42355,5000.0,"KES 5,000"
4be3032c-8dfb-46b4-ba91-a4e8bc256d6b,73987.39,"KES 73,987"
36015711-1891-414b-bb3d-2a1f110af33d,149616.96,"KES 149,617"
fe9a842a-ab4c-4c43-b61f-e141d677f4fd,5000.0,"KES 5,000"
beb22359-c7dd-4fcb-ac98-989e6edbc303,130967.51,"KES 130,968"
6696d54e-72e1-45fe-b41c-bbd29e844bf8,88394.24,"KES 88,394"
c8db660d-0e47-470a-9159-5b29e0bc9a56,55768.03,"KES 55,768"
de93bcd1-2594-4034-9ef1-09ee4426dc4d,140295.15,"KES 140,295"
105bc1cb-9005-409b-8b75-464e18ff1fb2,5000.0,"KES 5,000"
50f72e42-edbb-4c4b-bd95-4427abc337a0,106887.55,"KES 106,888"
dec06381-fed1-4672-8a79-558a76d99c74,118214.92,"KES 118,215"
882553b9-0070-40bd-ace4-513333b9c530,96200.16,"KES 96,200"
0dcda219-cc9f-4256-94f1-4b6fae1d6849,73208.98,"KES 73,209"
052a3f49-ca8c-4f6e-98e9-7b8b84430e90,19511.9,"KES 19,512"
cc065708-f5c3-4329-a7a4-814a7f120492,92765.0,"KES 92,765"
10cedf61-2165-4b0f-90f8-7956dc35bac5,122217.32,"KES 122,217"
3bbc78ac-abce-44dc-877f-b2df2c898f4b,108639.64,"KES 108,640"
c0709360-e7dd-4a6c-9f8d-1317cb83878f,141799.02,"KES 141,799"
e6763485-9e88-4ad4-8255-82d636e04974,5000.0,"KES 5,000"
245c885b-7a7d-45ae-9855-b42913283eea,86049.87,"KES 86,050"
32489b8b-7ef7-4f92-84de-d1952fab6e69,62990.1,"KES 62,990"
00b3e152-45dd-43be-a821-8e2ba9cb166e,66808.4,"KES 66,808"
686f4e4c-ce85-46a8-9cd2-ace649f0f5bc,85716.99,"KES 85,717"
73a1979a-1991-4f14-b25f-4afc586a3e75,5000.0,"KES 5,000"
a43c09c2-bc8c-40ab-81f5-8309d5a69072,57469.13,"KES 57,469"
de0afa5b-c397-4573-b743-3148e1810a43,5000.0,"KES 5,000"
8fa03879-aa33-4936-b0ef-6542e54e3107,102635.0,"KES 102,635"
44627bf9-af61-48b1-8dc0-83854d82820a,5000.0,"KES 5,000"
f99ee11c-0c64-482b-9e80-2871dedc36c4,79021.0,"KES 79,021"
f89ead92-e818-49fd-bd82-2d340a83e385,5000.0,"KES 5,000"
91d6e87c-ae6a-42ad-8eb0-61f04dcba8a1,97527.18,"KES 97,527"
0939762c-8c2f-442c-9188-4968fc056ceb,57686.76,"KES 57,687"
55201382-880c-4f96-aa3d-6a4f01a4f4b7,111127.03,"KES 111,127"
aa31ffb9-dd5c-49f1-bfc9-a4bc7d5d5974,92361.01,"KES 92,361"
67a359d2-2c4a-4b04-bca1-a9a57e8ad557,5000.0,"KES 5,000"
89fd19ff-c2ef-48a0-8f87-87bd6a835a2e,38471.62,"KES 38,472"
30911c00-1be4-48c3-8545-75b07e462e89,109882.24,"KES 109,882"
bf51f03a-1cf6-4346-88db-a8d42ec69745,149232.92,"KES 149,233"
acb4ee7a-1e60-499f-b3e5-59eca337aa20,136727.77,"KES 136,728"
349289c6-98a1-45e7-9e55-9309d867e7b8,5000.0,"KES 5,000"
d771107e-5056-4e06-9f2e-dc34c1703780,79050.87,"KES 79,051"
b109f0f5-c454-42a8-b606-e884a5fd88c2,41507.46,"KES 41,507"
a7adc635-b216-4a6c-8ad5-23dfc48968cc,53997.19,"KES 53,997"
ba15ac53-ad38-4f9e-b3ca-bc6f006eacf7,5000.0,"KES 5,000"
85b49fc1-d24f-4400-8d11-20783e479c48,89144.88,"KES 89,145"
2b2473bf-da44-4776-9309-030e574ce66d,5000.0,"KES 5,000"
26c50529-b588-4dd4-921d-56115e027c38,110802.81,"KES 110,803"
23d2dda6-4cad-406d-9155-cbe4e98882d0,5000.0,"KES 5,000"
447da199-6536-474a-acff-5f74aaeace51,62691.22,"KES 62,691"
0b21abeb-1ceb-4803-9595-f9564fd3aa7e,72182.34,"KES 72,182"
6b1579c0-5923-4dda-9471-7d353ca1033d,80243.19,"KES 80,243"
816a720d-3443-4acf-89c3-d82ab29b5072,31330.12,"KES 31,330"
7a193d11-eaa0-45f4-8cf5-7c215d071eb0,42268.37,"KES 42,268"
c3635b79-825e-4434-899d-db755a2ebb19,54803.46,"KES 54,803"
a5d74d27-7e30-4ba0-b89b-10f4aabc3083,56525.04,"KES 56,525"
3494ce7a-9e11-4081-ad20-4ae880919cf2,58286.48,"KES 58,286"
c98d5d8b-7218-4e35-b0bc-551bf36aecf2,5000.0,"KES 5,000"
ece3558e-099f-40fa-b7f5-52f68b16af6d,5000.0,"KES 5,000"
ddfda66f-1970-4d84-a179-869fcdf40cc6,48374.56,"KES 48,375"
5c0988e4-e9b7-438c-8133-8edc0f70c8db,120855.8,"KES 120,856"
fbd902be-e1e3-4982-be80-4494df352188,5000.0,"KES 5,000"
868d5244-596e-4a40-aef3-37a766ad1072,25112.34,"KES 25,112"
29dd9960-6483-45e0-9300-0827d209aeaf,34247.57,"KES 34,248"
cdfd0ac6-c25a-4152-8200-fe3ab7d0b5e4,86481.37,"KES 86,481"
b0ddab48-d29f-4340-bb22-817e3a3e63ca,83421.71,"KES 83,422"
93d938aa-5c04-4460-a534-719e662129d7,45611.36,"KES 45,611"
785c7b44-950c-4d38-b018-4e9af23f2771,133666.87,"KES 133,667"
c8457514-ec4d-4d90-b50b-1f01834862dc,68802.38,"KES 68,802"
ad7119e0-7bdd-41c2-baa1-8c3c7656ee29,149069.63,"KES 149,070"
c486bf21-5eae-498e-9aaa-d356e63f0d3f,5000.0,"KES 5,000"
d0cc072b-6475-4a77-abe6-027f2b57bbf7,5000.0,"KES 5,000"
e4af5757-04b0-4df8-9110-87d4fff761ef,60889.74,"KES 60,890"
230ebe96-3b9a-4fc2-8fb1-805e46f18a46,24430.98,"KES 24,431"
2171277a-31ad-4b11-9bb3-30446c2ec7a9,144164.87,"KES 144,165"
e17a4eba-706a-4ed3-98d9-3867b725aa83,5000.0,"KES 5,000"
32356477-3c0c-4fb4-b3d1-55dfdde7d12a,55993.45,"KES 55,993"
61cfd0e1-271a-434b-9f93-5fce532a00f5,45357.71,"KES 45,358"
7aa479d3-7244-4d46-b3f3-a07763b967f9,25347.27,"KES 25,347"
d499138b-4935-40e5-913f-1914fc4a460d,64045.58,"KES 64,046"
cb424af3-f598-4744-b88f-993aaa3f1c33,97570.9,"KES 97,571"
7cd06f64-28fa-495c-b257-ce573512414a,113630.45,"KES 113,630"
6d3bf8a7-af86-4a8f-93d7-72d071bd42c0,49966.59,"KES 49,967"
a8a53ce5-43e8-4865-868b-f322f4d4d4b8,5000.0,"KES 5,000"
e1a857d6-4a95-4ca4-9f5c-225a7ab2b9ce,53042.8,"KES 53,043"
a7d3c003-0a49-4a6b-87fb-4db80fb674fe,18328.48,"KES 18,328"
f340c5c3-3704-43ae-9668-58e7d94d0c39,98855.68,"KES 98,856"
2275be9e-2b1e-4047-91fe-a6fc4e3eb81b,71117.75,"KES 71,118"
6fa5833a-6202-4c04-84ff-03bc99ac2627,33159.58,"KES 33,160"
04e92e38-c41e-4396-8d90-d57b4c30a9fc,75370.23,"KES 75,370"
e4f287ea-4a0b-414c-a0a5-971e7c21b3d6,5000.0,"KES 5,000"
dfbdd90e-01e3-4996-a444-0fcb1508d684,38559.14,"KES 38,559"
3dba9b2b-fa05-45a4-8d5b-afa0fdba4f75,48252.82,"KES 48,253"
cbfef3c1-0d10-491f-9d3f-04e13a952f42,93002.62,"KES 93,003"
5b08e464-2c51-4d6f-8fcf-0b16cde8f360,5000.0,"KES 5,000"
271529a4-0032-473b-b450-177524bf06b0,5000.0,"KES 5,000"
8cfd824c-5a17-416e-849f-63003a326e6d,105562.74,"KES 105,563"
2efa632b-1453-4557-adde-6312a4de0da6,71360.62,"KES 71,361"
10801de5-6bd1-4ac6-a6c1-1c9b229f9e84,46312.04,"KES 46,312"
fd4c03c2-67c8-4814-b32f-d59f67c91019,140938.11,"KES 140,938"
cf9b364b-72b8-481a-995f-d4a0ebec6ac8,5000.0,"KES 5,000"
2f75aaef-d378-4c44-81cb-44036d433137,5000.0,"KES 5,000"
39bd6f25-bb36-4f41-b2a5-19b829953235,57519.64,"KES 57,520"
ddc343d8-aff2-4a63-809a-b50eaa5ec82d,5000.0,"KES 5,000"
e1b0c7df-e059-4b47-87f9-a6a9e87ad5f6,63312.41,"KES 63,312"
196399e4-eb73-4bf0-9db8-85293b2f6bd6,55753.68,"KES 55,754"
07058b33-4f16-4c9e-b566-f2950953f2ff,58316.52,"KES 58,317"
1ddc3502-bca9-4ef2-bb6a-bc8aa5e4d712,45590.69,"KES 45,591"
887a7f38-e7c6-42e6-95d5-d3232a7010f5,85887.22,"KES 85,887"
3c6c9790-466a-44a0-9179-2563c1b497ea,82974.7,"KES 82,975"
37c3d6e7-0bd7-42d7-997f-ef17fd768768,42430.91,"KES 42,431"
55d2bfe5-2f55-4336-a97e-38e53931a793,75041.3,"KES 75,041"
49b17430-fddd-4d4b-8613-eebce788a184,5000.0,"KES 5,000"
80d67455-4a23-48a8-ab37-091324f9c12c,24648.66,"KES 24,649"
b765971e-3663-42b1-8420-d22218b3a79d,97472.1,"KES 97,472"
e1a5fb35-aa3c-410f-ae66-8bed334307e6,30113.04,"KES 30,113"
843c67eb-caed-4de3-92b5-81805ee56c0e,5000.0,"KES 5,000"
0b7ec46c-b1bd-47b4-aeb1-a3acdd0f70a9,143100.42,"KES 143,100"
614ce315-b634-4c8b-86c4-0cafd7a1b94b,29134.01,"KES 29,134"
b3815006-ef80-4718-9cbe-e3ffeff695b6,89872.92,"KES 89,873"
1b3e6d21-aa60-4bee-99f6-644aaa2f0301,56972.65,"KES 56,973"
15cf9d20-d908-4c45-8e91-0e84de2c801d,5000.0,"KES 5,000"
b8f364b0-5dad-4cbe-b8c2-1bb0854cc28e,123737.44,"KES 123,737"
f02c5917-3ca6-473e-9a52-12479c53cfe2,45100.36,"KES 45,100"
60e33377-eb44-48e1-991e-087a6cbf1fb0,88650.62,"KES 88,651"
11b61077-b737-418d-a31f-9a1ee6537769,84246.81,"KES 84,247"
03f50c0e-346d-491b-bf30-e873a3055995,88059.05,"KES 88,059"
95e87d6e-2192-4ac2-8407-abb4474dd1eb,37786.3,"KES 37,786"
ed893e56-2a0b-4c64-b497-7dfcc36f3733,69313.1,"KES 69,313"
88ceb9e1-122e-4079-814e-ca5765ce169f,31601.56,"KES 31,602"
b75a44b2-f5b1-4564-b613-1854591b60d5,5000.0,"KES 5,000"
e9592206-1cf5-45b1-904b-e795c2727df1,142060.81,"KES 142,061"
8c618d2b-012e-43b8-9499-6e20a996644f,67828.42,"KES 67,828"
73453eb5-516b-4277-bb24-4e2b229774fa,94441.59,"KES 94,442"
504c67a7-e991-45a9-8feb-5e15bab0ce60,79235.74,"KES 79,236"
e98f1fd9-f303-4ec5-96c0-9680c09b5a9d,149934.36,"KES 149,934"
491fcc58-162a-4411-a2f0-6d59cdd7aeba,5000.0,"KES 5,000"
02befd56-98e7-468d-bd72-2630ccfc1977,50909.21,"KES 50,909"
b9f92cf7-595c-4e2f-9b0d-5795ea67c775,75931.41,"KES 75,931"
c5153120-0ca4-40fc-a24e-456e9e86db24,36020.95,"KES 36,021"
afc3f3cf-ec5e-4405-b5ea-46059a1c2db4,45038.37,"KES 45,038"
94a7591e-617e-411f-83f8-9d245f8d9ff6,141137.09,"KES 141,137"
cb297b18-0e97-4314-b26a-1354d3ea034f,130055.22,"KES 130,055"
0b6f62bd-6495-4fb9-97b3-636b6aadc4dc,141083.56,"KES 141,084"
5de085bd-f384-4076-8e3b-615233f2532b,27128.58,"KES 27,129"
83e91381-37a7-41a9-81ff-be4dd88cc78a,42375.33,"KES 42,375"
dfe17692-2cc3-45ec-a73d-6faf2ada32f1,55982.61,"KES 55,983"
a8cc3a79-595f-407f-b439-26e3694a8b64,23135.63,"KES 23,136"
455af916-cc19-4f4f-8c73-5a8be5141cb7,5000.0,"KES 5,000"
f73a1a9a-e15d-4ad1-9e85-116fc22a20bb,49513.8,"KES 49,514"
74d06176-e4e4-4f3e-a206-3e5db29fbc19,59829.78,"KES 59,830"
6df3163c-4bd5-4b81-83cc-2684bee7f3bb,89849.25,"KES 89,849"
8cfa923a-8b58-4575-ba51-df3da635fa65,149838.51,"KES 149,839"
61e73ca4-d24c-43ff-878e-cf3aa15c578e,63743.58,"KES 63,744"
4de7e113-8c06-425b-b58c-652deaae4a1c,56099.99,"KES 56,100"
1c2d991e-d7b4-441f-9d90-8e12c14496d8,35518.97,"KES 35,519"
a280a3c5-0be4-45b9-9b77-0f1cdd0f051a,53948.29,"KES 53,948"
ee53a419-4efa-4bdb-aa31-56250b9735a2,62040.4,"KES 62,040"
53ba6550-1ba8-4f04-9764-bbd9c10ab30a,84521.12,"KES 84,521"
cb2ac74a-0354-4fe0-b29c-b038f27e7b48,5000.0,"KES 5,000"
70ef1184-502e-4fb2-b86d-de201d58effe,47124.97,"KES 47,125"
def4a25d-e9e4-45b8-9797-9ab93ac53463,149651.31,"KES 149,651"
374112d8-bf08-46a0-9ba1-3c8e4c76327d,145536.94,"KES 145,537"
84ce94c8-99bf-4425-b1fe-af2b4da332ed,65173.61,"KES 65,174"
90fdd923-1bac-4fa3-9114-2cffe5a3b46c,89035.04,"KES 89,035"
99803959-2219-4684-a3b7-2cb2407426e5,29134.28,"KES 29,134"
7e834915-4b0a-48c2-b52a-bf57e017b1b6,45377.12,"KES 45,377"
af073da6-02b8-4f19-90f2-fada61a6310a,27277.58,"KES 27,278"
bb04fcc3-4684-4939-a659-83cf6f628a7d,5000.0,"KES 5,000"
60fb8e35-c1d3-4aa5-ab61-5ea9682e2a4c,144144.13,"KES 144,144"
db75150e-cbe4-4548-80ad-7b30735e80e5,37739.13,"KES 37,739"
48de55f6-368f-4603-9e2d-e13b8a51834c,37194.02,"KES 37,194"
dd18ffce-da81-48d4-a236-c4ac202e6d8b,5000.0,"KES 5,000"
446800f7-9937-4752-99c7-f0ff67b5347b,32659.31,"KES 32,659"
1a30a205-35f5-4bef-8380-3ca78695eca2,119740.62,"KES 119,741"
0302611e-89d6-4d84-b7f0-ea82b3a31f46,31829.83,"KES 31,830"
87c57c94-5d19-4276-81f1-75648c1eaf86,51488.16,"KES 51,488"
d90fbab7-1c2c-41b3-90dc-1f18b96bfed9,74964.55,"KES 74,965"
7bdef2f5-96a0-4f2a-b9c4-38e84a519cd9,93853.91,"KES 93,854"
e324cb40-379f-4b1b-b50e-194bf0a7ad7c,5000.0,"KES 5,000"
24ed8bda-c243-4b48-bba8-f2bf27acaaa6,139294.05,"KES 139,294"
35c6bf0e-35d6-4e17-b5eb-702ab0036b4d,90251.02,"KES 90,251"
8a0c5316-54bc-4edf-9194-d5ae3acee07d,58374.87,"KES 58,375"
bda212ac-bddd-47c4-81e8-8a7bdc3c138d,41584.59,"KES 41,585"
695a6cf0-8c16-4add-a632-d7293f4f7675,41745.48,"KES 41,745"
b8dc1251-cd38-474a-9280-2f7d9ada2f65,74715.38,"KES 74,715"
c7d94b23-140d-4e51-bc3c-75042052342c,43384.32,"KES 43,384"
0ab23b1a-5774-413a-9fe7-28c2d8186540,78780.25,"KES 78,780"
3076fcf6-123c-4d35-abb7-775d74098d50,91948.49,"KES 91,948"
adcbf276-d3c7-48ce-9f7d-7295ca8d2476,78237.99,"KES 78,238"
926a3422-4847-47b2-9e2d-f6b6b3cdf095,33587.3,"KES 33,587"
29b9d332-ace5-477b-8812-f1233f60e26a,56113.17,"KES 56,113"
075ccb81-4ebc-4614-9da9-79a854b4e218,58374.79,"KES 58,375"
bf2715de-8699-402b-8a47-9eb9bdcdf777,39646.26,"KES 39,646"
bf201760-aa5d-4613-b72a-2217178a8310,43768.0,"KES 43,768"
8bd7c1a4-5867-4d02-9b3a-4e4b32d7a2fb,43768.88,"KES 43,769"
c3569751-6f98-4f2e-acf6-2652f4ef42bc,81842.08,"KES 81,842"
9f7daf36-4339-4bef-a347-75c9edf48c87,5000.0,"KES 5,000"
330c3537-f13c-44ed-ab69-2df8ec7eee24,75505.52,"KES 75,506"
2af2baa1-16d1-4bb4-9ae8-8dd2f6f7897e,52301.45,"KES 52,301"
0b59294e-1e05-4986-a622-74e17709a7d4,48031.79,"KES 48,032"
9bd0d980-e2db-454d-81d8-7351b5e8960c,115732.67,"KES 115,733"
1ebafd3d-34bc-4c7f-a4ec-cae0b5a5d137,128960.79,"KES 128,961"
810e967a-b706-4e01-96ee-bf6846b7b567,63962.48,"KES 63,962"
13cae42d-8a34-4236-b480-18601240397e,49599.25,"KES 49,599"
9e25fb7f-fc46-4736-bb49-ecba0c67eceb,112060.67,"KES 112,061"
271bca85-881c-46a2-a529-c2a934211beb,80675.22,"KES 80,675"
861207e5-892e-4116-93b9-f6ac6abbdbd2,29682.17,"KES 29,682"
3dcd9eb1-64eb-4953-8d18-fe6ed56729a2,132479.21,"KES 132,479"
785502f0-9807-4f0b-962c-91e21797cd0b,23480.01,"KES 23,480"
57e3e2a0-af34-4325-9fd8-2d99e64753d5,148670.71,"KES 148,671"
d4a3ef9f-e44b-46dd-a9c7-b3a07b46bbdd,80001.84,"KES 80,002"
c9d0fb9d-2330-4439-9e67-a89dcecf577b,75750.16,"KES 75,750"
d808e905-8624-483c-88df-a099391ec63c,5000.0,"KES 5,000"
bf72c4f3-cf2b-46a8-807c-0fa466241e03,67313.43,"KES 67,313"
e93ed9ad-b67f-467f-b788-a328de4a581d,60922.42,"KES 60,922"
c7fda52d-2c1f-418b-be61-5ccc1bbccb74,148333.07,"KES 148,333"
725356dc-fcce-430f-8387-079a49065df5,49322.09,"KES 49,322"
2a276543-84af-4115-9e19-bbbecb7bb0ad,83697.19,"KES 83,697"
6f0ac7e7-fdad-4f1f-be71-2ada3c216a2c,127603.95,"KES 127,604"
d1db475e-8913-4d02-9f89-61312fd99915,86326.05,"KES 86,326"
ff38a1b6-a692-4f8e-83e4-5ad75c22d9b1,21755.12,"KES 21,755"
0fa45949-13ae-4e18-b58f-ec6488f1b35d,103291.53,"KES 103,292"
90da71c2-a495-4361-8bab-41b77cd5530e,59092.84,"KES 59,093"
52ec4c11-4d96-4d84-9d68-7760a47946ac,73214.81,"KES 73,215"
aab929bf-3eb0-4926-8617-fc162789f607,139588.71,"KES 139,589"
9ca2920d-5c11-4455-a78f-d79b8ec98570,91564.2,"KES 91,564"
543f797f-b4fe-42da-aeda-2bd0fc100dd7,143088.21,"KES 143,088"
e7dcd3ca-7f32-4cce-990d-0d0682749bd1,5000.0,"KES 5,000"
f3cdf27f-a45f-410d-9ad0-9a698a2ddb7f,137878.52,"KES 137,879"
8d5a4a82-143b-4b90-bc76-1ecdb82135e3,49368.47,"KES 49,368"
e95ba218-2cba-4af4-b64a-100be7a5d2df,40512.89,"KES 40,513"
02f7112f-73f5-4c28-a996-a2193cfb125b,131401.35,"KES 131,401"
409f82e6-95c9-4be6-bbf1-a98849e79a8f,64113.0,"KES 64,113"
34bdab00-24ce-4590-9a85-0d673ae6f3c3,45109.62,"KES 45,110"
95068cbf-bfb4-44ea-9fb0-abc2148aaa01,78876.6,"KES 78,877"
65bc5546-b343-40f2-aa56-916447b603f0,5000.0,"KES 5,000"
723b77cc-62d5-40de-b08b-eee7096264e6,5000.0,"KES 5,000"
745d2682-ff10-4598-b410-4aaa9a82090b,5000.0,"KES 5,000"
9c0ccc66-bce9-4ebd-bf14-401705dc6de4,40083.38,"KES 40,083"
674c6a5d-4ba2-4145-ba3e-4c800867e195,63348.73,"KES 63,349"
0a850c41-c91d-42bc-8cae-624478afd4d1,74168.6,"KES 74,169"
094d9244-b96e-4cf4-8f4b-dd4f4b7b6c73,89469.58,"KES 89,470"
1d24d0ed-d7fd-41e9-8ad2-e1659731065d,30167.02,"KES 30,167"
5c2d43cd-e1f8-4989-9ced-28ad13afc7b1,61064.2,"KES 61,064"
e87e8ca6-45c9-477f-babc-162aaadacb26,34108.08,"KES 34,108"
02b01966-45fe-4622-911f-956411011f13,64870.21,"KES 64,870"
2d97f7a4-6849-451a-9b24-afc8c405fef3,65435.21,"KES 65,435"
b808eb11-0517-40c3-80f6-7f46480cd321,146553.22,"KES 146,553"
f1224569-70a6-4697-88c2-07f057e2b720,34220.62,"KES 34,221"
f0b40f05-7d05-4099-b725-3aed087f39c7,5000.0,"KES 5,000"
4b81a580-1aac-498a-b8bc-a50bb9b547cc,37751.91,"KES 37,752"
a1f9302d-8c9e-490f-addc-bfabc258d122,74214.37,"KES 74,214"
58f757c4-ca22-40c7-aaa9-44ea0b6906a5,5000.0,"KES 5,000"
cc49d57e-656b-4b7f-b285-029175382399,43849.24,"KES 43,849"
20dcad80-78f7-48cf-bb7f-ac69cb9a7b02,56687.4,"KES 56,687"
c732f29f-4d80-46c3-b163-4dcad27ebc73,106930.37,"KES 106,930"
577875de-75cc-4990-8516-a14bf619bf72,5000.0,"KES 5,000"
cb1a389f-69db-47a9-b8c2-41741ba7feac,129241.12,"KES 129,241"
ceca0274-bfdd-4241-b23e-a34a7e2c9ffa,28315.61,"KES 28,316"
a7dd6e26-20d6-406c-b0c7-6f557fe93f3e,81936.46,"KES 81,936"
7c039f71-df4e-4bda-95ac-7f07ac573f6f,83126.63,"KES 83,127"
639db4eb-deaf-4245-abc1-e4d80c620ab3,138724.98,"KES 138,725"
3ba98284-e6c4-4b5b-a58c-1e429481d7e7,89716.61,"KES 89,717"
8a1db6d5-a3e6-45f7-858e-1a619850961e,72120.62,"KES 72,121"
92bd8475-c635-47e9-b6dc-6165ab3d1a14,88497.81,"KES 88,498"
f1f8a01b-5b0b-4702-85f1-ef005c6c86a3,117718.85,"KES 117,719"
0002491b-9483-45a4-a20c-e20ad9379d3e,128249.53,"KES 128,250"
b0d1d3a2-c316-418f-b15b-32f8f93f8182,43374.68,"KES 43,375"
bbac1d0b-cc12-407e-b57c-69acad78010e,99636.64,"KES 99,637"
ab8a1cec-dcca-4592-8a53-5994fd79ccde,139955.12,"KES 139,955"
8a709376-a4bf-476e-ac11-d2917093dd6b,32824.94,"KES 32,825"
343c538c-0771-4663-a585-8b65ac582db2,19300.38,"KES 19,300"
23ada900-2d5a-4738-a410-97108659a8cc,106861.42,"KES 106,861"
a04c64d0-a69f-40cf-ad1e-56aca99abc7e,62213.82,"KES 62,214"
0f52428d-cc22-494f-bc4f-9245e9136083,149761.13,"KES 149,761"
2eae0095-6ca7-4c1e-8ddb-6d263c871c23,88910.58,"KES 88,911"
f55a1089-e2d5-4090-8d31-eb7661284b76,128599.39,"KES 128,599"
d8979e75-7730-4d87-9967-d80511e60b22,87462.92,"KES 87,463"
5f673457-3f6e-4a75-94e1-97c30f21befa,62295.55,"KES 62,296"
99eecaf1-5d5c-4ead-bd3e-f612c367a923,5000.0,"KES 5,000"
11ed9a18-2afa-4760-80d2-839810a54f4c,80525.8,"KES 80,526"
2a6fa5a5-8d07-4216-b331-ecf2f039744b,65975.7,"KES 65,976"
bb24500b-cd28-42f5-8191-4c0ae28fc681,147596.53,"KES 147,597"
aba14aa6-defc-404a-b338-bef3840ad3e4,22742.99,"KES 22,743"
d2ade524-e644-44c8-80c7-18de3a0ba554,94735.81,"KES 94,736"
c8ddf878-e121-4601-84ea-d1ada4f6ca6d,31196.12,"KES 31,196"
535ec53b-7998-4763-aaf6-f64734a3e878,127886.43,"KES 127,886"
e460af54-d4d4-4833-91a6-6148ae6b90c9,141292.05,"KES 141,292"
21509feb-c8ad-436c-8340-6b394ae1a718,5000.0,"KES 5,000"
853697a9-ae56-4b29-8420-f266708c9b8d,16298.53,"KES 16,299"
2258d600-7032-423a-8164-bd1e8b7250ba,142269.41,"KES 142,269"
4ff2d38a-6ed2-4e01-8bab-7fd67c568940,123995.1,"KES 123,995"
dc2b60a3-5f44-4551-b7ef-c17c5a9ce58d,149868.88,"KES 149,869"
21f8a762-6bf1-49e1-88ae-35c078eee513,5000.0,"KES 5,000"
8f318575-e96b-4b16-8be1-023159715c40,84838.6,"KES 84,839"
aaece2aa-766e-4657-bf3f-925cafd172e1,107249.68,"KES 107,250"
296defdd-2aa3-4f91-a535-bbbf09417cb9,22263.82,"KES 22,264"
a72202a9-6f24-45a7-8ce9-6429fb9d5b52,108085.88,"KES 108,086"
51ad0484-56d7-4c0b-9000-60a8db574aed,91953.46,"KES 91,953"
bd87429c-2942-4cfa-8406-e001d1dfd4b4,5000.0,"KES 5,000"
be9d7269-91ff-41b3-a57b-2042df39234e,66587.17,"KES 66,587"
74d782ef-9cfd-4c55-9ea1-bd96d5125258,5000.0,"KES 5,000"
419f9029-919a-48a7-ad68-75f86c9fc48e,61975.16,"KES 61,975"
625c9fef-514a-4f53-a497-73d3f4d0bb41,24024.35,"KES 24,024"
02862906-a2b3-44cc-bc21-484a2fb66cd5,111519.91,"KES 111,520"
064ee2e4-5660-4193-bda8-ca1dcc0603a8,98827.36,"KES 98,827"
319e9dcb-a799-4fba-896a-1a1e793997fa,5000.0,"KES 5,000"
971132c8-4e87-42e2-bede-7ff50361db74,133920.26,"KES 133,920"
9b285742-d793-42e6-9637-29ef1682d292,79848.35,"KES 79,848"
089793d8-4325-4f39-b6fd-ba23dd1cf9ac,69237.92,"KES 69,238"
2d06bec5-5849-44bf-a052-06dd04652238,44289.32,"KES 44,289"
d5102fd8-245a-41b6-af60-bf7a310272a2,114754.98,"KES 114,755"
12a2543a-f29a-4137-8192-5524aed7a951,134349.71,"KES 134,350"
2a4bcd25-0b75-4836-b0c7-91031fa57ae0,49806.28,"KES 49,806"
7ecde06a-a79b-4e51-a7bb-f36d910966cb,79582.25,"KES 79,582"
5e115de3-7c9a-4e61-9b06-7a368764d85f,144357.57,"KES 144,358"
b1ce81ee-4184-4be5-89e5-3dbffeeccbf4,117607.25,"KES 117,607"
8c800a82-d105-4db3-b82d-49dd7d0cc1b9,41964.95,"KES 41,965"
0b02a011-4086-418f-9f6f-e86c94651b5c,22683.42,"KES 22,683"
9b772f55-840f-4840-83ce-1ab9b2a7fa34,40806.43,"KES 40,806"
f470637e-9bb8-46e0-ad88-ff7ce7d9653c,149530.05,"KES 149,530"
cd430caa-6f40-41f1-a70e-9aaaeb3c303b,66718.03,"KES 66,718"
f896fd33-9b90-4791-a810-9094f9ceb43d,86674.91,"KES 86,675"
8e96295a-bac4-4122-ada3-c38b18611676,149009.0,"KES 149,009"
9ced5e71-06ab-493e-a552-50c1110ca807,5000.0,"KES 5,000"
0fd7999e-c02f-4465-86d2-8fb298363688,70457.24,"KES 70,457"
c3f70eea-57e8-4a98-8e18-2e4393a582ff,5000.0,"KES 5,000"
c253a3d1-44df-4d25-af84-1de7f6840e63,52352.82,"KES 52,353"
6b4c2267-cd47-4493-ad8c-8f6ff5873f1e,85868.32,"KES 85,868"
a0e1679d-e094-4ee4-913c-1ced4d4f4468,133123.23,"KES 133,123"
dbef0444-51b3-44a6-9a87-dbd0aa247f93,32085.37,"KES 32,085"
7fb3cd52-22bd-4502-880d-6c926de7f7ab,70356.18,"KES 70,356"
79e08a88-489e-465f-8409-86f4e9c1c7ea,24776.71,"KES 24,777"
3686ec92-2bf5-4615-a830-ccae1a089f78,111187.28,"KES 111,187"
64e48667-4e0a-4221-a569-3d8807d47006,87768.75,"KES 87,769"
1f04acf3-607d-4aa0-8786-006e127fb78a,5000.0,"KES 5,000"
618dcdb2-af01-4f74-b3a4-c9ae1742d515,47810.2,"KES 47,810"
0d95ed7c-71f3-4878-9ff5-232b2ea8785c,83031.59,"KES 83,032"
41e12407-505f-4481-b1ee-80772ff334ef,111040.01,"KES 111,040"
f6ca0155-76ae-4b0f-a7cd-8574d10d18e8,43732.08,"KES 43,732"
28e92179-4bfb-4d8d-aa48-77ad30ca0883,5000.0,"KES 5,000"
1101a941-8be7-4c27-95f7-cc9ba089e471,55815.16,"KES 55,815"
a7ac1f19-0c7a-4a56-b840-c692db67d0da,92812.94,"KES 92,813"
8f6b4f5f-e71f-49bb-a3f3-8abd084f0875,142025.08,"KES 142,025"
4a969db2-2011-496d-996c-440dff3ef28f,147436.46,"KES 147,436"
fb0c62ed-1135-4091-9c15-c63fb48bf001,64226.39,"KES 64,226"
381b2205-f1c0-4164-bf9f-146e7bb62b1f,82631.81,"KES 82,632"
4b23b11b-8335-4783-a28c-393d84dac4a4,5000.0,"KES 5,000"
12a500b1-b9de-4f9b-b06d-f9a4c60d46dd,5000.0,"KES 5,000"
5a63495e-867e-4686-a391-3b00ef6b379b,100961.52,"KES 100,962"
dc90c054-376e-4041-97f8-41491d59f9db,42862.42,"KES 42,862"
0cb3de0a-6e92-4609-98b1-29b325ae2415,58707.92,"KES 58,708"
76a03c9a-6c78-40da-b4f3-7bd6fea73151,48093.13,"KES 48,093"
75235e42-ac49-49b4-a3c0-60a42cee6c7a,27529.2,"KES 27,529"
e316ba42-2375-44ec-ad68-48af377ad5f1,146364.62,"KES 146,365"
ff5870ab-24b0-493e-847a-bc1e1eba820c,22339.45,"KES 22,339"
3308a419-48c6-4ba7-b480-f2711bf007e7,5000.0,"KES 5,000"
4b1bcdf7-de0c-4493-ba2d-083d0860d101,98160.39,"KES 98,160"
63988c5e-62b9-4a39-86ea-9dbbb6b4ebe0,23499.92,"KES 23,500"
3c32c207-0748-4ffc-a40c-283723b56fe3,93326.46,"KES 93,326"
fdfda5c4-3c98-4467-a6a1-d6a573c018fa,96530.55,"KES 96,531"
a6624a47-ba1f-40fc-801a-2418fd8dacad,109430.53,"KES 109,431"
8bff67cc-494d-4d42-b8d9-9d129dce76ea,47998.82,"KES 47,999"
4d86d1a1-96f1-4810-8d67-a8276e9a6424,74954.19,"KES 74,954"
91a6539b-4dfa-4043-9038-cc7e86fece76,28723.4,"KES 28,723"
74534c8c-8c53-44df-a840-271d87637e81,37829.79,"KES 37,830"
ceb7e086-56f7-4d88-8cbc-6af3d3d66790,32176.36,"KES 32,176"
1234db40-9526-4279-9326-ab62f81aa003,62834.92,"KES 62,835"
3485eed6-3671-4d58-9a3b-dda33a57deaf,40502.87,"KES 40,503"
52f0cf9f-8698-4d47-be36-d771aa3d6865,91157.81,"KES 91,158"
ff4c4c2c-1ea5-4127-a395-8455588e961e,5000.0,"KES 5,000"
23cb7516-e6eb-4b30-abf3-c4e7826dc89d,60785.89,"KES 60,786"
5a2d7442-9020-4710-a40b-c15341afb68e,100110.31,"KES 100,110"
73baff4b-05e5-4a18-9754-1c94ec8ad814,107147.59,"KES 107,148"
6874c4ec-9a1b-4326-af89-b9e0a14611aa,42140.11,"KES 42,140"
2efe65b3-50ca-4a34-9d76-6a5ca51b8f4a,48973.18,"KES 48,973"
8428a041-90e4-40dc-9002-569f82d5b4f4,80196.26,"KES 80,196"
2b0e2d38-f033-4d2a-bc79-4825718e9cf0,34275.8,"KES 34,276"
b312ab88-3b37-4d74-8c81-40fbcbc5e103,121339.66,"KES 121,340"
4689bfc4-fc9c-4111-a7b7-9abbbfd49081,149605.35,"KES 149,605"
efb23bdc-84ce-4861-a134-babfa6760a3f,142174.9,"KES 142,175"
c9e6bf5b-cbd0-4e3d-aec0-7f72f58c9248,61816.61,"KES 61,817"
b7fc3bc9-260c-42c9-b807-a0c16e983d67,93582.06,"KES 93,582"
7bd55111-8ba4-4538-b5cd-3327e5b6f7b3,87873.45,"KES 87,873"
74ffe079-f587-4efb-99a2-3f417de31cc8,116964.09,"KES 116,964"
282019ec-51f9-4a9e-afed-8a885d91383f,5000.0,"KES 5,000"
2294455d-cda4-44c9-a256-1102d5aea9ff,43328.82,"KES 43,329"
5ec0116f-841e-4720-93c4-9ea404a113de,67875.94,"KES 67,876"
1a8023fd-e808-48f0-8a8c-77c1eea161f0,5000.0,"KES 5,000"
c0911d7d-28ab-490d-8d0c-c7651a42155a,5000.0,"KES 5,000"
bb6057a5-3d91-4872-93e1-afef7bb07af9,58535.97,"KES 58,536"
a2424190-314e-4159-acd8-48d9567d3d6a,5000.0,"KES 5,000"
ec4d6e0b-5379-49f8-a3d4-e5e1572656d1,148851.63,"KES 148,852"
94cb9b2d-699a-4013-8402-4d0122b8f3bb,5000.0,"KES 5,000"
a1fb7a01-8fec-4d0c-8d1d-5879d1dad55c,59228.95,"KES 59,229"
d36c7d77-809b-45d2-a5ed-a94c9b1f00b4,149438.24,"KES 149,438"
71a1e416-79b5-400c-9d04-91b9dfbfa4a9,104711.77,"KES 104,712"
81d87665-0fb2-46ea-ba95-7540104d46d5,84246.91,"KES 84,247"
21e76b8d-224e-4585-9515-9a08a167e8c0,33982.08,"KES 33,982"
78433b38-444f-438b-88dc-8772dc2fbbc6,148243.07,"KES 148,243"
1b6b476c-42c2-4df5-9f9e-a593da91f09e,44617.39,"KES 44,617"
2bfa40a7-9d1e-4433-92d7-1dc5ebba2ec0,27359.2,"KES 27,359"
f628412c-52a7-4ed6-a47c-c32fc1e09487,27784.66,"KES 27,785"
99d3c820-58df-4efe-b669-f41e3346e40a,113012.53,"KES 113,013"
edcba5a9-526e-4827-a463-f5482af65b66,140721.78,"KES 140,722"
ac11f999-4434-4ba6-9c6c-b77dfff1ba62,5000.0,"KES 5,000"
b211a2f1-143d-445c-a784-d9374abf6853,76931.1,"KES 76,931"
f40a8f59-5ff9-4a2e-bf53-5b9aa5a680c2,114575.59,"KES 114,576"
c8f5c876-df22-4c95-b116-41503d6843d4,102551.37,"KES 102,551"
d1a53a69-ad4b-4821-8245-22d7e4626eb7,5000.0,"KES 5,000"
a9ed0ae4-0d88-463c-b8bb-a9903f52c474,34060.85,"KES 34,061"
53902286-c2ec-4887-b328-3614bafd60a7,84406.93,"KES 84,407"
c9b370bd-3105-494f-b413-49db7b2270a7,43597.21,"KES 43,597"
448ac60d-11e3-42d9-82e8-6230d876c46e,75857.56,"KES 75,858"
405a21a1-2c0d-4aa3-915a-c8425923f580,54725.3,"KES 54,725"
76bd6e63-84c2-49be-9836-383da7729f2a,99665.2,"KES 99,665"
e091a847-18af-44e9-a99d-8c01bc4cb062,20317.68,"KES 20,318"
071ef832-9f65-4e82-af52-777471b0f3be,129121.74,"KES 129,122"
b20016bc-cc9a-46c4-9b36-f7191bd4e618,50744.03,"KES 50,744"
79b23362-3f19-4825-a590-46177708676c,67695.68,"KES 67,696"
0d724e58-3f9e-43a4-985e-da85deb4e192,61234.03,"KES 61,234"
5040dffc-be3e-4059-b020-f9130e0f9a89,35529.62,"KES 35,530"
61e7353c-afcf-4734-a745-ce91f122652e,23265.8,"KES 23,266"
9328638b-ceb6-4db6-b82b-f3a2ec79a7a6,105328.3,"KES 105,328"
c6ab85af-4859-41f9-b0e6-a84f576fb281,95854.51,"KES 95,855"
a0255312-f714-4151-8f3b-76a8fbfa9514,5000.0,"KES 5,000"
8835618c-1e15-4f5a-8807-b28c37c730ad,69070.43,"KES 69,070"
b57deaf3-8826-46f8-90fd-37a56486d198,69911.19,"KES 69,911"
6a26bb24-086b-4cdf-a5e9-c5b6b7046eb1,50660.14,"KES 50,660"
0fee0bad-be24-488d-b09d-a20b03c3e1f9,81880.87,"KES 81,881"
b0d02f31-2cea-41bb-bba8-52e3958f4f1b,40010.16,"KES 40,010"
400f071d-71b9-4c28-90f8-741d76c268f3,101389.69,"KES 101,390"
3649f304-4336-4a37-b45a-b55a04890da1,41376.17,"KES 41,376"
be72d1df-f79b-4be8-b4dd-bb185b4c1fe3,60225.5,"KES 60,225"
397883f7-ae83-4b56-8f6b-dfd5596be1cb,74088.53,"KES 74,089"
79ca7177-fa90-4825-b71b-8a8ba0c5e036,115566.33,"KES 115,566"
bcd4dea2-8d8d-4a07-83c7-a64a546c1008,107040.54,"KES 107,041"
01c32999-454f-444f-ad72-d2a556fc990b,46637.21,"KES 46,637"
6365dd66-5461-4000-9c2b-e2259aa81d74,92922.31,"KES 92,922"
6fc6880b-5e75-450e-ae70-220326b4a243,64485.4,"KES 64,485"
301aa20f-faf2-4d92-ae1d-396db12df04d,94721.13,"KES 94,721"
6c8fcdff-8446-4afb-aa8e-c5799a74f363,124518.78,"KES 124,519"
36b6df91-d480-4bba-b0fe-c0870de05cff,93136.92,"KES 93,137"
f0100e70-9458-4dd7-acb4-ae3569b5cb3c,118806.02,"KES 118,806"
efdd8737-2998-42ec-8b97-938e17abc768,63629.26,"KES 63,629"
551a4438-e53a-407e-9deb-ded5b7fb143c,119205.4,"KES 119,205"
228e562b-6b34-44d7-bf18-1e546e12b995,5000.0,"KES 5,000"
23d48b23-7e98-4a5a-841f-ceca009d360c,137484.88,"KES 137,485"
4f6f89a4-7d82-4c4a-8aa2-5ebedaf94acb,5000.0,"KES 5,000"
c8ba57c0-73ba-41df-a88c-4b0864f1d180,106656.88,"KES 106,657"
bc6e2f08-157a-4383-b145-1d1b9c965a81,117257.88,"KES 117,258"
456bc584-a736-4bbd-8d06-4cc62684b378,34913.05,"KES 34,913"
7a65fa48-25cf-423b-a0fc-65d123b74fd6,113468.96,"KES 113,469"
215db70a-0dc5-433c-b318-1b401b5ae4ec,5000.0,"KES 5,000"
2e8efaf3-70e6-411d-a9f5-189b7d4dac0b,5000.0,"KES 5,000"
0a1d05c8-e567-40f0-945f-3b77c9561261,5000.0,"KES 5,000"
91a3d2a9-2786-4000-899e-6238d0de05fa,5000.0,"KES 5,000"
f19105fd-5dad-4325-afd3-4fff9e723928,106143.73,"KES 106,144"
a4f8ac38-7283-484d-8749-562577694ece,88123.21,"KES 88,123"
3108061e-f27a-4631-94bb-014eae1c23a0,45417.51,"KES 45,418"
fda05507-5057-4f1e-85d0-8d8bb3ea491f,71943.14,"KES 71,943"
e00d997b-513d-4dea-88df-a7352c45129f,64359.14,"KES 64,359"
2bc33c65-7ed8-4a4c-885f-3e734ff0ff18,5342.64,"KES 5,343"
1d2064e9-9c7d-4d21-9dff-8660154b2324,81577.08,"KES 81,577"
41865990-8341-4bfe-b6a7-b644ff1f92f0,149281.78,"KES 149,282"
11cf27f7-8016-42f9-bf1c-6b08bd19e913,51345.39,"KES 51,345"
6c22b7cc-de0e-4720-acfe-52952d3a1522,136947.91,"KES 136,948"
5ed714a9-7add-485f-8872-d62159add204,144770.6,"KES 144,771"
6059a81b-110f-42d7-9000-e5c965c5d99a,33714.08,"KES 33,714"
ccd1135c-ab02-4a08-98ee-1b75b099537c,119702.93,"KES 119,703"
341b6068-c591-484e-8256-32db138facbf,97059.29,"KES 97,059"
2a534db6-f27c-4167-a14b-b3ce6c3fdc03,5000.0,"KES 5,000"
020603ae-dc4f-4599-8d7d-a3da6176b800,147976.9,"KES 147,977"
1d1f0c1a-cdcf-4177-af31-6f99c2e62b68,93246.99,"KES 93,247"
ea4653f4-b607-48d3-a88e-b760084363b5,47842.37,"KES 47,842"
abe53640-5678-4329-824d-be6d65803a06,79680.31,"KES 79,680"
3874c8bf-46b2-468f-ac40-46419a171837,52451.07,"KES 52,451"
ab9d8fd2-b542-44a8-9920-ce916c90b56d,135119.02,"KES 135,119"
1b96b343-f309-4b3f-819a-ae7a2ca187f4,17906.97,"KES 17,907"
2598eafd-b9fe-47b1-b6d6-e74cd38979da,109828.2,"KES 109,828"
8e329ec4-0682-44cd-904f-475f25d1e0ed,89484.59,"KES 89,485"
1fc68d73-34bc-4cce-8886-8690fff3f3ee,109151.08,"KES 109,151"
a07008b4-714d-46cf-a630-c9d1c2dee8e8,144807.31,"KES 144,807"
bfa745c5-ea71-446d-9d6b-17263cc0c16b,93610.16,"KES 93,610"
ece543ef-6b92-4623-93a6-565e587b052a,56144.47,"KES 56,144"
2945e595-1183-4788-bcda-6ffdaae0b823,57596.52,"KES 57,597"
f637ec9f-21d9-4841-9b6a-aee9b96e6812,68689.99,"KES 68,690"
e74a4ec7-7150-4542-ac48-1dd8cb7229cf,63379.68,"KES 63,380"
362f43e1-0e7b-46a2-8a73-c242316dacfa,113890.81,"KES 113,891"
8e8433fb-63d9-460b-81a7-c98eff310dbf,5000.0,"KES 5,000"
a2cc77d6-154b-4cd9-adcc-38b1e68516b1,76135.57,"KES 76,136"
fc68a7de-d51f-48bc-bc0c-22a1f6d95c15,148629.54,"KES 148,630"
cbc9aea3-b25c-4f12-8e85-810f4dca7be0,65737.75,"KES 65,738"
a1d40ebb-5748-4b98-ac44-5f5ba440876a,5000.0,"KES 5,000"
5343616d-50fa-4a19-9ac6-61f25effb579,5000.0,"KES 5,000"
c052cde5-063e-4098-ba49-fd8c28760886,5000.0,"KES 5,000"
fa839dfb-16cb-4a01-a0e5-05eb06651508,38114.76,"KES 38,115"
7ab76eb7-a6d9-42b9-823a-cf729ecba215,28240.16,"KES 28,240"
4d2f37ac-f788-432a-837f-b8bff832ea10,76894.97,"KES 76,895"
8967d84a-eb87-47b3-8daf-fe2834190bef,45760.76,"KES 45,761"
2a79a02e-9226-428e-be21-8738aa8dfdc7,5000.0,"KES 5,000"
42ca29c3-6bb3-4fa6-b6f2-8764dc84907e,46780.74,"KES 46,781"
b0cc3619-5411-45c9-b2d5-ff3e7e2f01f7,54919.9,"KES 54,920"
acb950bb-ec51-4942-80d3-8f6f8f9681f6,5000.0,"KES 5,000"
4dba55ff-d1c5-4971-9169-d72169569a7e,5000.0,"KES 5,000"
a6d32087-4321-475b-8800-5e693fd41908,109964.09,"KES 109,964"
2458b83b-42a1-495a-b4f8-7c6a1f5f5726,47079.12,"KES 47,079"
ab1b7e09-a5c7-466a-ad86-05c807e18613,57895.11,"KES 57,895"
bb47f632-55a1-4b0b-8d2a-d1b201397a89,45743.83,"KES 45,744"
89f42968-5b7a-4bad-b9a6-ab984a4dc09e,5000.0,"KES 5,000"
f0adf83f-1a85-40e2-b067-7135b41f5a08,5000.0,"KES 5,000"
ddfc075f-cfdd-4570-9c12-318f7380a974,24292.62,"KES 24,293"
1aef52ed-acd7-446e-be05-ce26135144ef,124852.16,"KES 124,852"
d3ab938a-3e6c-483e-8248-f8f54a974376,5000.0,"KES 5,000"
3d6efec3-87a4-4149-b546-e6f4f3ff91f0,42473.92,"KES 42,474"
8af39ddb-abc8-4364-be77-aa84d9697de6,5000.0,"KES 5,000"
147d9b57-e3ee-42c9-8b2b-402bcc14addf,71895.01,"KES 71,895"
cdb06fb7-92a1-42d9-bd48-7d16ae906436,82372.45,"KES 82,372"
10654e3e-1e54-40e8-bdc3-ab2fca6e2e9e,76106.92,"KES 76,107"
296247e1-c77e-46e9-8925-34ea8f2e0df9,68173.6,"KES 68,174"
0270626c-dc6d-42b1-be15-f7ada4aac49e,71456.27,"KES 71,456"
4383bd2f-b71a-4ce2-b7f3-5a667dd32c01,119766.82,"KES 119,767"
9effdeda-8307-4953-b7b9-a0f213a0d8a7,54316.98,"KES 54,317"
7d9004ea-a981-428c-b002-6a4bf1addb3a,85013.64,"KES 85,014"
fe37615d-9c14-45a5-9aaf-dc24caec54c2,83225.09,"KES 83,225"
d46a0ca8-cc16-41e3-8ef4-08c88cf3fd3c,71003.36,"KES 71,003"
c93a6888-e6e9-46cd-8a91-caacc6a775fa,72674.53,"KES 72,675"
1aa56fc4-3d14-49b8-a937-c59635dec079,5000.0,"KES 5,000"
f4d499ee-dffc-4ace-8a0c-8f0b1f7c2857,124904.66,"KES 124,905"
e9cbfa7b-60f4-491f-8efe-d1293f0719e1,35119.65,"KES 35,120"
db90105e-8da3-49bd-86c8-9a1afc3d1d4b,33892.1,"KES 33,892"
6c7ef183-5dce-425a-adfa-9b0599977078,74662.29,"KES 74,662"
5090dd09-d0eb-49ed-a71d-ec44e891a8d7,5000.0,"KES 5,000"
c2255ba9-7f59-4e73-9cfb-2b0575848e57,146417.57,"KES 146,418"
cc64ca4f-8122-40ec-a70f-aa53df020c78,88991.26,"KES 88,991"
a3e2a4e1-e576-476a-934b-58eb0ff6da9e,46596.05,"KES 46,596"
75a57b71-af9e-4702-8e4b-fa32d9604ce2,30876.83,"KES 30,877"
1ea83ce7-9ba0-49a5-8a07-d654aa662cf6,138959.19,"KES 138,959"
865cd49b-ace4-489c-96cc-cd77d73e90bd,69494.96,"KES 69,495"
6b27ec65-b488-499f-88d6-d82f6acd3a51,90786.4,"KES 90,786"
0a1078d8-dea1-44e7-a15b-df285317edc2,31258.29,"KES 31,258"
b0cd61d4-51c4-401b-9220-ec42d6e8d619,75309.66,"KES 75,310"
c8b6d4c8-94a0-438c-ad80-d9d3f046e9cf,69271.31,"KES 69,271"
e84f268d-896c-4089-872b-b36e54c36f39,57964.8,"KES 57,965"
80c14ad4-2933-4f83-b401-82fb9db59a0e,5130.37,"KES 5,130"
a474801a-4c09-4cb7-b8cc-43dd4b60baea,129376.71,"KES 129,377"
bb95679d-8802-4596-9ce8-6519371975f8,86946.09,"KES 86,946"
eceecab2-ef3e-48b6-9c13-459fb8bbadae,41868.18,"KES 41,868"
1454b329-09d8-4043-904c-58509a8b69d1,88231.27,"KES 88,231"
b83f2300-ea79-468b-bdea-b2b5ded061fd,28341.62,"KES 28,342"
45257e41-52be-4237-9994-7df87cf955c6,60134.96,"KES 60,135"
bcd37367-8e94-48a1-a847-4f1a3f2bfd8f,5000.0,"KES 5,000"
7fdf78c4-8ee4-4f13-8870-5e00658987bf,46479.5,"KES 46,480"
8eebc8e5-fcb8-4bb3-b0a3-d9316b2acd74,78424.39,"KES 78,424"
72e7e37f-f84a-421d-bfc0-aaf50d99281a,40551.56,"KES 40,552"
e6448604-fcd6-4664-98cc-a3e3817e63fd,79103.23,"KES 79,103"
33fb350a-1f9c-49c3-9e4a-1e2e1fbc05b2,101590.36,"KES 101,590"
bae11907-ebd2-475f-a44c-e7583b46aa34,20782.34,"KES 20,782"
e87e7b2f-5183-4548-9d0d-e48ac605c21c,60762.09,"KES 60,762"
2e0819c0-b4a7-4c89-bd36-3d4399da050f,44380.31,"KES 44,380"
42a5857f-9478-4957-af9f-5295954ce7f7,106914.17,"KES 106,914"
9c08eb75-1b30-4d29-978f-b1b397795b5b,66953.8,"KES 66,954"
54f53da2-5bcd-4f13-b326-c152e40c0363,25948.99,"KES 25,949"
1470d6ab-1222-499d-862d-9451e072d803,27086.11,"KES 27,086"
ee4da1c7-512a-4a7d-8d7c-1fcd24991ad8,81819.89,"KES 81,820"
fc39063d-29d8-449b-b9ed-7319948a750f,85376.42,"KES 85,376"
92ed6d09-4a6c-4a8b-9612-b0626b988a25,5000.0,"KES 5,000"
74434dd7-a5d5-4b48-a0f5-34773ad106e4,47573.38,"KES 47,573"
4bea9ce2-5cee-46c1-b0d2-db10719a4af6,5000.0,"KES 5,000"
bde124fa-d252-4d3b-a826-89c74d9dbf1e,32669.11,"KES 32,669"
05635df5-9c4b-4bf6-89c1-c02a61ed27bc,101583.77,"KES 101,584"
55f09fec-7d03-45e8-8ec0-e4d755564d1c,53280.52,"KES 53,281"
bcb67d2c-ff59-4527-88a1-6046ca033076,28237.53,"KES 28,238"
3b76e80e-da02-4627-bfd8-9125427c743a,67806.13,"KES 67,806"
1f1e4032-f51e-4531-ad16-a308ab096a36,99209.45,"KES 99,209"
1191503b-3739-493a-bc9a-47f2cb97c249,95838.83,"KES 95,839"
b42ff11d-656e-40fe-8463-c89a64dd85e6,67623.81,"KES 67,624"
38b9f896-a6ca-4580-9602-cab595042f79,54069.7,"KES 54,070"
a709df5c-56a5-4e15-bdee-9450ce9b9e50,140744.55,"KES 140,745"
13748f4a-00a1-40da-9681-47345c308cbd,71417.74,"KES 71,418"
f50c4b5b-61e5-4691-b32b-9e3aad13e67a,29053.49,"KES 29,053"
29fc450f-66ff-479c-b707-bc188c03ec9a,86036.98,"KES 86,037"
c5712c23-eb0d-408c-9a2c-afc2cdef4bbf,79043.5,"KES 79,044"
9a9cb599-0771-450c-a007-e99e6251fd8b,109031.69,"KES 109,032"
074f806b-5418-49dc-aae8-d52e0e8e0b60,5000.0,"KES 5,000"
37fa5a60-867b-4803-a60a-6801044f41da,5000.0,"KES 5,000"
6a6f514c-a8d6-4856-bd68-5f25794a96c5,115618.99,"KES 115,619"
8afd979d-3476-448f-b921-20034f2f9707,114423.03,"KES 114,423"
fad9e920-665c-4a7f-a3b2-fb3393bfa0d0,5000.0,"KES 5,000"
13928888-ccaa-4fb2-8d02-ee2ab1fb7a6b,53021.55,"KES 53,022"
0e7f880e-13c3-494a-979a-4a59d8240000,5000.0,"KES 5,000"
5fd0a642-998e-4bc0-8c72-ac604db230a3,145265.51,"KES 145,266"
b90c9521-9676-4106-91ec-cd646e39acd8,23988.2,"KES 23,988"
07e362ca-085d-404b-87eb-6ca29cf1a4b1,82831.64,"KES 82,832"
fbab495a-a093-4a41-bbef-620826b92b1d,72259.46,"KES 72,259"
43560daa-315d-4204-8eb0-369e11477615,75747.97,"KES 75,748"
3458070b-d75f-4e60-9405-0b2d47e18c34,120917.01,"KES 120,917"
be1f2e20-fe52-4e50-a673-75af2efdb250,68837.43,"KES 68,837"
962b5e26-dcc8-4d33-9c7e-b1ff2a20be09,5000.0,"KES 5,000"
617bc172-693c-446e-a16f-0270e2c4e111,5000.0,"KES 5,000"
67a185a4-0ec7-4fce-9c18-385285ecf02b,83110.4,"KES 83,110"
6eaf9f0b-c466-429d-841c-0ff01ebd28cc,5000.0,"KES 5,000"
ebce4681-f814-432b-bdea-541c9ed10747,51647.47,"KES 51,647"
29280d13-de09-440b-a688-eb0a44351922,124854.74,"KES 124,855"
fd756667-8de8-4da6-90f6-7e53324db9ec,86615.59,"KES 86,616"
723145ec-d2c8-412c-bba5-f8b2103c3632,5000.0,"KES 5,000"
395a77d6-53a9-4bd0-ae4e-3340ae014d99,42662.54,"KES 42,663"
ee11562e-944e-468b-a904-c8a9ab8dd6dc,110286.09,"KES 110,286"
33a7ebc2-7b15-43a0-8f5d-04442f7871c2,5000.0,"KES 5,000"
c17f07ef-9b60-47b0-8075-5fb4058339f6,118136.82,"KES 118,137"
69747c06-e5ef-4b92-8639-83aa8de6ddfd,5000.0,"KES 5,000"
2546fe27-ef77-45ae-8200-1f3d0d5eabf0,23379.86,"KES 23,380"
0d6e387f-bd24-4bb5-86ad-d8b284f33ca9,70174.9,"KES 70,175"
4e826376-a8d3-45ac-97d4-86ab18046b1d,149027.55,"KES 149,028"
706a2954-449c-4aab-a34c-df155230fcf3,5000.0,"KES 5,000"
51ef10cc-cb47-467c-ae76-867ccdb1d247,147668.14,"KES 147,668"
3ce69664-4e5c-4994-8194-79ef012d8eb5,139321.01,"KES 139,321"
5aa55cf1-130a-48d9-bac7-3e8d08f32fe2,127718.36,"KES 127,718"
d7a73f1d-1304-46e5-85c3-9befbef43b57,53888.72,"KES 53,889"
20b90667-dcf2-4e71-9b9d-b016bd92998b,43812.82,"KES 43,813"
70830c41-9253-42bb-a41b-8da3cfa45d8a,5000.0,"KES 5,000"
990bbf90-4db3-4aa8-af77-06cf337857a2,5000.0,"KES 5,000"
ec7f1b18-2611-4e02-99b8-f6452853e597,5000.0,"KES 5,000"
b7f55e9c-cd42-4882-9534-9ab41dc1394f,107637.8,"KES 107,638"
b55006ee-b297-4404-b22a-e7792e801b8f,104004.53,"KES 104,005"
5aa68ce1-c7f3-4146-a3e9-5a1af741a0b7,77670.91,"KES 77,671"
a1a5f5d4-6ded-4737-9567-38d6a7faabcf,43856.97,"KES 43,857"
d596e7d0-75b4-4234-ab6d-350a100f7ee5,5000.0,"KES 5,000"
4509e8ee-4548-4e75-883c-cdd9ccf2a3fd,133706.42,"KES 133,706"
0771460a-3f1c-47e8-84b2-de1a9d5bb3a6,131657.16,"KES 131,657"
bb7c299d-e176-4013-a9c4-e5b64910b347,27513.52,"KES 27,514"
517c27db-e1cf-49fd-935e-1106c9e8a78f,49016.65,"KES 49,017"
cad77b3d-f69f-4513-8a3a-d3bcf35b697d,5000.0,"KES 5,000"
28ce048e-17f2-488c-a37a-f5c37d2cbe81,5000.0,"KES 5,000"
4ef5774d-40c7-4981-b873-5f55c3197c05,124718.59,"KES 124,719"
45fd19b9-3b14-4eb5-864a-dd8e3b8b8f7f,135138.64,"KES 135,139"
9a0bd6c7-992b-49df-8fba-040e0e587d9b,29788.11,"KES 29,788"
41d9e911-90bb-4d58-b8b8-30df3f873f4e,108108.55,"KES 108,109"
3dc81712-0d57-43ff-96c2-5f00349c9b55,66330.22,"KES 66,330"
d5c83805-f3da-473b-9b7d-06c2ad494354,5000.0,"KES 5,000"
54639a96-8234-4a2f-8e10-b63d39ca0e10,71456.77,"KES 71,457"
813ac1e7-627d-4041-b586-4785af41e2e2,68372.96,"KES 68,373"
8beeca37-d2dd-4e5f-a82e-0bd90fb7f0a1,38913.24,"KES 38,913"
cd293cd1-855e-454f-8535-b234b7220345,5000.0,"KES 5,000"
7a4eca6d-c0e7-492c-8c5e-044cd6e1e7c0,5000.0,"KES 5,000"
e31d2943-c04d-4801-96b7-5f510c3126f4,29003.44,"KES 29,003"
745088b8-c387-4163-8bfe-60778a9b5e17,79606.66,"KES 79,607"
80fde0cc-0023-47a6-bc8a-59c96f356141,127560.27,"KES 127,560"
d269b4df-0bb6-4032-a434-5b87f9fdbfde,146907.88,"KES 146,908"
3585be67-3d55-4af6-86a1-32e92450216b,67084.14,"KES 67,084"
573bb960-dd1f-41f0-9ab2-908a527aa990,5000.0,"KES 5,000"
b356277c-ef40-415c-9fc3-158177a079a1,113185.73,"KES 113,186"
e710a3ef-cc69-4036-a99b-3480e962a13c,5000.0,"KES 5,000"
65648b18-685e-4aad-9abb-e525b16df8dd,5000.0,"KES 5,000"
0d6a8c29-af59-421a-8da7-74fb1498c14b,149056.94,"KES 149,057"
15079155-f744-4afa-98e7-6455760063b9,18789.66,"KES 18,790"
ad215ad8-2f66-4676-9a2e-c5d5da03f7c3,34066.26,"KES 34,066"
85204eb1-f426-409d-9929-adf39df806cd,95152.61,"KES 95,153"
57a398fb-060d-417b-8126-222df174a03d,65423.2,"KES 65,423"
51ebf8ba-ca54-4f30-902e-4fb54f4b63d0,52346.44,"KES 52,346"
8de87517-55cd-4d39-a9c5-7c0629e979af,133497.46,"KES 133,497"
729660c7-41e6-42d1-bab0-737bd46ab8df,129298.19,"KES 129,298"
c4ffc9b5-caff-4af6-8866-57c89367be2f,105062.25,"KES 105,062"
2684e053-6232-4092-8373-2e6ec6484d11,148455.28,"KES 148,455"
ec59a472-a9f6-43d8-9f9a-a5862cce17c6,5000.0,"KES 5,000"
e3a6a8a6-a46c-43a6-b03e-8199752dc15b,118503.02,"KES 118,503"
521fb7b3-2894-46ba-8880-b57488c2745b,52213.81,"KES 52,214"
eca70068-0c69-437f-bb94-cb6296c5ee0d,70436.29,"KES 70,436"
dcde130f-d957-480d-9242-3752c67655e4,118431.35,"KES 118,431"
976b7b4f-e123-4f66-9f33-07804c58cca9,90575.19,"KES 90,575"
5bc7c16c-11d1-406e-9249-08f57100b77d,5000.0,"KES 5,000"
5474aea3-4791-4a06-b4de-39dd71174601,149683.57,"KES 149,684"
56b194eb-31ce-4bc4-a388-2d1499ef0ed3,5000.0,"KES 5,000"
a1ffbd22-3d09-4213-9033-99fe1cee216d,5000.0,"KES 5,000"
0e86a8d5-b4e4-4d0f-b010-28a31ecaaf02,54259.67,"KES 54,260"
b38c569c-61fe-4518-8514-7b94778f01ae,77197.17,"KES 77,197"
4815ad4a-78c0-4afc-9749-09c1ecd5d954,58597.49,"KES 58,597"
4745f3f0-461c-46e1-837f-c0ba18d19560,80266.21,"KES 80,266"
42b77c97-80cb-49a9-aa50-41943b39cf27,102555.81,"KES 102,556"
4e6350b1-e0ad-4a70-8321-bf892788e4a0,125453.37,"KES 125,453"
60669f55-3094-4e3c-9f98-82c13062d13d,85089.7,"KES 85,090"
de663695-e64b-427d-83c0-66e375300f46,46989.85,"KES 46,990"
bd2d49af-aba2-4c14-844c-2dee02e3ab4b,27415.96,"KES 27,416"
50bc2c1e-60a5-44f9-ab1d-f412df89f79e,5000.0,"KES 5,000"
3636b375-92bd-4c58-8512-4ffb9ab6d0f7,43139.58,"KES 43,140"
dfb44262-87db-4f7a-8293-a3c75d729d11,5000.0,"KES 5,000"
d169dd80-e37c-441e-886a-215a026ae291,5000.0,"KES 5,000"
58550fab-fcf1-4c56-b443-235087c6a1b7,97866.13,"KES 97,866"
04663f4f-276e-4f07-9621-dc45d749ba73,28579.19,"KES 28,579"
051a8b9a-259c-4576-bd73-d48737e61c90,5000.0,"KES 5,000"
db79c319-64e6-4712-a1f8-818e28022357,39919.18,"KES 39,919"
52d18073-edc9-468d-b06a-04e948d6abd2,5000.0,"KES 5,000"
80bec6ef-a70d-492f-83a1-0f27ef97b54d,49341.01,"KES 49,341"
f18ec06f-6ee9-490b-897f-b83e58ebfa9d,124554.62,"KES 124,555"
057abf75-f121-459c-86c2-8b6210c8bad7,70009.6,"KES 70,010"
7ef20621-f049-484b-b658-03542b662ac8,82896.69,"KES 82,897"
bc3670cc-95a0-48a5-8e13-d0d10881535a,53358.77,"KES 53,359"
666f6bf2-fb85-4589-8532-c8ad93b61b7c,36216.93,"KES 36,217"
2d3453cf-1333-44ac-9710-09aa3efc36a5,146758.66,"KES 146,759"
602b71cb-9d4e-46b7-be98-105888a40ff5,87426.42,"KES 87,426"
758267d1-f710-4b3a-8ac2-c5038d667c64,63251.03,"KES 63,251"
667452e6-fcfe-4199-a48c-71ab31c08bb8,106987.68,"KES 106,988"
c675cd9c-7deb-415d-97ee-927b1a98ec59,33000.43,"KES 33,000"
bc011df1-ccef-4b5b-adb4-4017d5cb54ac,121982.78,"KES 121,983"
a6857834-770b-4219-b226-080d28f50ed2,16941.77,"KES 16,942"
eee2eddb-bab5-4785-90ee-19bf2b2289a8,59802.11,"KES 59,802"
60921447-25a1-4b3a-9526-b044a5f4dc02,41106.27,"KES 41,106"
ec1b4373-c2d7-4229-ad21-80fc6f655317,138774.99,"KES 138,775"
664bfd4e-b096-4f8c-b0a0-404211855a34,49434.75,"KES 49,435"
d1e8e8d1-301e-4638-a82b-b31ed64fdd1e,97222.67,"KES 97,223"
64142344-05bc-4292-9426-65f1aaecc00f,5000.0,"KES 5,000"
ac761a25-3852-4179-89ca-8d34aa7147c4,84763.56,"KES 84,764"
10f07e52-0dfd-4ecf-bf38-1057c9e5c2fa,78583.49,"KES 78,583"
43109eb0-5a8d-42bd-8606-f1d7fcefde70,79201.03,"KES 79,201"
12205904-5039-4454-bd8c-da4de2c92e03,15976.99,"KES 15,977"
04938673-7a08-4d1f-b7fc-11fcc1677487,42977.34,"KES 42,977"
4d793999-1c95-460a-ad06-fd855364239b,102170.6,"KES 102,171"
b80d3c88-cfc5-4e58-91f6-6bb0817fd42d,59215.48,"KES 59,215"
0fbaf1c1-7505-4091-b37c-deea9870122e,26901.55,"KES 26,902"
a3a15e24-25b4-478d-8849-08a697277a02,5000.0,"KES 5,000"
b1f071d1-9bb4-4294-805f-ff59e09f6cef,5000.0,"KES 5,000"
3007040f-85e4-4ea5-a8dc-68871bd66b1e,75759.19,"KES 75,759"
13eac9ee-2138-4ac4-beb4-f770664e32f7,79202.97,"KES 79,203"
c2a9dec0-1bed-42f1-abf7-6b4cb70155e3,66899.63,"KES 66,900"
cd786aaf-6a30-4e5d-a22d-7d195c605d60,77871.18,"KES 77,871"
8f75d5a8-81e2-4aeb-bf1e-dbab3b35922a,5000.0,"KES 5,000"
28a9c3e8-59c1-47a8-8cb6-ffd30d59a308,45903.25,"KES 45,903"
4529feda-3300-4ccb-98dd-5a94ae336a07,30020.87,"KES 30,021"
872279a6-1555-454f-97f1-d2f8bf05d838,102440.85,"KES 102,441"
3617fdb0-ed86-44f0-9e98-92542b39580a,64457.54,"KES 64,458"
8c1cc686-f42e-42e8-8904-d269588df6f1,128470.99,"KES 128,471"
f728cde4-703a-4e20-92c7-d02ddbd6a655,46410.94,"KES 46,411"
856a426a-c50d-4d72-a3a3-bfe90fecf108,5000.0,"KES 5,000"
8fb08665-2fea-44bf-b7f6-4eed38cb1704,28471.7,"KES 28,472"
6fe6f8ab-a0b5-4f89-82d1-5849c2a8099d,5000.0,"KES 5,000"
3e7360e0-fcf1-410d-97cb-671361092d39,22334.72,"KES 22,335"
85a7053c-74e0-493c-ae9e-292eaee5e34f,104611.11,"KES 104,611"
5905fff2-3d9a-4720-add8-3d85a5bc04a9,42593.23,"KES 42,593"
69065357-01d0-40ac-a45a-7635617b98e7,88850.91,"KES 88,851"
4d880120-1917-4845-858d-30c1c278f051,120179.22,"KES 120,179"
324d9a07-5ab8-433c-b37c-f9901d0a8597,14252.89,"KES 14,253"
d185b219-426e-40df-a05b-2f33485f4a99,80292.7,"KES 80,293"
424ef554-4b75-4764-9c1b-da05f147cf0b,128976.39,"KES 128,976"
8d694823-8a91-49e2-b2c6-3881baed0eac,122549.12,"KES 122,549"
7765d188-a432-44c6-8621-bfe842af494e,38026.84,"KES 38,027"
b53076f7-1a5b-4771-8a24-c9541a4735f9,112803.24,"KES 112,803"
0ec9e828-df67-4647-a6c4-3a7267d23f52,5000.0,"KES 5,000"
c20c4efd-e8f0-4067-bd57-dd1ed7b233f2,5000.0,"KES 5,000"
02d328f9-7970-4ab0-b852-794848336115,88599.88,"KES 88,600"
421ac9c8-dcac-4610-a894-eabe77f2bf25,5000.0,"KES 5,000"
13be7c20-8001-46c9-af9f-4d044d1bf78a,31432.33,"KES 31,432"
812e6758-f13a-4271-9645-a8623b41db6b,5000.0,"KES 5,000"
d15d048a-f1b7-45f8-81dc-2fbf164ff0cc,88479.18,"KES 88,479"
c54527f6-a51a-4cc2-89d8-8d97c208a370,77303.2,"KES 77,303"
0bfb845b-1ab2-40e2-96a4-4641293b5491,29416.37,"KES 29,416"
862803c6-2a1c-42e8-838f-9731e2e24bb0,23389.66,"KES 23,390"
1e4d7f99-1ca1-4519-8c43-d44713c186a0,5000.0,"KES 5,000"
afbe6951-dd5f-4f2e-b076-f87a3bea6c29,120951.45,"KES 120,951"
229ab238-4c3a-4d1d-a0be-e6d4692799d2,34410.9,"KES 34,411"
1e34cbe9-aeb8-4ce7-9a4d-1ebe8b835281,5000.0,"KES 5,000"
388d4184-4fc7-4836-bf38-7e919be07f03,5000.0,"KES 5,000"
57661724-7a03-4bbb-b1f6-e1ad39715bba,135109.13,"KES 135,109"
2b22ae9d-b146-4b14-adad-dbd9a3a95eed,137408.26,"KES 137,408"
e5463934-c7c8-49d9-9dff-e32b637b87b2,55010.12,"KES 55,010"
078b2158-3424-431f-adac-0a02fa0ca9d9,24827.39,"KES 24,827"
1545dfbf-2200-44bc-8568-eb0cff7b3b1f,52427.27,"KES 52,427"
6d297adb-84f4-4a80-95e6-3f4a3f0331fc,5000.0,"KES 5,000"
d316013f-5883-45bb-8a5e-eab054c25341,5000.0,"KES 5,000"
e7b0ae68-e38c-47f2-b5b0-6e3df5770dba,42003.83,"KES 42,004"
b3a5d15d-e5a8-4d6e-b3e3-c4343cb4436b,5000.0,"KES 5,000"
992e13aa-0a3a-47ce-90da-49a441912d8e,94555.72,"KES 94,556"
8c5d30df-826a-458c-afa8-1fafb97b53d3,5000.0,"KES 5,000"
4a242a9c-6ffb-41f3-b3ae-164a5c49d5df,32435.05,"KES 32,435"
75692fa6-80ad-4ab2-a788-14a09b7a8cb4,147829.99,"KES 147,830"
9704c4c7-6a6f-4956-a2a8-966e3e9567ee,130527.44,"KES 130,527"
a6ef6db3-ad05-4d70-a9b3-f148e0d0f4ad,61401.12,"KES 61,401"
12f626c2-2bc6-496f-87e4-ad680bd4afcb,5000.0,"KES 5,000"
a5381aaf-5c7c-40c3-ae11-bc50db5ea3c5,61795.15,"KES 61,795"
d3150a13-d972-4a70-8a28-2eadeb6cdddf,149191.34,"KES 149,191"
e6223694-0200-4561-a1e7-91d1168d5e40,127071.15,"KES 127,071"
c79215e2-b8d0-4266-87ed-0b5315cf7424,65368.44,"KES 65,368"
fa08976d-f8ac-4236-ab08-bccad0af4ab5,62705.66,"KES 62,706"
22820bc2-1b40-4383-81e1-6b9f80c17812,48065.84,"KES 48,066"
a2d25df9-9009-48b2-a3cc-c5963e7f5925,27261.36,"KES 27,261"
cf1d68cb-c19d-4038-b4a4-487da6a9c514,26178.43,"KES 26,178"
60413f6a-77a3-4f98-80c8-da77973b7663,41873.59,"KES 41,874"
f2bbc562-c67b-40d3-9c9f-45ed4217fe7b,52698.28,"KES 52,698"
0272f381-9a57-4924-ab02-279b404e30ba,24353.94,"KES 24,354"
d46bf49f-96f8-40d0-8000-6b37c73408f1,108756.91,"KES 108,757"
94ecdc81-a9d1-48fa-8def-f6f4993fd0d0,5000.0,"KES 5,000"
e314f168-77cb-49cd-b4d9-7ca648782585,146064.48,"KES 146,064"
fa56bffc-e285-456f-8ba6-1f99f21f6872,134638.83,"KES 134,639"
10425fb0-e47b-48b2-a6f7-7f50493b6fdf,5000.0,"KES 5,000"
0ebcc69e-958a-4cab-ade1-94b63e4995a5,132178.24,"KES 132,178"
34b4dfbd-3e8b-4952-9e21-32e67e4dda64,5000.0,"KES 5,000"
a762eb70-b0c2-4dcc-b1fc-6834e08ef46f,127403.41,"KES 127,403"
32461061-7ca2-4787-91f6-f10b692edb71,46564.53,"KES 46,565"
4891523b-b802-4a44-9ad3-112cf73ba6a9,130088.44,"KES 130,088"
f23adb70-a77d-4120-b4bf-f71e35c7f3d7,83857.76,"KES 83,858"
8fecdc70-de8e-4718-9477-b34907b84f1d,67419.51,"KES 67,420"
75bb78d3-fe7c-4a1b-8371-1e99eb25a280,109887.79,"KES 109,888"
628ecc08-434b-45c1-8dcb-82f56a645994,61826.16,"KES 61,826"
725c9e4f-6579-425a-8709-2b9f26f64804,5000.0,"KES 5,000"
dc63f332-202d-45d4-b4d4-37ded1d11b0c,26733.23,"KES 26,733"
05d09bc8-d4ce-4e02-9d63-552593d26817,84686.29,"KES 84,686"
1c13b170-1f17-4d8f-ab96-e523be00d42d,62164.05,"KES 62,164"
8388ffc4-af5b-488e-9dd3-1cdff76f079a,64763.45,"KES 64,763"
a3e14334-d1a0-472e-bae3-89e2709075ba,5000.0,"KES 5,000"
a69bbbd8-cc26-4cfc-9b84-53e721726d0c,5000.0,"KES 5,000"
76b7e4c8-80b2-43be-b06b-3a3a71104107,5000.0,"KES 5,000"
b5500f83-baca-434d-93b4-a6464016904d,66362.73,"KES 66,363"
f0cf79d0-7cd2-4b04-a1b5-03a11aea855f,148328.67,"KES 148,329"
2a64db2f-02ba-4402-8345-a7336c3c76dc,72609.11,"KES 72,609"
d530d7bd-c4a4-4798-8d48-007abedc616d,87418.77,"KES 87,419"
63e853e6-f149-4d00-8d22-27000f33ab66,82262.21,"KES 82,262"
afc5624c-4471-492b-bf5b-1da327f7b4bd,5000.0,"KES 5,000"
449f208d-00eb-44e1-afe9-d56797481a3c,98356.09,"KES 98,356"
58bbcb5f-5089-49d0-b2cf-aef65de25392,5000.0,"KES 5,000"
5567f1ea-cd57-4639-be91-5de11c8f2fd7,28073.1,"KES 28,073"
f78f73dc-801f-459e-bf68-14034c6f101e,80806.29,"KES 80,806"
e4cc629e-2c85-45f4-8cb0-eb593471c64b,143648.44,"KES 143,648"
db99256d-bd53-489c-85e8-eae039a7f76f,127498.34,"KES 127,498"
63caf379-68e1-40e8-bbca-ad6f1b81a644,23238.32,"KES 23,238"
1db2f181-b391-41e4-a2fd-568ced4c902c,114357.54,"KES 114,358"
2f7a5c35-1b67-4f47-baf1-9f8b00008ce4,134382.29,"KES 134,382"
1a76febb-f6ab-4f17-80bd-316c7fbcdc73,44529.04,"KES 44,529"
fccd4be8-3971-474e-aa71-1d021497b04c,81292.64,"KES 81,293"
63c6b4a5-29ef-4942-872b-b91afe1cd2f0,135245.52,"KES 135,246"
3031d8c0-eb81-4255-bee6-9482883e6fab,120786.11,"KES 120,786"
c1236393-d659-48f2-ade3-f7a935fb4f89,25381.59,"KES 25,382"
0e9ba5b6-6654-40e0-ac15-47a2a0227d90,48738.08,"KES 48,738"
e57918ae-680b-4986-b983-a84f65103e7a,110552.79,"KES 110,553"
27624dad-dec6-43c3-ab0a-3a2c811bb38a,35383.04,"KES 35,383"
318adeb7-e4f3-4101-b9f9-eb9091bec4fb,56827.5,"KES 56,827"
c49a738b-7c6c-4154-bf3b-7dcfc057f672,101289.13,"KES 101,289"
6b651ae2-6bf9-4ee0-b8f0-0f67f79dcbb8,5000.0,"KES 5,000"
8de6bef0-2298-49ef-86bf-ddc58495690c,112098.57,"KES 112,099"
a09e46c0-eb55-4c37-9357-05f934948a04,144574.69,"KES 144,575"
d56a2dc4-8c4e-4524-a52e-2b53a8107950,141428.06,"KES 141,428"
0dfd422f-a2c2-4afc-a097-2733e9f84489,26602.41,"KES 26,602"
581dd8b9-a12e-42c0-8457-01112ddeaf6e,146800.2,"KES 146,800"
1a08c2ae-0fe9-49f7-a498-3b99d1018c9c,16310.42,"KES 16,310"
1719a5d2-6c92-4976-9c80-76ad1cc83323,55448.96,"KES 55,449"
880e3c51-ba3b-452e-87aa-4a6c512368ac,81314.3,"KES 81,314"
e521ca9b-6d1e-4318-87bd-8212cd8fc3cc,35213.41,"KES 35,213"
91b47d9c-0d99-4954-8e54-8f999f02d9e3,81109.34,"KES 81,109"
a3d6cd7a-c8d4-478d-8edf-882b24fb1576,94199.16,"KES 94,199"
c9bfd00c-f687-4652-8897-5495500bf6ff,56577.76,"KES 56,578"
ef0e75b2-fec0-4bc6-9a6b-f1c138d06a4f,67250.79,"KES 67,251"
1bdac05c-e9d6-4122-b980-86a4fbd23e08,93277.8,"KES 93,278"
0d526c0b-0333-4233-933e-decce7f68bec,110187.3,"KES 110,187"
364e51a4-4e94-4480-b7f0-89e5a6696107,51058.01,"KES 51,058"
5164e343-824d-46d5-8277-dde37b9184cc,101561.79,"KES 101,562"
1a28f29a-552d-47e5-8fea-0c264b55ba5e,111595.75,"KES 111,596"
4963145e-a9e9-4e6d-bbc3-5ca81bc97486,5000.0,"KES 5,000"
8718a257-b2f5-4367-abbc-111ccf01ddad,5078.89,"KES 5,079"
98b2e0a6-1075-49ea-98c7-93a4b069f572,36617.1,"KES 36,617"
25c5e27a-c949-4155-b803-39e7768eae8d,37886.58,"KES 37,887"
95edcf77-fc01-474e-8af5-d7ab87f8fa60,76852.47,"KES 76,852"
84c29fec-fcf0-4ade-87f8-37ffe37cbe63,5000.0,"KES 5,000"
daacf464-7457-4c40-91aa-e6d1248ec983,103488.63,"KES 103,489"
e61d8896-f198-4ea1-9a0b-3951479e1075,5000.0,"KES 5,000"
d291ff72-4986-49c9-87f2-fd5c6ca282a2,74682.73,"KES 74,683"
06058f8d-790b-4d71-b3d9-1aac0ceae387,82529.92,"KES 82,530"
ad16b30e-a695-412e-b777-3db7e3c89a7c,100223.07,"KES 100,223"
6de11fb7-c354-48f9-b106-5ccf6608ee82,5000.0,"KES 5,000"
cdb7e974-1e6a-47af-b559-61ee64d1af56,53190.55,"KES 53,191"
4a759f89-9796-44bd-bae0-94813ba90cb4,5000.0,"KES 5,000"
33ddb161-3d93-467c-9441-330098cab4a5,34821.76,"KES 34,822"
a9c70bbe-bb8a-49b5-bfdb-686a58b05b1d,148615.28,"KES 148,615"
72e29fbc-6a9e-45ee-949f-aab1d943395e,112799.82,"KES 112,800"
4a1277bb-3a22-4878-b82b-52b4deb73e61,62082.25,"KES 62,082"
e5b4d5a4-ded0-4973-abcd-082123ccf035,5000.0,"KES 5,000"
0224f70a-0f4a-4971-a23b-27e129e5b8a3,105809.49,"KES 105,809"
eac2e6f6-3aad-4855-83af-78c6cbc6f511,5000.0,"KES 5,000"
de55c129-53b0-433a-910d-5f5ce75c6837,96234.07,"KES 96,234"
bed19bb1-76a2-4187-af4a-6a729d84604d,119162.73,"KES 119,163"
1370e990-e250-459a-997f-d02427916c78,86449.56,"KES 86,450"
2dcf1970-c5bd-4849-9015-bda4cdb2bf02,21699.15,"KES 21,699"
37be08e0-d511-42d9-b59f-ef9cafb840fb,45789.87,"KES 45,790"
9ec56d06-22bf-4052-9cac-13fbf792d318,33824.05,"KES 33,824"
a67537bc-3bc3-4723-90e6-10a32ec191ef,144079.45,"KES 144,079"
fa4325b5-9e7b-4b94-b0cf-a061b907127a,5000.0,"KES 5,000"
3d04fb0b-a1a1-4b2e-bc56-eb4a64287d48,53009.53,"KES 53,010"
5386d0f3-12c0-4b8a-b433-025262b9593d,5000.0,"KES 5,000"
8347262f-c20f-462c-baf1-2c6105721886,27650.02,"KES 27,650"
f3cdf2c8-4ea6-426a-8184-a84daace6251,31900.36,"KES 31,900"
0dc12e0e-d4ed-440a-9263-67264bb4eba1,55782.8,"KES 55,783"
912b435a-253a-4b90-a907-d2ab8444fac8,78762.46,"KES 78,762"
96d4400b-9df6-499c-8960-a0750b724e45,67767.35,"KES 67,767"
252c33a8-bc59-495f-8dd7-469b16636d78,83015.23,"KES 83,015"
2b93d0ab-0208-443d-aa1a-5abd9cf7ce6f,125005.89,"KES 125,006"
b0f41ea9-8349-4890-9fac-d98626d38c6b,132298.91,"KES 132,299"
b78eb1d7-c671-43f8-b81a-209d3a7e1a10,146595.65,"KES 146,596"
3bc67174-0aac-493f-8928-28fda410179b,73608.64,"KES 73,609"
4910ebe9-df56-4a3f-8e00-9cc72c604acb,142196.42,"KES 142,196"
f05ec01e-602e-456c-a02e-c940bb54ec76,5000.0,"KES 5,000"
b3eb0441-6965-449c-bfad-f1f534730e8e,62855.87,"KES 62,856"
f93e8157-7a57-4c8d-a2d6-ea45fa8d0a36,69202.51,"KES 69,203"
ab7d2f68-35df-4181-aca8-5ca32bfc904b,5000.0,"KES 5,000"
9d0476b3-7a3c-4877-847b-a1f0d83a5b61,34030.29,"KES 34,030"
95266e71-3041-4048-ac1b-3c030444a148,61069.94,"KES 61,070"
5ca075b4-2958-4241-a5bb-38a7dd80e9fe,47205.06,"KES 47,205"
a80fcae9-29a0-4535-b035-8036cccd4576,5000.0,"KES 5,000"
bd8b7af8-46ba-4641-b5aa-ca0184298636,5000.0,"KES 5,000"
9437b6d9-a607-413f-935b-2f1e8cbcc71a,114770.54,"KES 114,771"
09d9a64d-a4fd-498a-b8bf-09a7a8a28c4d,143091.44,"KES 143,091"
2d65fc02-b5a1-4db7-bf1e-0fffea967b26,71693.05,"KES 71,693"
b9817e76-d6bf-4abf-b6cd-3cdec0e6ef12,114537.57,"KES 114,538"
74fd403b-7bd8-4236-b67b-66223ee312d4,87371.41,"KES 87,371"
395d8cfd-d076-4fe3-ad02-83f5c59b2f74,30857.74,"KES 30,858"
4ae82d51-1a1d-4488-926c-4c00a29c9600,47445.03,"KES 47,445"
9e90c1e0-14ae-485f-8a28-48f588d7d769,35025.31,"KES 35,025"
5690a89a-db88-4095-8e63-f6ed84dd2ddd,5000.0,"KES 5,000"
8b5ff509-2d3b-424b-a647-602ef60803d7,47499.62,"KES 47,500"
2585f368-f2eb-483d-ac16-f5789671f15e,141762.72,"KES 141,763"
7d19783e-7e94-4bb3-adb7-029ca6f7a986,5000.0,"KES 5,000"
bb3536d1-9d2c-465f-b2b7-c383e1407b5d,39160.18,"KES 39,160"
1b6a7693-7104-4a7a-8459-e432e7a2a828,115288.33,"KES 115,288"
092aa8a0-23b2-4ad8-acd3-2db95b7f8775,78582.29,"KES 78,582"
39298df7-1be1-4653-8d1a-beb4b0e80c4b,81386.24,"KES 81,386"
26a688d2-5a2b-41bb-b79b-267d5667b3f2,132611.26,"KES 132,611"
d3963e5d-166b-4d38-bf8c-31d8e852057b,64956.18,"KES 64,956"
cac3da2c-9e3d-4737-aa58-b514d007cc12,88851.06,"KES 88,851"
3d736307-edfd-472d-b62a-c10f57142198,70875.83,"KES 70,876"
891c1b46-2f81-4482-a906-0804a89f6d60,5000.0,"KES 5,000"
8008edd7-0a24-4047-971a-0f3f58b12d41,97158.17,"KES 97,158"
7ec79da6-0739-408d-a6b4-5a85916e4ceb,137753.99,"KES 137,754"
d4a33f84-543c-474b-8b66-9fcfe8293506,14654.99,"KES 14,655"
dc2eb63d-4487-4e9c-9dd7-c6dfdedd569b,24903.86,"KES 24,904"
b339c549-3cab-4ace-9383-7622bedb47ab,5000.0,"KES 5,000"
6965179a-062d-43f0-abb1-4f112338ae37,5000.0,"KES 5,000"
8307c812-7775-42a0-b560-f01e9f1962e9,66969.84,"KES 66,970"
5f865603-f226-43bf-8969-0f552b9fb196,36450.35,"KES 36,450"
70406f65-a6e7-44b3-aba1-3270ab21a51e,106153.77,"KES 106,154"
b46f6d83-c69d-496e-bedf-8acfa14a4b46,63128.48,"KES 63,128"
efd3cf5d-149e-42d9-a0b9-5b88515eb884,5000.0,"KES 5,000"
4cbd7c82-da2c-4167-9a62-7b044c2812bd,101278.57,"KES 101,279"
65577fb4-6ca1-4815-a50d-703fdebb3d9e,44091.86,"KES 44,092"
d081231e-41b1-4076-981b-778cdf3e5817,19339.51,"KES 19,340"
9b2af41e-4e73-40c1-a022-a33dd539a814,66220.83,"KES 66,221"
f5d04546-1b0b-462e-90b6-7260e17fdc99,149663.36,"KES 149,663"
c0725b2e-ce37-43d5-bf33-c61dedc6d625,68740.53,"KES 68,741"
7805474f-a7b1-4a31-b46c-faa303432e5f,5000.0,"KES 5,000"
f1c45a17-0b78-4ccc-8820-515f8664705a,5000.0,"KES 5,000"
a94a7a71-87de-46c0-a9a6-474fdb1f8013,67512.72,"KES 67,513"
6e254e04-c83e-4d15-af94-d77dd0960539,13394.15,"KES 13,394"
1c381f85-da55-43ab-b556-264e6734131d,69242.33,"KES 69,242"
13897fc8-71c9-445d-a0e5-4a3b0fd84399,83193.21,"KES 83,193"
393c424b-507f-49e7-aba9-61779db57f54,49810.4,"KES 49,810"
d0319659-a0a5-4233-8fa5-2dad1e9a4fc3,5000.0,"KES 5,000"
635b5237-61b5-4cff-8865-6b44888d2aa3,113830.43,"KES 113,830"
1e119ecf-f8eb-4f9a-b195-71a66438e4f1,85907.12,"KES 85,907"
04ec5f35-8627-405a-9505-60b5f5563b1a,80002.22,"KES 80,002"
6ebe495e-1eb4-492e-83f2-01e108a79ba1,55887.59,"KES 55,888"
2970151e-412a-4b52-9dab-41b50514a052,21506.92,"KES 21,507"
26424072-6bb1-4b44-9f23-83627a465ea2,108475.65,"KES 108,476"
d8ff0989-3503-4ff7-a79f-16c77e7b97fd,62753.47,"KES 62,753"
75773815-ea5b-4d17-bf63-109d71b2808e,25434.36,"KES 25,434"
d4ca1502-9d48-4ce3-a379-18a459864f51,88561.21,"KES 88,561"
ff6785ac-df88-493a-b9b6-5bdbfe22d610,141065.11,"KES 141,065"
bb43c421-e647-4e47-a635-dfcfcbc32017,66246.0,"KES 66,246"
458d17a9-b93b-4a7e-ad4c-8f9f6a589b0b,148903.8,"KES 148,904"
d14a2bd5-bb55-492c-ac22-da79529297fc,64508.31,"KES 64,508"
e7645186-4c70-487b-bf73-4fb43c321b60,59368.74,"KES 59,369"
608914cb-582b-4ae0-ad47-8551e3bf8358,95659.22,"KES 95,659"
e79c6c07-67af-4e85-8bf3-4e1c187ce615,5000.0,"KES 5,000"
035e20a9-701f-468b-be43-486c585a1226,142364.95,"KES 142,365"
cc42ddc9-df58-47df-8bf9-3000ee13e254,49032.84,"KES 49,033"
aa6c9b54-3d6b-43d9-8b98-7ccd3b5661b1,47694.24,"KES 47,694"
51bfbef7-4e1a-40eb-bef7-6ad6839c494f,5000.0,"KES 5,000"
f80e19bf-abb6-4e8b-bdf0-84180936722d,5000.0,"KES 5,000"
4a35cf78-17d2-47a3-a98a-b272e25af4e7,5000.0,"KES 5,000"
c0abe468-0d44-483f-a6c7-457c64b2ad9d,5000.0,"KES 5,000"
eba6a7c2-5c5d-4460-be95-b423aef55ae6,55546.96,"KES 55,547"
f1a3b36d-bf8a-4716-9b7f-2749d0f541bf,35048.07,"KES 35,048"
d613bec7-9b72-46d6-a151-f5f24055ac06,74936.27,"KES 74,936"
833ec885-4964-4d4f-b316-47166d9826b0,113518.84,"KES 113,519"
eea6bf5e-7d59-4907-bed9-6670f5316c95,66087.35,"KES 66,087"
ff86740c-fd55-4a87-ade5-d0059257f9bc,39038.43,"KES 39,038"
0f6d3504-d1f1-44f3-87a2-ca62d6f77c71,104411.41,"KES 104,411"
8732b65c-861f-4181-b8f6-ff61bfcf30f3,5000.0,"KES 5,000"
ea8ba973-d275-4171-994e-92f3b1d2d17f,82930.07,"KES 82,930"
073ba407-39b2-46b7-8fc7-2100d96b5303,62779.19,"KES 62,779"
a0cda8c6-6e8f-4cb3-9ee9-191fce6a530f,123625.07,"KES 123,625"
33fb3f94-6c44-4c4d-a312-d2d142355afa,82925.38,"KES 82,925"
98b91f38-3124-4c92-aa3f-3697fb6441a4,22558.56,"KES 22,559"
1c6965cd-12d0-43ea-872d-b25197afea9d,44944.6,"KES 44,945"
69d5fb30-3aa4-4aca-9297-b4a1a56f70a5,112712.37,"KES 112,712"
2a9babf5-6fc9-4db7-9fd2-b6d58bb604cc,66238.53,"KES 66,239"
220a21ca-e4b2-4c0f-a369-84b96e64f83e,121387.49,"KES 121,387"
65f64904-6bee-4818-b666-b2dacfa02357,15383.85,"KES 15,384"
cca52b97-8735-43f4-994a-e1ca273b9c2d,5000.0,"KES 5,000"
6b7cf73b-8f9c-4b45-b745-97eb7e3a9481,5000.0,"KES 5,000"
aaa39cda-2ade-4375-98fc-416cb62fb9bf,112989.41,"KES 112,989"
b803eff0-2e17-4428-97de-afba98e1df06,5000.0,"KES 5,000"
6d5d45ef-5642-458c-9ebe-6bae1bb4ebe4,63876.33,"KES 63,876"
1ba1b639-1459-4e3d-8bf6-376b9fa6acd4,113102.05,"KES 113,102"
86ff8d95-2734-414e-99ab-bc39c73164b9,93791.1,"KES 93,791"
71297324-abec-43a2-8f6c-9f9de48c882d,5000.0,"KES 5,000"
146cdda6-3b6a-400c-ad23-a34396339770,73548.67,"KES 73,549"
86cffa28-aa74-450a-88da-eadf6733f85c,23502.2,"KES 23,502"
b6908a7e-2fda-4436-8ead-fd9f342d6b79,149012.12,"KES 149,012"
ab1f3177-e449-46ba-9622-efdd62363fff,125365.5,"KES 125,366"
0a7a7251-a189-40eb-9b12-c4e5fac49c9e,5000.0,"KES 5,000"
8f85518a-7254-4be9-b0d3-bbba59a7bac7,5000.0,"KES 5,000"
e434dd33-f6ed-4481-881a-2154dcac35af,40733.82,"KES 40,734"
4e2423d8-a854-4734-baf7-3b8df95ef195,73331.31,"KES 73,331"
975ccea8-3a6e-4960-8f88-8dab63826241,74382.39,"KES 74,382"
2d52599d-9e1d-4521-8ae9-b8d387a40400,33512.62,"KES 33,513"
cd792118-0db2-4cf1-9e20-c44e6aee8b07,133374.03,"KES 133,374"
b47924c6-430d-4787-8cfe-e26e06a4d632,5000.0,"KES 5,000"
b724d135-14c2-4176-8776-fdba4e7d643f,60580.39,"KES 60,580"
dd4a29cb-212d-4dc5-a5f0-562971e32dbb,139525.22,"KES 139,525"
8f7f3814-121b-4a00-a137-d52a524823e9,126207.65,"KES 126,208"
88d025e5-eca4-4080-85ff-f3705dc7f9c8,47935.24,"KES 47,935"
51afbeda-b6d6-4915-9b0e-22d90cbc82ea,46997.75,"KES 46,998"
b0f5016c-4f0a-47ee-a755-acac444a2f0f,5000.0,"KES 5,000"
bbac286d-5bd5-4679-9699-f0e93c3ead84,90181.32,"KES 90,181"
5d21be83-d2f2-4911-98b8-8222e9ab16b9,129464.59,"KES 129,465"
17e2caa1-cf71-458a-8ca0-280e8d1c8cab,49133.96,"KES 49,134"
41e056db-240c-4d30-bf99-23ebe1b02792,135259.24,"KES 135,259"
9dd5367a-b9ce-4b1d-8280-b6ee6b30a2bd,131246.3,"KES 131,246"
a08862e6-c45f-4436-ae53-04ee8b6f085c,47494.18,"KES 47,494"
3f740c93-8e54-441a-b947-8326a69fe052,48369.63,"KES 48,370"
cc263602-bcbe-4807-8ddc-d04d53f3be3f,41389.32,"KES 41,389"
f51db4f0-8e98-4b7f-91e5-6eac19d135a1,78697.47,"KES 78,697"
e38ef538-ac56-4ad4-b5c4-fa2ac04d63d3,79988.45,"KES 79,988"
ee95f1ce-27af-40f7-a9e0-4082bf3a452a,5000.0,"KES 5,000"
e48b5bc7-075d-4b76-8100-acda6133ccb5,56180.65,"KES 56,181"
4aaf47da-6524-4b6a-beab-343c5119e364,5000.0,"KES 5,000"
cad814da-4993-449f-848a-ac5c7470d625,67995.34,"KES 67,995"
e6f5a65c-62ee-4734-be6b-824f00ce08ae,103333.97,"KES 103,334"
5f671943-3f40-4560-be3c-46ead91363dc,117431.21,"KES 117,431"
b6351a8d-a5a3-490a-8ef6-a780e2438527,27960.43,"KES 27,960"
2e1a2e49-f48f-4e70-8282-1bbf3f799ebd,5000.0,"KES 5,000"
296a4156-9472-451d-9978-ba08981e48fd,35206.95,"KES 35,207"
bb9eb361-bae0-44e3-a647-46acd2855f6f,147535.67,"KES 147,536"
bc9628ad-9275-4848-9f93-10f4527b7ca7,70887.72,"KES 70,888"
edb5a9de-7ab2-4745-8e5e-8ff6338914a6,33391.83,"KES 33,392"
2da704e1-e681-4a20-b7dc-257a127cbc86,116390.16,"KES 116,390"
a1bf56ea-7958-4b3f-8f4d-4cf9c499ab6a,123988.81,"KES 123,989"
440f12b7-0178-4fc4-837a-62179bb2a2ab,5000.0,"KES 5,000"
6f4cae0f-a63c-4277-b38a-85ebb02dcac2,140345.53,"KES 140,346"
78088e52-6c03-42d6-ad97-5a96f8b4c565,38626.48,"KES 38,626"
f05c51fe-7a93-4b7d-9cb7-7a1898a73779,41990.51,"KES 41,991"
f9482153-12dc-4c79-ae6e-9930802d1518,5000.0,"KES 5,000"
1854ebdc-03a2-4f41-a5fd-e5bf5f66ef90,68187.87,"KES 68,188"
0d2dc761-8ba8-45f9-899c-9335ad993946,5000.0,"KES 5,000"
95798afb-5fe6-438a-bf5b-1bae8ddf2752,104529.83,"KES 104,530"
a022bbca-56a4-4a3c-b941-679be9f6c7bf,54391.31,"KES 54,391"
c21ea83d-97ea-409e-9f24-29a7baf33932,84954.79,"KES 84,955"
517f88d6-88d9-4921-a3aa-478261733ba0,5000.0,"KES 5,000"
3bc12cef-8d7d-4b70-afd6-fb326e17d39b,5000.0,"KES 5,000"
f8d7cdfb-508a-480d-b4ee-430cfbb10ed7,73348.14,"KES 73,348"
0db324ed-3136-4cd2-b453-fbb8cee2a316,69946.24,"KES 69,946"
2f440b5c-b7c9-4838-b67a-86232afd4bd8,5000.0,"KES 5,000"
8f7ac42c-7be4-497c-bb8f-e416b0ae8161,5000.0,"KES 5,000"
839caea5-8d70-40d6-be82-83b8e07010bf,72370.09,"KES 72,370"
d88734f3-7567-424e-8154-48f92ce3b21f,130623.85,"KES 130,624"
5723595a-7841-4230-a201-75daf8489b64,97250.57,"KES 97,251"
be4134b1-10aa-4b09-b718-a4c14c8c65cc,59546.71,"KES 59,547"
1f1e1ffe-dca2-4742-8c44-b8e7a81760dd,25527.12,"KES 25,527"
1b4d2db9-1c0d-428e-b7c9-a5a1570fc6a8,88813.05,"KES 88,813"
8babfab9-9f6e-4a70-b240-bfd93d11158a,31200.48,"KES 31,200"
ff5744a9-50fd-4a45-8768-e22de55173a9,62991.95,"KES 62,992"
786f591c-e94d-4676-8c2c-6269e3448633,61533.63,"KES 61,534"
a58fc4d9-cd4a-450b-9bc3-d2a2d1e01223,84660.05,"KES 84,660"
8aad8d88-c066-4cc1-8dba-b5816de612f4,81446.85,"KES 81,447"
f5c26817-3426-4757-b8cb-4dfcde7d2d89,114334.39,"KES 114,334"
83db593a-d13f-41ee-952c-d19098668fa8,5000.0,"KES 5,000"
78b990e0-0c32-4f97-af88-2c04d63dfaed,27157.91,"KES 27,158"
68f79ece-088f-408a-8070-c59ad840b0dc,117919.11,"KES 117,919"
3e417b5a-5b4c-42fb-bb52-fc0bf8b1b494,5000.0,"KES 5,000"
545eee37-e17b-4ec9-90ff-50b1149dea6b,55403.47,"KES 55,403"
0e7dc5cf-18e1-4dcb-9e1c-6697d96176d3,5000.0,"KES 5,000"
031562e5-e247-4caf-a89e-dfedcf2ad973,53257.47,"KES 53,257"
5a7948a8-5927-460a-9384-edec8d53b1ba,110413.22,"KES 110,413"
ea1eb69c-c86b-4936-bc31-436c356202c9,38061.25,"KES 38,061"
e20d25a6-5bdd-41a3-bd61-1300e6170623,103266.68,"KES 103,267"
e82d52e0-c37f-4374-819d-5fb6e626dfee,125056.38,"KES 125,056"
322a8400-fd35-404d-96be-a3464ffe15f4,77720.51,"KES 77,721"
b0c96297-a11f-4e51-9144-49ab4fbb4481,63818.94,"KES 63,819"
f290f04d-47b8-44f9-8fc9-39a37ec67b4f,39505.34,"KES 39,505"
a0b1cdc5-62fc-4ec8-a0c1-a23536c5879a,54161.68,"KES 54,162"
e53ac9ba-cd94-4e40-aaf9-26c63fa0621a,19395.9,"KES 19,396"
1a0f6bc8-4732-467d-93c8-ee7ad1fd2ee0,107472.93,"KES 107,473"
52fa3e3d-de82-4ee8-8462-f3f3272cde9b,126264.3,"KES 126,264"
cff59b0b-cf6e-4385-987d-786372f921f7,114899.52,"KES 114,900"
9f8ba702-570b-4c7b-bcf3-1844e4b03c05,48359.38,"KES 48,359"
07a1b6a7-4a9d-4bd4-973d-3305e28311e1,99355.21,"KES 99,355"
fa566117-6428-4b7b-9f93-8048ed0c8592,111654.62,"KES 111,655"
fea9d25b-5069-49f4-afac-40cd939a677d,135486.93,"KES 135,487"
91fbe505-00fb-4fd0-87bb-4752248bd8ea,5000.0,"KES 5,000"
fe5db0be-479e-4fdd-a117-3f7c65a3cec9,85972.8,"KES 85,973"
8eff29b9-0c12-43cf-a69a-946409a1a889,5000.0,"KES 5,000"
a0401fc8-deef-4aaa-9b5b-a7a52bd6564d,53079.45,"KES 53,079"
211b6a12-3eb0-4277-a622-c7ecd8881b6e,5000.0,"KES 5,000"
96fb413a-7d89-4d63-bf76-927f32a42bd3,5000.0,"KES 5,000"
1b971b48-a7b0-4308-88d2-2a5d7730292e,5000.0,"KES 5,000"
6f654f40-0395-4c5d-afd1-fe32fdb899bb,128601.85,"KES 128,602"
bacd80c4-9d1f-4e5b-b7fd-d4af5c942b77,87777.12,"KES 87,777"
fe21ea20-8f95-49fa-b1f3-ffbe05aff8a7,88883.03,"KES 88,883"
6c5884c9-d334-457a-ae23-5ab68b7bd628,79233.96,"KES 79,234"
cec4a4c7-f5fe-4248-a794-cd5c0e23325d,62014.81,"KES 62,015"
70d5bc93-e7b7-420b-a171-c79230cc2051,53210.11,"KES 53,210"
a4554984-7f59-461e-b329-ad9095869a9d,148927.8,"KES 148,928"
046ebadd-0c32-4232-a129-59abc3113589,53493.26,"KES 53,493"
93ad4928-52b7-412b-be4d-e47b45a3d940,99522.68,"KES 99,523"
0d1a30a8-d07d-4664-8ede-840b001c4f75,38809.82,"KES 38,810"
6278c0f2-28f9-463c-9823-341d2c8e665e,146579.48,"KES 146,579"
064ff4a8-c818-4fec-a9fa-05a9647c9ad8,98633.07,"KES 98,633"
438f25b4-acc7-4fb9-ac73-c965c3d139c5,79590.64,"KES 79,591"
a54a49b3-c1f6-4c2d-a7be-b8615aa41fbf,29973.65,"KES 29,974"
5bc43a11-5f60-4c2c-8a09-cfb2c0a2cd7f,149102.7,"KES 149,103"
a131a0a4-180d-4787-9e1d-b443acbfdffc,5000.0,"KES 5,000"
be8923a8-34cc-48dc-a654-032cb61c1ced,22583.04,"KES 22,583"
8b77f505-7a7d-4c3f-8ce1-7164140a6baa,147809.01,"KES 147,809"
e872ba2c-6f1e-4555-a1b7-095836fd9cba,72524.98,"KES 72,525"
55dcd0f4-1a42-424b-9911-d0e08c475c9c,5000.0,"KES 5,000"
698baffa-2a72-4c82-858e-d02cc7afd328,149967.86,"KES 149,968"
874708b7-c033-4d1f-aec8-493cb65c62a3,43407.16,"KES 43,407"
76e8e5b8-5a14-474b-9ded-2a4db95c76ab,102608.28,"KES 102,608"
987bd0ca-2224-4b12-81b4-90a80535ae11,5000.0,"KES 5,000"
13f49a51-7046-4aa3-89d9-7a4a7122268d,122408.15,"KES 122,408"
55d84f13-cec1-4fae-9dfe-b5a8d6450af0,54276.22,"KES 54,276"
1ee40b17-aef7-4230-a95c-57aef95a5935,5000.0,"KES 5,000"
f11be06a-7f7b-4751-849f-feca2443e6c4,70210.78,"KES 70,211"
37ac79e6-9f96-4c09-b4be-5dab22575367,84509.74,"KES 84,510"
03f91e2c-ecac-489a-9a80-309e04f482eb,26366.4,"KES 26,366"
a4080b41-f6df-448f-b6a9-68d38a7141bb,44637.1,"KES 44,637"
c6372e9c-8ada-4b47-8d29-be6394b12b2b,43009.79,"KES 43,010"
e5a3d58b-6826-4eb6-afee-24b6f95cc86b,42078.75,"KES 42,079"
3ba8e4a7-ec31-47fa-8576-70b49933da5f,48950.83,"KES 48,951"
bc4daebe-3ad8-4c6d-ac19-85467d974e06,45203.06,"KES 45,203"
ab02ef03-a3a4-4ff3-82a7-ce2af078df80,5000.0,"KES 5,000"
6fd3594c-7a3d-477c-aba5-effd32ab1ee1,5000.0,"KES 5,000"
1bbd5207-c933-4b7d-9c0c-cfde58a559b2,5000.0,"KES 5,000"
a39d034e-b783-4385-b56c-e9381eb597b2,66365.15,"KES 66,365"
11d16206-10f6-4cd3-abb4-247dd2593477,5000.0,"KES 5,000"
7af576e5-7c94-4390-89f0-8bdae7d48be4,107919.3,"KES 107,919"
4a663019-8db3-4078-a3d3-8f6a544cc63e,89713.7,"KES 89,714"
95ba2df8-5e1a-450d-ab89-b38d7b91c779,5000.0,"KES 5,000"
edd6d44a-7298-4b23-ab66-f86885d82a30,5000.0,"KES 5,000"
5b7c411c-9fd6-4d88-87f9-b222038f42f4,45392.89,"KES 45,393"
2674260a-5411-48ed-bd00-2d45c4e6bba2,70373.23,"KES 70,373"
8f9fdec7-d549-4fbb-bfd4-c4680e79433b,5000.0,"KES 5,000"
3e37a88c-d7ca-4fe5-8c2e-723f48a26a46,5000.0,"KES 5,000"
3192fd7f-2008-42b4-aca9-83902c715c79,21132.35,"KES 21,132"
2f107850-ed37-43bb-b7d7-cbb0bbdb2575,42298.35,"KES 42,298"
5d521e05-6f9b-4afa-80be-b5df7737e002,77576.95,"KES 77,577"
d2344c77-bd62-4355-8ed6-b6aee939f3ea,5000.0,"KES 5,000"
e843ca7f-54b1-4128-805f-e0b2b8de0588,76831.01,"KES 76,831"
bc21d956-160e-4a86-b88d-1786c3993455,60205.78,"KES 60,206"
30856410-60b5-4229-9de6-a0d14051e146,147175.94,"KES 147,176"
f9640a7b-f4fb-45e9-aa1a-0d914a42ee69,88216.6,"KES 88,217"
3f1611ab-8a96-42e9-82c8-60edd73e370a,74171.62,"KES 74,172"
4ba63e5c-d1fe-4fa1-b9e7-95bbfd63a6d8,65409.97,"KES 65,410"
be540019-ba72-45dd-84a0-7649349e5a24,149381.01,"KES 149,381"
eaa53380-1ba3-4d21-991a-e4619a7ba639,50820.58,"KES 50,821"
57a841ca-c370-445b-9b3a-a3a094da74c0,56588.21,"KES 56,588"
2612314c-27c9-49c8-bbe8-8c4654a0c0b6,5000.0,"KES 5,000"
23b84d7a-ff5e-47c8-afa7-6f42a79b40f3,74789.17,"KES 74,789"
4e8f831c-4e47-4136-8904-a056b6548387,5000.0,"KES 5,000"
9afc0792-a591-4e32-9c80-189eb262f9f5,29535.64,"KES 29,536"
ac161121-496f-4f5b-a785-dd191a7f015d,95044.01,"KES 95,044"
67e8e946-a0fe-4957-ba1b-8d67e26772e4,38333.67,"KES 38,334"
88e3d0da-4376-4045-b6bd-aa23c8d4f792,50743.92,"KES 50,744"
3d23d5c9-f298-4656-bfca-d61060d8c070,63664.76,"KES 63,665"
ae54b397-df67-4b7c-861a-a8f98b5b6379,96513.62,"KES 96,514"
3618dfb6-b210-4879-8492-7ea6af00dfd6,93875.88,"KES 93,876"
f080dbd7-e3c4-4b4d-abd2-700f78882585,29959.95,"KES 29,960"
b87e26d2-ef9c-47a2-9444-61d27fec6081,80331.72,"KES 80,332"
2a8d6a7f-c0dc-4f46-9e53-6e364e957ac2,82360.23,"KES 82,360"
f6fc9eba-3d5b-4b53-82c9-38f2903c90e9,109389.83,"KES 109,390"
b5995a6f-725e-4e3d-b462-fe11b075dbec,146602.14,"KES 146,602"
809575a8-f734-44a5-9a9a-2cee768be856,5000.0,"KES 5,000"
912a1e92-b8ec-4fba-b597-a37ea9cdc685,79078.44,"KES 79,078"
add80eda-c218-4b2b-976b-9978d627e3d6,5000.0,"KES 5,000"
a4a1bcd6-2ad8-40ee-bbf1-1f4ac6c9e303,5000.0,"KES 5,000"
3ee45116-bd58-4018-a044-9a399f5025ea,25079.3,"KES 25,079"
e1f55bfa-be51-431b-a5d0-d37fb39dc255,62123.11,"KES 62,123"
5cd18ec3-426a-4d9b-aed6-cc2ba8a1958e,86061.78,"KES 86,062"
c8067a59-bba7-492c-ab29-ebcbd65b0bce,85661.57,"KES 85,662"
d6b4cc75-e484-4d3a-bf31-471a8461a047,95099.57,"KES 95,100"
a7223c8c-e706-4c6c-851f-282d66172432,47460.2,"KES 47,460"
2ece0955-64d3-41e9-9060-05daf58d377a,103263.49,"KES 103,263"
e44f0c5d-1d31-402b-9c9b-875636446ba1,23875.43,"KES 23,875"
580a68a3-c6dd-4743-b6a4-4f3133a4912f,84800.33,"KES 84,800"
86ba169b-3f76-4a34-be62-77ce71881450,21917.53,"KES 21,918"
714055b6-5720-4e97-9226-bafdef05fee3,5000.0,"KES 5,000"
a7099049-f6c5-4d75-a488-c98454da9732,20467.54,"KES 20,468"
88ef370f-997b-4b0f-a973-2a1a74804c9f,79928.44,"KES 79,928"
aadc6767-3d73-410c-9b01-fc6339c32bc7,101710.59,"KES 101,711"
e0c2fb0d-1c5c-42f4-b8c0-5906b7e25a98,17064.17,"KES 17,064"
662a960f-b9a3-4314-8340-a276a29153cc,121263.53,"KES 121,264"
88271cb5-325c-446b-bbfb-28daf5b0276e,110458.78,"KES 110,459"
c1503f70-f970-4baf-9587-14bd3cb342ba,83413.33,"KES 83,413"
df9d5e05-10cb-4c87-a466-c717aa7b4dc8,141407.98,"KES 141,408"
9deee79d-14cc-4c3a-bb0d-2d407ace3746,66835.12,"KES 66,835"
ed3710e1-b73f-4da3-a620-f9ab0f1f229f,70800.99,"KES 70,801"
a6d8b1a0-1f9d-485c-be9f-b64af9d9635c,77118.62,"KES 77,119"
ec41695b-f177-4006-b33a-abf888b98395,5000.0,"KES 5,000"
ffb4f533-dc5d-4a47-8280-cf9c42e0d029,58917.52,"KES 58,918"
b9ce443b-0029-47ae-904d-108a0404db0e,137186.73,"KES 137,187"
16697c75-2563-4909-a9a7-fbb37f39e684,137101.57,"KES 137,102"
89ca9ebe-6b19-466a-82fb-1646445a3acc,143846.85,"KES 143,847"
07e8fe9c-6115-418d-adf6-f9257a6f140e,113136.05,"KES 113,136"
89f57851-c2ac-4f00-973d-caa7e0d7ac8e,24943.52,"KES 24,944"
ae667140-1ea1-49d8-816b-292d28925e06,86130.32,"KES 86,130"
9adc29ba-a585-4376-a451-65a4754f7e5e,131359.38,"KES 131,359"
90d9d2a7-12d6-452e-a3c3-40ed869dfafc,82666.52,"KES 82,667"
27acdf3c-fc66-4dfa-bd47-bde5437ea595,100718.73,"KES 100,719"
46771304-697f-4e0e-b828-c98e71a34ef5,36000.12,"KES 36,000"
7a48bfad-c2d4-474f-9246-32db5de4efa5,63360.81,"KES 63,361"
33791292-8db3-4d0e-93ad-6ba1a6466d83,48132.68,"KES 48,133"
5eb4894e-58da-41aa-a963-306f5e61f113,86022.16,"KES 86,022"
9954a383-9e30-4786-be6d-69d4cce556d6,142971.85,"KES 142,972"
6770ed65-4087-42f7-9af9-2158eba8f47c,55900.99,"KES 55,901"
ede0876a-c78b-4c1c-a091-88fc70d6bfc1,5000.0,"KES 5,000"
a63a41cb-a428-466b-8ace-c7a7c7d5b19d,75806.07,"KES 75,806"
476ef1a0-8379-4967-be94-ccb16b5bc136,127435.74,"KES 127,436"
abb305cd-aa3e-477c-9411-683a32e41917,109584.13,"KES 109,584"
09d56dd1-1763-458d-93cb-98ec4891bd6f,116334.02,"KES 116,334"
f9e1b17f-a43a-4423-882b-36d77a725956,34226.68,"KES 34,227"
0e74c17b-6c83-4aa3-bc6e-373f29948d8e,70005.03,"KES 70,005"
da85f493-2ba3-4465-8ee9-7baefda9e3cf,5000.0,"KES 5,000"
ca207c33-7d43-4dc0-ba46-307c23dc43ef,24125.29,"KES 24,125"
c620a18c-68ed-4bfe-a384-caa7ca8d7ce1,73887.83,"KES 73,888"
3b532085-b83e-497f-b369-215327b5b713,134281.02,"KES 134,281"
7bb9d3ec-a469-42c4-9f50-0a6727817cba,57832.68,"KES 57,833"
2b079aff-8fab-4bab-b767-87aa15b34d7c,124048.65,"KES 124,049"
3b1cf54c-23b0-4c61-aceb-3d1a8afe6ac6,65532.16,"KES 65,532"
d5188dc0-36ed-445f-8328-47621dd56ff2,86650.8,"KES 86,651"
532a62a9-928c-47a8-9dc9-918992e4ed70,136594.76,"KES 136,595"
5ae4420d-ed75-4e80-90e2-8191a6f73b63,138347.28,"KES 138,347"
92828d7d-5fd6-4046-a771-48e3d00d66bd,81921.11,"KES 81,921"
7c4ba82e-8d49-41b1-9d78-b179631ea80c,21071.79,"KES 21,072"
2fda550b-6bfa-4916-a9bd-1ea73ee8ba23,79574.36,"KES 79,574"
c4529b17-c0ea-4b60-9270-1a83df775fd7,5000.0,"KES 5,000"
856e0c22-fb6e-4805-8288-9c6b88ae8b7f,54068.52,"KES 54,069"
8a1210d4-0d34-45c6-bf75-149b7947d24c,26627.89,"KES 26,628"
3aa97324-4be6-42d0-99ea-8a1f2831f55b,17877.44,"KES 17,877"
7713743c-8f4b-46e1-aa27-574ae395c621,54149.88,"KES 54,150"
d1ead716-9de6-4297-bec2-f08ab9c9927e,5000.0,"KES 5,000"
83c51d6d-cd04-45ce-8a52-eab055ac1c99,5000.0,"KES 5,000"
a719b562-85d8-4742-9324-576ebcf123c3,136013.95,"KES 136,014"
74fe0235-f4c8-4e53-be7b-c286f24276a6,70108.81,"KES 70,109"
75721c6c-5cbc-46b6-9f5b-2a5123c4cbd6,5000.0,"KES 5,000"
2a36b35f-6892-4ca3-b42c-8f6bfc3e848e,97011.36,"KES 97,011"
84bb2310-2087-4ae6-84bd-aa7bf30419d6,41353.94,"KES 41,354"
da5b610a-537a-4461-bf7c-abcda992d145,47946.39,"KES 47,946"
a8b33703-5c51-48ff-9a51-9cce1b9712a6,119204.67,"KES 119,205"
1eeff8f1-0672-4a7e-9b8a-9c3b5f7db028,55115.32,"KES 55,115"
cac5020b-52f8-4f24-8371-8e30b8ffdcdc,51671.96,"KES 51,672"
61c44f8c-aa51-454d-b0c5-a4e4bfc49ec6,5000.0,"KES 5,000"
f4317a0e-327a-4e18-bf24-77b9f3af8e61,25887.14,"KES 25,887"
8678790c-c6d3-41d1-9e2e-f4aab5732319,93142.07,"KES 93,142"
ec2180a0-f75a-4b68-86b8-a96e4c110c81,88031.05,"KES 88,031"
bc85de81-5cb2-43f3-a9ac-611463f3c2dc,41330.7,"KES 41,331"
dbbfb72b-9f9a-4508-a15d-1438f81594f4,52512.63,"KES 52,513"
d49a6cd2-de81-4a6b-9131-c0fa08017b1f,62062.33,"KES 62,062"
f0453c06-4db2-4c06-bb80-c3554832a221,146414.58,"KES 146,415"
129c65fc-775b-49dc-ac64-4a17e779b363,73303.72,"KES 73,304"
9e2de7b7-706b-401b-b8fb-9d42a8050f16,87999.89,"KES 88,000"
f7c79c6e-2913-441a-897e-cc134c5776b4,136346.66,"KES 136,347"
d19eb475-4068-43ba-8fae-914fb19cfc1d,64794.85,"KES 64,795"
c7582886-d2f1-4ea4-bf38-97d65b4862ea,109470.15,"KES 109,470"
1dda619e-5a7b-4a16-8a8f-42fac7a1dab6,104870.69,"KES 104,871"
26892a52-8db2-4e7e-9d01-d5313534688a,88603.33,"KES 88,603"
72ef9401-0aa1-42b0-abbd-90fbf626237e,5000.0,"KES 5,000"
c59a6d9d-6179-4089-a2f5-13f21b72a6a1,54858.07,"KES 54,858"
ce4728e7-4b8d-45e9-ab14-19eb7df0c5d6,95323.09,"KES 95,323"
1e5e318e-246d-47d9-959d-31ad1d555d7c,52016.37,"KES 52,016"
6438dd03-90a6-4768-8431-64320948441b,92144.15,"KES 92,144"
a4ed60fa-bc10-42d0-b3fb-ec088181b1da,144952.12,"KES 144,952"
256ebb09-8987-4f1b-8614-fcd5c155f4df,5000.0,"KES 5,000"
0c3cfed4-ddc5-4c05-b317-08568ecac558,147157.35,"KES 147,157"
658d5eb7-ebe9-49ec-b753-0005c777eb17,61114.14,"KES 61,114"
a28ea149-29a5-4a41-aaef-a116393e51fd,26483.48,"KES 26,483"
0aaece2f-318c-4e8e-afae-eee8e2fc37f9,130720.74,"KES 130,721"
e4acb3eb-4736-4aba-89cb-360bea736ac5,34733.23,"KES 34,733"
df1d9105-2704-46a1-97de-514ff4bcd30c,115586.87,"KES 115,587"
65db0bd5-eb90-405f-8621-29548c2d19fa,149718.05,"KES 149,718"
6455f881-0492-46ab-a181-b38146d639cd,5000.0,"KES 5,000"
dc6d7433-037e-4054-8c24-37bf57622d87,5000.0,"KES 5,000"
c60704d1-59b3-4bad-a3a7-6eeaf5942b76,109234.59,"KES 109,235"
0a1428f7-988e-47ba-926a-aeff2619b76c,89728.97,"KES 89,729"
1ad0de48-789b-408f-a675-4155d5d5d7ea,66726.77,"KES 66,727"
91ff4402-0bae-45b2-b6d9-eb9f885c9e44,30146.04,"KES 30,146"
d4a9ecfa-bcbb-46ca-b635-b84979956510,122310.8,"KES 122,311"
f94185b4-c90d-4826-986a-c57792e18090,57857.04,"KES 57,857"
347dbc38-c2ba-4231-9e06-44401853d0f5,18507.66,"KES 18,508"
01e23e25-b1a1-4155-b69a-bae34f87dff3,96917.41,"KES 96,917"
3c8e2f93-4740-4390-af11-8bc985ac535b,74391.12,"KES 74,391"
b721994b-be3b-40ed-b80f-dc34008f5184,96573.17,"KES 96,573"
a5aaefbd-c1a5-4f4b-855b-4dd049c64a6e,31886.24,"KES 31,886"
6684c2db-2c9d-468f-96ce-b679e2970856,5000.0,"KES 5,000"
3a246e48-7b0f-4575-9bde-4c0d81a273ac,28510.74,"KES 28,511"
71246487-30c8-461e-985d-e8c898fb63fb,115096.93,"KES 115,097"
6bfd1e00-7673-4c92-9848-b3b78e030da6,131978.05,"KES 131,978"
5a04a3f8-cdaa-4ca2-af4e-1963e2d49fab,37846.44,"KES 37,846"
dbd88795-f571-47f6-af04-8530f584ec88,141717.98,"KES 141,718"
3c196188-5c14-48ae-9632-d2d58239eef7,60686.0,"KES 60,686"
1753ad8e-2735-49f8-bb6d-764a1086b7a0,140083.14,"KES 140,083"
70ede390-a156-4cc7-8e8d-f4d4fd7a187e,5000.0,"KES 5,000"
194a4473-7ff2-480f-8f06-4536888d918c,84576.2,"KES 84,576"
57ded203-4a35-414e-afdb-b384596239d5,97117.96,"KES 97,118"
0e0ba92f-ff25-4b17-a73d-cfd3569368c3,46104.01,"KES 46,104"
df28ae00-15d5-4eca-a31a-ac8148c1437f,69077.23,"KES 69,077"
4a84553b-256e-4547-84d6-cc0f0742185b,118912.54,"KES 118,913"
991053d6-f55c-499e-a236-18bbd5396550,138271.52,"KES 138,272"
6c60b9e0-2b7d-4862-ad97-dca0ec822baf,101221.9,"KES 101,222"
c9c21ac4-60d6-4160-b8d4-7590d9b1fad3,50909.54,"KES 50,910"
c7cc4135-6b91-4cda-adf9-d6761876f0b3,104667.2,"KES 104,667"
f36c39ed-ec9c-4038-a9a3-8563b1932d99,38139.89,"KES 38,140"
b1e87a48-6241-4dc7-a59d-0c4fc0c2ac1d,5000.0,"KES 5,000"
fe7c21cf-ae16-4f2d-b04c-54690881ed7a,42244.16,"KES 42,244"
f0990d46-01fc-41e5-b33e-08fef6066b03,20674.64,"KES 20,675"
ee99a909-9329-4350-b6cb-4c05b29c7f8d,73679.81,"KES 73,680"
293ffb0b-3139-4c16-b000-69be78bf7d4b,25781.8,"KES 25,782"
adc9b09c-49cf-427a-a679-18fcd0cdf2fc,62408.78,"KES 62,409"
ce82a25e-ab65-415e-90af-bfef53b49812,136325.15,"KES 136,325"
cb56c197-0810-410e-9b53-5c6b79384d02,5000.0,"KES 5,000"
4b2746c9-6fa9-4320-87b2-798efb2347ff,62437.24,"KES 62,437"
e9d9ee12-5c7f-47d2-b26a-e8fd30ded4d1,101251.77,"KES 101,252"
fb6f941a-5351-473a-978c-ca8f6d8d5b16,5000.0,"KES 5,000"
6a9039c9-9259-4ecb-b87e-92f9863e42a2,5422.31,"KES 5,422"
f5e04620-5cb6-45e0-a16d-f9fd1cf35fd6,103392.55,"KES 103,393"
f187f645-0d22-4487-abf2-489f267b48ac,123416.53,"KES 123,417"
eaac423f-d084-4a08-9601-d732640fff4d,72203.77,"KES 72,204"
aaf9a48b-2df4-4838-a626-ea435e186f74,5000.0,"KES 5,000"
74013707-9c8b-4308-978d-2d81364ce3dc,43784.08,"KES 43,784"
d5f71145-252d-4c68-90c4-3bd67fa9107a,148510.38,"KES 148,510"
cf42ce7e-367c-4e82-b774-3773c7e9a1ae,125382.87,"KES 125,383"
e9d19057-b873-4490-bb1e-a5b5b52f312d,50668.66,"KES 50,669"
42872923-1597-4aa9-b298-08d718d54346,60974.69,"KES 60,975"
7ec790cb-ceb2-4095-8466-204b944aff30,5000.0,"KES 5,000"
413cbdc6-202a-4c84-af2e-74fc4a4b168c,14306.97,"KES 14,307"
a48be6f0-04f5-4f62-b607-cd2f0d6df578,78482.12,"KES 78,482"
634ddd94-fd36-47f7-bfad-d73c6b6ca151,100702.09,"KES 100,702"
068e6a2d-720d-4805-b8d5-55006ebb3cb8,71732.52,"KES 71,733"
9aa8552a-8f50-454b-a075-e0b617a1cb74,14107.05,"KES 14,107"
3806d09f-c25e-4fe8-954f-a550fbdeb2bb,75565.57,"KES 75,566"
43aa09e3-ae9a-47fc-92ac-16dc3f8cfe25,5000.0,"KES 5,000"
66c9899a-77c1-496a-ab4e-bd7425668665,140253.09,"KES 140,253"
787f85a8-b587-4369-9a7c-6be5ae411ca0,115376.71,"KES 115,377"
ea057ec5-187e-45cf-87b9-5e4fc30d5659,5000.0,"KES 5,000"
97309eea-fd8a-4498-be3f-213891f1d57c,147033.36,"KES 147,033"
36301c72-97bd-4632-b697-a421caff4689,148105.21,"KES 148,105"
9fd1d6bf-97d0-488f-9836-fdaf503ff72a,72368.84,"KES 72,369"
be7b4e66-bdae-493c-ac6d-3ced52abd7d2,5000.0,"KES 5,000"
23f28858-2e27-4ea8-80b3-ed798df0b841,74971.16,"KES 74,971"
ee92cab5-cb46-4200-adfd-c007cbb5648a,109220.74,"KES 109,221"
35f075ba-e890-4bf4-b147-60d25521aeef,5000.0,"KES 5,000"
fef12c8f-f997-4721-bbec-8009d84f8076,5000.0,"KES 5,000"
11d02ebb-9b84-40da-9106-ec9fca2c0b32,60449.29,"KES 60,449"
b41df814-36b1-4b0a-811f-5231d0daa868,52373.31,"KES 52,373"
180168c4-e619-4049-a726-dbe3baa98640,109557.22,"KES 109,557"
46d9fa8d-2af9-42a0-909f-6e9c73b311c6,5000.0,"KES 5,000"
57c3b5d6-5b18-4f64-8594-779465e7d30c,75165.5,"KES 75,165"
6264d7a6-eeec-4622-9527-2860382d88c7,5000.0,"KES 5,000"
faaf45f8-262f-4360-8d37-f9fc4ebc6da5,149608.74,"KES 149,609"
619fcbe7-fecb-47f0-b9a9-1183c03d8bc9,98766.06,"KES 98,766"
6eb62ba7-66d7-448d-a94e-8d7df302d09b,5000.0,"KES 5,000"
1533746d-77c6-43fc-812f-84b509dece7a,5000.0,"KES 5,000"
384fe0c1-eb0f-4688-90aa-9aab05498cd1,5000.0,"KES 5,000"
8415e80f-1f8c-44b8-8800-2f1b61edaf52,108147.08,"KES 108,147"
741a9340-bbfb-4f52-afa8-e4d3397ee0b5,119455.76,"KES 119,456"
96093411-e0f7-4450-addf-6bd737955d21,107230.69,"KES 107,231"
afbfe07c-f0bc-4eea-8e4a-aee3b369012b,42510.48,"KES 42,510"
0b67b6bf-cf64-42ab-b609-6540d5e62ad6,96622.01,"KES 96,622"
6855a877-2f08-409b-bda1-2feaa074c641,148869.64,"KES 148,870"
8a4beaf4-2fa8-4ac2-8bde-475f7cfd64c8,142199.02,"KES 142,199"
cdd7d207-22d7-4bfb-b389-5b1d0146b603,111089.53,"KES 111,090"
6c8baa26-954b-44e3-a537-4562f87c5991,77431.27,"KES 77,431"
5abd2ba4-4fd9-46f9-a804-bdd694e857b2,54449.15,"KES 54,449"
2a809efa-b5ff-4dc0-9170-4b201dd1a048,57908.5,"KES 57,908"
e8244d24-3fc9-4d97-a16f-1072d6f3fa50,98130.94,"KES 98,131"
4bbcc647-599c-42de-97e7-b20d7f1206ed,5000.0,"KES 5,000"
de637f00-670c-4e7f-a501-e35dd86396e5,49385.18,"KES 49,385"
c3826d73-344c-47f9-983a-45d9e9c4d92c,5000.0,"KES 5,000"
a903bb75-32be-459f-b0b8-303aa34eedd7,58500.14,"KES 58,500"
9937a5ef-8439-48cb-95eb-5afb5247085b,129826.84,"KES 129,827"
7a3203ea-bcd4-4574-8268-0aa90c08eb8b,147065.45,"KES 147,065"
c2179ab4-cead-4695-80c7-1cbef0208a26,148811.87,"KES 148,812"
c9b319bd-33eb-4368-a932-a7ae5db3d641,62303.61,"KES 62,304"
64d39e53-272e-4c21-a1e3-bbbd074db677,145018.25,"KES 145,018"
2e745442-375c-4f3f-9f83-38a8db01507d,5000.0,"KES 5,000"
92641a57-2fdf-4977-aad9-26e3bdfd7663,46326.62,"KES 46,327"
6df429a2-824d-422f-8ab0-330c0f2335e8,128738.2,"KES 128,738"
b2fd56d2-7a67-4145-b35a-62bab15dceb9,5000.0,"KES 5,000"
00ca4c1e-4c14-4ece-812b-7266c13c56a2,95600.6,"KES 95,601"
42fdf95a-57cc-4de4-943a-ba582923a63f,110120.32,"KES 110,120"
2447034f-868c-43ac-a4d3-a239271f9bae,19794.34,"KES 19,794"
e39bed03-910e-4751-b8da-46bbe88f244e,5000.0,"KES 5,000"
694a2b3c-a213-4e61-843d-7861e9de4a2f,52139.21,"KES 52,139"
0fde88bf-2b96-49be-9423-da57f22e1512,5000.0,"KES 5,000"
7bbc85db-0dee-4b08-872f-9ece89105357,33879.19,"KES 33,879"
db1d4bb3-71e0-4370-a454-01895f1cc6a9,51876.64,"KES 51,877"
816b21f8-94ab-4e2e-906e-15d4ef9f6d83,88971.04,"KES 88,971"
d058b27d-82d7-468b-aa1c-095dbb0db37c,57741.21,"KES 57,741"
3512c4b9-e116-4faa-accc-0f3da8ce434b,5000.0,"KES 5,000"
e51bc47c-71f0-482d-bcb3-43c5b3647b2a,5000.0,"KES 5,000"
a84ce9fb-39d5-4678-a52a-ae32bb84c185,65371.07,"KES 65,371"
011d9185-a88c-445e-bb90-adce9e799cd6,5000.0,"KES 5,000"
015342ff-b59e-4e04-8bfc-f0e4b646958a,89719.1,"KES 89,719"
1f0af180-48c1-41aa-9fba-b5f5af9ce44c,61080.17,"KES 61,080"
d7f987ac-c114-4671-a63d-cc1aedcb7c1b,20218.53,"KES 20,219"
ecf27d4e-2b68-40b4-bdd7-90da0255e964,5000.0,"KES 5,000"
1e424045-5791-434b-af56-3d817c7422e4,77447.67,"KES 77,448"
4d7c32c4-06d7-46f9-b3ea-d234ba2024fb,113906.34,"KES 113,906"
bd8381f8-55d2-444e-9d4a-87551beaf4a5,35372.39,"KES 35,372"
42f9b0c9-8f02-42b3-a6ac-033381f21e52,72704.7,"KES 72,705"
8ef3f2dd-7a48-4ee6-90ad-7b30b2ccf04c,142757.54,"KES 142,758"
a6c6130b-0507-468f-8d6a-45b67ce1bab3,28274.64,"KES 28,275"
72cd0f6f-5ac0-4f1e-9508-efa565069649,35701.58,"KES 35,702"
7a939f4d-5067-4dc1-8dfd-98b58f105706,91134.57,"KES 91,135"
7e0708b3-f5df-4100-961c-9f651e750dc4,37179.63,"KES 37,180"
94a6b6a1-b34e-441a-8323-0c153d045986,72407.53,"KES 72,408"
aeea3c6c-3331-408c-985a-bca9428e420a,5000.0,"KES 5,000"
a7cae674-23e5-46e6-af98-b1b643736721,84839.49,"KES 84,839"
d59b92ae-cdb2-47bf-864d-4d7c34039188,127024.64,"KES 127,025"
416ab8a1-7ff0-4b76-9e26-bdcb032f0858,5000.0,"KES 5,000"
a6dc430a-b5c1-4972-80ff-dc2e0de0caa5,80823.42,"KES 80,823"
7cad449a-f348-4221-96ce-62e2ede868af,149176.6,"KES 149,177"
e1cbea09-33f9-449c-a314-e1a8a6359609,90534.55,"KES 90,535"
471592f1-7970-4441-a965-d4a39b6c075d,68172.62,"KES 68,173"
c654a2c1-796a-456e-bf3c-74cf16ef18bb,135280.62,"KES 135,281"
10cc73cb-c01b-435c-b997-7bc84946b87e,5000.0,"KES 5,000"
53b4802b-6b40-48c0-bba1-45a838b6b9b3,105625.09,"KES 105,625"
029594f0-2654-454d-b6fc-efb57d504a43,87453.71,"KES 87,454"
275e903b-c9fe-4eaf-bffa-803f22218c17,125332.31,"KES 125,332"
b8385080-d165-44fa-9df3-0c7817045c5f,77015.91,"KES 77,016"
83f18345-f8d9-4458-a0fc-350936f2a650,55529.77,"KES 55,530"
3b52942f-dbbe-45c0-a431-ffb11dabace8,31509.32,"KES 31,509"
b433a96c-e212-4c7a-841b-9aeccb3d72c7,38617.0,"KES 38,617"
aad6a4c7-17eb-4484-b821-d95068b3c6cd,5000.0,"KES 5,000"
32fa7d54-5652-42ab-9417-cb456fd0fce7,41816.82,"KES 41,817"
5d6ccd5c-05cb-40b3-a8eb-7882ba448b08,55241.28,"KES 55,241"
65de6d1c-fa3c-40d1-92e5-6e3dbfb9e7dc,126913.12,"KES 126,913"
524c383e-5275-4dfe-a999-a834ad60e093,73271.29,"KES 73,271"
424afb57-5115-40fa-9253-d0815471a628,96819.6,"KES 96,820"
22062092-d370-446f-bb5d-5a29101f4659,5000.0,"KES 5,000"
7b16c58b-2681-40eb-9334-8598316ef2b9,73377.93,"KES 73,378"
a482396c-32da-4374-8015-f6f6ed91f34b,95382.1,"KES 95,382"
92d30740-6897-483f-99c3-cfbfd7f4b554,49250.63,"KES 49,251"
506804cb-2353-4ae0-a63c-e16de64573b4,121629.74,"KES 121,630"
55084ad8-2603-4a20-8b66-9acc48716eca,86363.59,"KES 86,364"
951bbb43-012e-4f9d-83d6-75b0cd08e25c,36153.21,"KES 36,153"
b193fb10-6581-40df-a596-a8b63ab6ec5c,79018.4,"KES 79,018"
037deec4-f3a2-4cd9-8ab8-cbd804713625,80143.65,"KES 80,144"
b96ecf47-1f1b-447f-9c53-b6de9e5c6b5a,5000.0,"KES 5,000"
ab3a8284-6b08-4091-8807-bc835379fd62,73857.75,"KES 73,858"
c09e4eb2-977a-429b-9538-da801e1ac6bf,38076.79,"KES 38,077"
0bbc67ca-47f1-4859-acc5-56c81f4dd86f,124269.71,"KES 124,270"
6f15e9e2-54f0-43bc-a5d8-fcbbaf8332dc,56319.72,"KES 56,320"
6b28ed02-c6e7-4e06-bc5a-6efa12807ac0,5000.0,"KES 5,000"
03432315-a3a7-4b06-ac1f-8eda49d55b9c,134928.41,"KES 134,928"
292262ff-98e2-4032-b2a5-1b46f784aed6,149147.14,"KES 149,147"
ede42664-a825-4c19-8c48-ec0491543fb9,69939.98,"KES 69,940"
1a9833eb-6818-4691-a4c2-66bf75028238,62700.13,"KES 62,700"
b9ca81be-32ae-4297-b78b-30fb982114a4,110037.64,"KES 110,038"
1b74c47d-3702-41e0-9df6-e8977556d95d,62137.72,"KES 62,138"
fa0bf0a7-782a-4b77-8372-28bee7d99167,5000.0,"KES 5,000"
d332404e-f9a4-4d99-a852-cc9d321afa81,77979.0,"KES 77,979"
d2beabd4-7b3a-4456-8ed6-d63879c0eab3,129545.21,"KES 129,545"
64b26a5d-da53-4805-90f3-d275342370c1,26495.67,"KES 26,496"
3f77b7b4-be73-4afe-b325-ad6584c61a8c,54992.0,"KES 54,992"
eb1307bf-27e7-4205-b8f2-ff656208aae4,86250.75,"KES 86,251"
339fe48b-cda8-4ea8-8c39-0b902709dbbd,5000.0,"KES 5,000"
73f5ddbf-5737-47ab-857b-b049499885fa,59302.41,"KES 59,302"
b7e434d7-5826-4727-a77d-66e8c42dd585,63398.03,"KES 63,398"
038218ce-5882-45c6-8bf1-30f825eab4f5,86390.17,"KES 86,390"
38fead80-2663-4159-81d6-9379686c57e6,5000.0,"KES 5,000"
97975ec2-307b-46e9-a2e7-e10e4cb94cdb,114750.64,"KES 114,751"
0a4fa05f-1261-4747-ab31-9f0ce1fc0d2a,5000.0,"KES 5,000"
94481a80-2518-42de-b8c5-fe9fbea0a5d1,113585.16,"KES 113,585"
ae801c05-4fbc-4272-87d4-cc5c5d4732ad,41812.83,"KES 41,813"
ef7615f2-68eb-4f57-9216-f23a665a3685,38900.43,"KES 38,900"
382ebc43-cd70-40c2-896e-6b95df5e2667,149870.72,"KES 149,871"
46b00d79-5a11-4a29-9a0e-84522f4447fa,53232.81,"KES 53,233"
291e6020-1008-472a-8e70-bcec8c9a3202,65826.6,"KES 65,827"
74f2f6d6-45ad-4aa3-b338-7139054cb2a5,60927.4,"KES 60,927"
714b02c7-7112-49cb-85f6-b078a0e0b24a,75407.65,"KES 75,408"
67261d2e-af2d-45b5-a7db-28e274401db6,59529.64,"KES 59,530"
7b8188b7-595f-4b6a-ba08-4dda2588a167,23368.88,"KES 23,369"
ceafee0c-4ca2-4726-b75b-7be21c1816e2,5000.0,"KES 5,000"
440a6502-ac0e-4ec7-aee8-0de945cda69c,38215.22,"KES 38,215"
24c8c546-1fed-4639-84a7-e7e4f1c1bee1,40733.31,"KES 40,733"
b507b9f5-a075-43bd-9cf7-70ba5065b026,49712.54,"KES 49,713"
fa88339d-5bc5-430e-8a9e-241454503402,5000.0,"KES 5,000"
99371e62-f433-4844-9052-92f76d8ca047,141226.48,"KES 141,226"
1dd7480d-6802-4226-97a5-e6b570838ba4,82956.63,"KES 82,957"
0e6b6baf-0214-4ad8-b297-638730f4e06f,82102.9,"KES 82,103"
3aa06586-c96f-46a1-a703-b80340bd1472,24421.56,"KES 24,422"
882b2a99-c7ff-4e6d-9606-04503730dbfa,71319.12,"KES 71,319"
92dbda78-c768-46c3-9a21-62a1b1d51fb6,5000.0,"KES 5,000"
49a30a39-3405-4686-8c03-3c68e60d8c8c,46634.49,"KES 46,634"
29f16bf5-9f8e-4e53-9d7d-a3e59351c001,71602.82,"KES 71,603"
98758390-e31d-4b00-9813-cf0bacc6e258,5000.0,"KES 5,000"
11fc17b9-e5a5-4b52-b62b-c52d5819cb35,28721.79,"KES 28,722"
73a64eb7-0bfe-4abe-bef2-587865c150d5,78711.79,"KES 78,712"
69866728-b5d5-4b32-b987-2e7c8befec86,55116.54,"KES 55,117"
0fb4c4e9-8129-4291-a1b7-c881638aa2f1,5000.0,"KES 5,000"
3318b591-0350-4089-89fd-63dc85102154,130181.55,"KES 130,182"
76305f6d-4ed2-4003-ae30-992374a5e586,22246.02,"KES 22,246"
8478ab78-dfd0-4587-94f7-3dfdfbcf4bfc,5000.0,"KES 5,000"
8a3612a2-78ed-4e17-82a6-970b69a565a1,128880.21,"KES 128,880"
5fcd7f48-ea91-44ae-b718-c898f85032c6,44358.0,"KES 44,358"
6bdb0a7c-da33-439d-8e38-f72433f02af9,88155.47,"KES 88,155"
43efd5ba-6e70-497f-9fda-ad5a72cf28f9,125205.67,"KES 125,206"
7dec08e4-8acf-4437-a99b-829351cd8f82,129414.37,"KES 129,414"
cd496884-3cec-4c40-bec6-e466ac0d6257,5000.0,"KES 5,000"
6e82a39e-68e6-4f73-9d7b-01abebd296f3,49352.83,"KES 49,353"
7eb8ab48-50c9-4f26-a2c5-24ceb6a9c245,82471.1,"KES 82,471"
bb28874d-65d3-4164-b113-2ba37a37d21f,5000.0,"KES 5,000"
ec663e7e-9f8a-4c3f-ab80-72779ffaa425,132539.72,"KES 132,540"
fb8751c1-93b2-4b27-b5b1-7dfedcc50210,71481.23,"KES 71,481"
4088c339-02f3-406f-bb76-c875e7c715a2,93456.61,"KES 93,457"
938645d1-afc0-4f27-a03f-5a0764d30ba7,65231.74,"KES 65,232"
00074bcf-b6b1-494d-b67f-edffae30d6e5,124557.6,"KES 124,558"
1762f286-b7a3-4133-9655-f770f78dc3fe,41410.6,"KES 41,411"
2f05da12-33eb-4093-800d-977acfaaaef6,87506.45,"KES 87,506"
d9034898-e84a-4c61-9b49-a1f87b265e7e,108104.04,"KES 108,104"
9f6ef2ea-3ea8-4c9b-bb12-06050c35b558,35183.26,"KES 35,183"
09ce2dc8-6245-45b8-be9e-463e8a73d93c,36553.88,"KES 36,554"
e1d4b555-4f9d-4f95-a4d4-9ed155558a89,108460.71,"KES 108,461"
beb54f97-9878-4ad4-84b5-45b3f52a93d3,20100.88,"KES 20,101"
1dc8b578-66f3-4e7b-a224-0a897de3daee,5000.0,"KES 5,000"
24761d34-26a8-411d-8ffa-e476b376c7d8,5000.0,"KES 5,000"
8dda57fc-2b0e-499f-8fcd-22ed58c3c380,100311.87,"KES 100,312"
4fe4e4cd-df1f-4987-b7f7-262d6f5561c3,115803.67,"KES 115,804"
d46603f7-1792-453a-b5ef-cc2b9ff5db3c,70498.94,"KES 70,499"
c16ab254-687f-413e-b10d-6bf523fccced,145353.88,"KES 145,354"
6c5663f9-e058-46f1-b194-de70b446c49e,40539.75,"KES 40,540"
bbaa0af6-d641-4451-9590-fe7c98c02bcd,21246.76,"KES 21,247"
1b774ce2-99de-49fd-b867-978badf61da4,33564.51,"KES 33,565"
2d95e991-221b-4c6e-bde9-0ae52f7af330,95231.13,"KES 95,231"
0af2548d-2aff-46e3-b80a-1d318ee9a9d1,95070.79,"KES 95,071"
cef97bda-d3e5-4e5b-ae03-926e526091b8,120837.48,"KES 120,837"
6e4a4828-8ba7-4383-9de7-ad3c226c4c32,92075.32,"KES 92,075"
96fa2d15-ab5d-45b4-acee-d261e9feff81,131718.31,"KES 131,718"
84de9ca7-9782-428a-8728-255295014975,52932.34,"KES 52,932"
f159e349-b245-4241-9efe-bf4da220b48a,80757.89,"KES 80,758"
393170f8-7edf-4a5c-926b-37d7ee83a587,92302.29,"KES 92,302"
f42f478f-9220-4e54-8f6a-9ca9df145575,5000.0,"KES 5,000"
29d1ea4c-756f-4a75-9398-a3bc62bc1445,129437.25,"KES 129,437"
53eb3602-c0a0-460a-8576-f42be9172a2e,73617.4,"KES 73,617"
4839e98d-d0d6-40c8-b9ca-ab2dab62e3d5,5000.0,"KES 5,000"
487ba583-cb55-4dbc-8c61-204211225c39,88163.19,"KES 88,163"
1318139e-ccf2-47b5-bfe1-b9dc6119f509,60089.62,"KES 60,090"
d4f7264e-99f2-4ee0-9a68-adccbcfbc66e,30766.92,"KES 30,767"
6e95b1e2-10fd-4649-9e26-97fd1cc8e7da,100822.94,"KES 100,823"
ea038840-e8a5-42cf-bd5e-8b7f23a0ce1e,60751.97,"KES 60,752"
948a486f-ea1a-4fc7-86aa-a76217a19dcb,58009.24,"KES 58,009"
55bb108c-6dc0-4730-b81a-68cbfb163a25,5000.0,"KES 5,000"
7ab27693-7163-498e-9336-f3a4130daab1,33123.71,"KES 33,124"
c24cec8c-34fb-4b31-b59e-87c17b207002,5000.0,"KES 5,000"
40570b8f-2d12-49c9-8a73-f6120bbd158c,74595.83,"KES 74,596"
61cbea54-d28d-4dbc-bb0a-bfad00e3536c,89489.59,"KES 89,490"
7837b324-6cd3-4968-a20d-a019652d3b6e,98632.89,"KES 98,633"
38bdfa90-f927-4cb6-bdfc-894361986c02,47346.8,"KES 47,347"
b5de2d1b-9e18-400c-a718-8c28e0b2a721,63785.42,"KES 63,785"
fa0b5d45-3b0e-45a6-b576-03706da62c7c,22502.53,"KES 22,503"
68700b55-52f4-42e9-9cdf-0ea1f9001f20,5000.0,"KES 5,000"
a38818da-33e6-4269-8aa4-bcc431a35d80,54112.39,"KES 54,112"
5caaa266-bb8c-4166-a2c5-0a7a51248105,37410.37,"KES 37,410"
7d19126b-0a69-4951-989a-f32f7a33887e,66337.25,"KES 66,337"
ff2505e0-0655-4421-91bc-99a4d83a2769,73383.35,"KES 73,383"
f9a8e48a-d131-4f4d-871f-777713d3c116,43122.69,"KES 43,123"
2db8c741-cd7d-433f-80b0-8b1e70e8af08,88181.69,"KES 88,182"
1bf4d8af-5df3-4544-9b5e-32ed2afe9da9,61267.13,"KES 61,267"
3598f1f1-ce74-434c-853f-9d178a296fbe,131039.9,"KES 131,040"
b01c83b9-e860-4cdd-83ee-b2a8101a1a5f,5000.0,"KES 5,000"
fad5ff65-012b-498f-a079-25c355d190fe,51127.71,"KES 51,128"
6336592c-9bf8-486b-8e6d-ce2ef2e89f40,42631.79,"KES 42,632"
824adc60-165f-4132-97e4-628b440b839c,119488.52,"KES 119,489"
77e91056-a324-43b1-b84f-012b8a50c12b,33626.25,"KES 33,626"
92f3920d-83fe-49b1-89bd-231160c4ad90,5000.0,"KES 5,000"
8c8284aa-1c59-49c6-b737-6b503e2ba981,88590.24,"KES 88,590"
e93e45fa-43bd-4b72-a7a8-70d7ac26a5b7,147548.9,"KES 147,549"
be8e3dc8-797b-4988-9013-f443802b8e7c,147547.17,"KES 147,547"
01421870-547d-466b-bc6e-013ac0c8b2fb,82720.73,"KES 82,721"
adc97971-d450-46d3-8b2e-65a809a54ebb,5000.0,"KES 5,000"
10ce17fd-2450-48b1-97a1-cc744d45a410,144046.77,"KES 144,047"
5a179b27-846d-41ea-9017-a44f55e2d4f1,142579.95,"KES 142,580"
3d6e44d3-061d-4fa0-ad2e-1ce60ac0739b,132019.44,"KES 132,019"
9c4a60b6-32a9-45f2-859c-87ddec966ebb,5000.0,"KES 5,000"
fce5aebb-087d-4638-b89f-8726edbc0f39,97150.37,"KES 97,150"
c449ba6e-21b2-4ace-921a-50d203214d82,41479.93,"KES 41,480"
31eaa41e-6695-483b-96a6-e2f6b9d3ad99,78364.06,"KES 78,364"
cc58e3b1-b050-4f01-a8f4-6bc09b549bb2,49226.18,"KES 49,226"
2a3617b3-eb67-4899-97cb-006ed1316935,104835.62,"KES 104,836"
bfcdc28d-e685-4c47-af15-716eb6e51798,70950.29,"KES 70,950"
cbc0ade7-a081-4965-bf0a-c6f3a4a6a467,115146.41,"KES 115,146"
3a6adcf8-1200-4f32-921f-e2bff55061fb,99585.87,"KES 99,586"
a09a67f9-293d-4687-9128-8c4542e02453,41776.67,"KES 41,777"
1d9b063c-f5ff-49ef-a2f0-e902d665d2a2,108114.29,"KES 108,114"
64e35f71-7f5d-41cb-9470-5b7b8dc7b959,136796.89,"KES 136,797"
49d1ddad-e909-4b28-8ac7-1b007abb83b7,71472.32,"KES 71,472"
64b91680-d8f6-42e0-86c2-6c3ec702b4da,23789.79,"KES 23,790"
ab96d602-bee1-4225-8e0c-15f2b657c031,5000.0,"KES 5,000"
0e6faecf-98a5-4f33-b9b3-4abd49bb634e,90431.51,"KES 90,432"
2c8e2b4f-8a9b-4bd3-aec7-2001e4001144,5000.0,"KES 5,000"
743b6e7d-9a22-4b38-80e5-c13ce16e753e,99340.14,"KES 99,340"
c7ba854d-3f51-42e3-b73c-4a897de93223,5000.0,"KES 5,000"
d03c0b2f-20c2-46b7-b513-eb2ace970e35,36345.57,"KES 36,346"
bd41213b-18c0-47f5-b417-2a0144a49928,5000.0,"KES 5,000"
8239296c-2d13-4c42-be15-7b4f2780252c,138343.96,"KES 138,344"
fc8a3751-5fb9-4eb5-ada4-fa686fbff4a5,126659.93,"KES 126,660"
d66cee39-2048-4001-9b0e-87f815b02874,42000.64,"KES 42,001"
817a13ae-9565-45bc-b45d-713872b85e3c,70530.84,"KES 70,531"
20420d9b-70c1-49fc-b173-473855dd9721,149699.37,"KES 149,699"
dad9b387-900e-4ffb-93f4-91b5ac1911f1,5000.0,"KES 5,000"
c2c0f64a-be89-4a20-84ec-004cd18dace4,5000.0,"KES 5,000"
edc3f1ea-cb61-4254-9df9-c60247d78d0d,5000.0,"KES 5,000"
33212694-097f-44f0-afdb-ecfe7ca93de5,96937.93,"KES 96,938"
04d7019d-d7d1-46d5-a801-6e1ecd9fab44,70132.05,"KES 70,132"
d2664e7d-8b66-44d3-8b42-4465455f12f4,59113.5,"KES 59,113"
29579102-c655-4048-8f15-439b51667d12,141385.54,"KES 141,386"
f5650b40-e061-44aa-a167-33b81363a970,5000.0,"KES 5,000"
cc99ef3e-2dac-48c9-9d8f-1c3d1bee960c,35244.73,"KES 35,245"
1296c29a-cb01-4da5-bd9f-59a78881c3b8,46152.57,"KES 46,153"
5bd3ba6e-135f-4c1d-a794-5ff48626d087,47012.8,"KES 47,013"
3c5bd58f-0153-49b9-81f3-ed06759037a2,107866.51,"KES 107,867"
4d2bbd9c-17ec-4088-af9e-acecf6bc907c,5000.0,"KES 5,000"
8db04468-2d74-4fec-a6c6-b8456f2201db,60625.69,"KES 60,626"
acdbdec7-bc35-4ea6-be16-f3084fab9a77,58528.11,"KES 58,528"
4ab28b59-7bd4-4d25-89ac-9ea2ff9dfea3,55599.22,"KES 55,599"
29718bca-87bb-4395-9f05-638c9bf39a80,129003.68,"KES 129,004"
1f66fc86-92e2-4514-a49e-2c4144cce12d,58253.8,"KES 58,254"
ae0bfbf6-9ff0-45f4-aa0b-dea731370297,112674.59,"KES 112,675"
2ab29b33-f470-4636-a08e-1ba2a89e2577,5000.0,"KES 5,000"
6f610b7d-2ad5-4d3b-a270-5d57f71fa172,66033.89,"KES 66,034"
936b4d71-e916-4451-8603-8003b686d70f,146189.11,"KES 146,189"
676cdf16-03fa-419c-89f4-7131e56d9af3,57751.71,"KES 57,752"
011c0254-9c03-43f6-a841-14224203ead6,5000.0,"KES 5,000"
6619228e-6c1c-4d16-8036-a48d825e2618,104203.91,"KES 104,204"
e335baaf-3cbc-4d79-b737-8fa07af7a401,76476.34,"KES 76,476"
5d44d25c-fa5d-4208-b0bb-ae07f48fe487,73197.7,"KES 73,198"
47128904-3387-4a94-8739-754dd33cffff,81265.53,"KES 81,266"
c6d5f948-346c-48d1-bbff-e10a528126e5,5000.0,"KES 5,000"
6ef8d5fe-d6fb-406a-94bc-316791da2487,61514.6,"KES 61,515"
a224f570-46c6-46a6-bc2e-7046e48c8de6,60368.95,"KES 60,369"
d2beb747-1a70-4ef0-8f04-59aadf7199a8,56933.2,"KES 56,933"
e49e6b37-fc6a-4cb2-bc3a-eb7fa9cc9451,48995.43,"KES 48,995"
daad8842-bfb8-4385-8478-0722b794e20c,146759.0,"KES 146,759"
abe8b1f5-515f-4c7a-82ce-2e59f254039e,37637.95,"KES 37,638"
dda3e75a-f764-4007-9309-ea5973a0d864,35898.17,"KES 35,898"
6ab71383-3bbb-4e9e-87ea-8dcde51885b9,45993.1,"KES 45,993"
fb996967-f890-47e5-a23d-1d81eee02024,63051.95,"KES 63,052"
34069893-ab49-4731-9098-346e87fe7368,24105.1,"KES 24,105"
9ea07b23-629b-4a54-819c-91a3257335f6,84431.08,"KES 84,431"
af270834-fd2a-4fb2-91d1-6e4538ecf828,85600.73,"KES 85,601"
a16cf1eb-54db-4199-9c72-fbbb01ff4d99,112057.97,"KES 112,058"
bdba8c63-87ed-4c67-b520-f3d798603b4c,36149.11,"KES 36,149"
1109cce7-3fdc-431d-95c7-24ec1b4ddc01,28426.96,"KES 28,427"
77d3c5c5-55c3-482f-98bf-a24dd238f7f4,149249.02,"KES 149,249"
017a1af2-da1c-448c-b49a-c2e0ef9023c8,5000.0,"KES 5,000"
7b065c5b-f8e4-4757-921e-09b51d777291,84587.56,"KES 84,588"
904e51c8-5bf5-4d5e-b570-bafe9333c31f,124734.08,"KES 124,734"
62b9998b-2461-471b-8c12-bd27f9794bb5,37734.89,"KES 37,735"
e8b139ba-d189-4dea-82de-c71e5a6c5aba,5000.0,"KES 5,000"
399a9f2b-7616-47e1-976e-b706d8785cee,149655.97,"KES 149,656"
577b8a7a-61ef-45f9-880b-43eb3a45b0b8,31900.94,"KES 31,901"
8a1bdec6-57e7-481f-bc93-18eb36b312de,110229.84,"KES 110,230"
329165ba-639d-4e14-b2e1-ec1f0364f0c6,5581.92,"KES 5,582"
edc339b1-fe44-4135-9897-9a61b6c132ee,80360.15,"KES 80,360"
fa2fdd47-08be-4d68-a3b0-472a735e0e16,28508.3,"KES 28,508"
7afff566-c122-468b-9b9e-cd0422b1451a,5000.0,"KES 5,000"
ccaac0bf-2b26-43b4-a854-7c715d108b57,88309.28,"KES 88,309"
2d1be0be-70b1-478d-9ee3-473ac95944c4,101168.93,"KES 101,169"
56d4dc0e-6ded-4f00-ac21-0bbaaba2a908,29104.13,"KES 29,104"
7e239d19-59f5-484e-b04e-f912d0aa5941,5000.0,"KES 5,000"
138af190-9a9b-49a5-9b7b-729f14bd4fd6,5000.0,"KES 5,000"
97876434-5cb2-4c78-b319-e66ad72d3e60,99941.68,"KES 99,942"
4fcd5b57-4c22-49a3-9a18-844a538cb6cb,118566.66,"KES 118,567"
4124c14d-e820-4960-ba85-a20fe633cb0b,88316.56,"KES 88,317"
91f4a694-a595-419f-90ea-76444feb5805,5000.0,"KES 5,000"
fdc1792c-0120-4b5d-ada5-677d6abb6f61,41113.29,"KES 41,113"
7c4f8e4c-7065-4fb9-9c09-45c3e8eaf96c,119864.65,"KES 119,865"
4ddb9252-c641-4f44-a6e1-95beaa016080,5000.0,"KES 5,000"
01f2e130-91ce-4a18-8bef-11627946649c,5000.0,"KES 5,000"
2fd0f163-efc1-48b2-bc50-3eca2471b440,51405.61,"KES 51,406"
0b277d31-52ce-413c-bc7a-dbe75e2cb479,5000.0,"KES 5,000"
0b65e31c-9025-426e-8713-378fa29de2ae,126617.12,"KES 126,617"
947cc005-1077-4edd-86d8-76490800201e,89392.32,"KES 89,392"
81e6db28-d4b8-4ab2-b152-d0d433cf981d,78257.85,"KES 78,258"
c2052ce8-db0b-4272-b280-6d837e3065f8,32496.48,"KES 32,496"
93efeee4-8165-418c-afe9-e8e9f0f90887,5000.0,"KES 5,000"
e7bec975-0723-47bc-86af-30a167154633,5000.0,"KES 5,000"
61265769-0cd2-43e9-be29-21c86e21397b,5000.0,"KES 5,000"
b27bc6b5-ad33-4bc3-8216-ac9cfb05b2f5,48620.42,"KES 48,620"
7aec7824-de24-472f-b148-40c91c2a35e5,64450.94,"KES 64,451"
ca50db6e-d1b7-4174-b749-637311c28010,101856.95,"KES 101,857"
d83ba1df-6f3b-4e28-8cf8-0d1256137038,101327.66,"KES 101,328"
a427f79e-8d6d-49ad-82b8-800a807d7500,51756.15,"KES 51,756"
a1f0b3ca-fc34-4b94-8511-0e06a408037b,51723.64,"KES 51,724"
2995ad9a-bbdd-48a1-ba68-5db21f0633ff,144508.98,"KES 144,509"
190c78f3-2fe7-4541-aa5c-130f7e0a07b1,59604.79,"KES 59,605"
dedff292-86aa-4dde-b869-27d856eb54a5,122432.7,"KES 122,433"
c450c931-358b-4a10-b6ff-c48c389be4e2,84585.21,"KES 84,585"
7ea2c37d-306b-4afe-89e2-72111a2665f3,48603.81,"KES 48,604"
b4eb2c45-0fd0-4460-9666-414f839e037c,125255.63,"KES 125,256"
48e0907c-c760-4d72-b387-59e317deff81,93119.53,"KES 93,120"
c561c34d-eff5-4d7c-82ec-9cfa6be26777,52305.46,"KES 52,305"
12252213-9fcb-4a61-841f-f962e0b406ea,5000.0,"KES 5,000"
339ec421-e145-4094-9638-988be5db7566,149941.07,"KES 149,941"
52ab022e-de45-47b3-bbe2-06a7cefd884a,128545.57,"KES 128,546"
0db4266f-8b04-4aff-a123-667ebd4634c5,114649.71,"KES 114,650"
cb94d948-c8e7-4545-9e57-86bf65674776,22934.68,"KES 22,935"
33a2b533-26e8-4ab8-98fc-470a3bf81cd5,5000.0,"KES 5,000"
7873c41d-b67b-4347-88b8-69f50e3fea5f,44206.09,"KES 44,206"
83a7194a-4232-46e4-a9ac-d7db0dc5bd2a,134022.71,"KES 134,023"
3d7cecf5-1893-4631-9558-619b6633d2fe,94976.69,"KES 94,977"
f7bd4eb1-f2d7-4fe5-947a-7e4be298fa58,32368.91,"KES 32,369"
8965831b-4d28-4972-a982-d5517e0174e9,75811.66,"KES 75,812"
afc3ddd9-9595-438e-a463-0ba12f44c3a1,74690.81,"KES 74,691"
801ea560-add0-41d8-8214-1862eb892f6a,5000.0,"KES 5,000"
19b90081-3533-4e94-bdc2-b362b4c2fb0e,60896.14,"KES 60,896"
fe6a3dc6-579c-4feb-9e7a-087261b44247,5000.0,"KES 5,000"
ed9e93c0-2733-492d-9d18-47ba68f3d8ae,5000.0,"KES 5,000"
65c48751-367b-40df-b0f7-c5fef7fc37ca,51357.28,"KES 51,357"
2e8f9e10-d93d-436d-a3aa-cd56ea93db69,86545.42,"KES 86,545"
7080734e-c026-4155-8d11-96311c13162a,29287.73,"KES 29,288"
26b76ff6-e958-4e46-a41b-047c379a7d1e,5000.0,"KES 5,000"
0e975144-1ee1-4a19-95a1-3cbadbcae5f9,72511.34,"KES 72,511"
fb11012a-6d47-47de-ac54-2ba25fe1a9da,71753.97,"KES 71,754"
b2073dd5-79c7-4407-9b28-6d7d1424df2f,49946.39,"KES 49,946"
44bba028-e711-4250-bd05-ed31fe502711,34822.3,"KES 34,822"
799abbb8-ad4c-46f7-ad43-0e5b29700a1c,5000.0,"KES 5,000"
662bbc84-9f79-4e35-95a5-d4cbba49220e,79949.18,"KES 79,949"
4513e216-0d40-4429-bef6-fd47515b2ca9,96490.47,"KES 96,490"
fa5f1b5e-5ded-4f69-a8e0-cfa45999b719,93933.1,"KES 93,933"
187ec0bb-a5f9-4b9f-a4a0-a1fa38bab057,83328.93,"KES 83,329"
d379525a-000f-4314-9105-272d54ae08aa,5000.0,"KES 5,000"
4b8791a2-66b9-4860-bfc0-0914c0cc55b9,48718.58,"KES 48,719"
a48bf318-2a63-4894-a7ce-99832d48e513,52014.43,"KES 52,014"
5982b480-e140-4c2c-b9c8-dba555f463d6,5000.0,"KES 5,000"
00f3643a-2c7f-4eac-a42b-d677803cfaae,86035.05,"KES 86,035"
c646a273-61e2-4d6f-8044-bcc2c4e93917,58403.91,"KES 58,404"
495d080b-3c5b-4286-9039-2fa1215c0772,80030.1,"KES 80,030"
d1fb5f7b-1b06-4b73-8a90-63fd4fd6c54b,134439.3,"KES 134,439"
0bfec846-5846-4e40-b494-99dc41187368,62396.53,"KES 62,397"
691a973a-b824-4c2a-87a3-98cd7c61600e,100740.87,"KES 100,741"
27f086c8-0443-4e85-95c4-0b3ec5d8b9a1,28612.2,"KES 28,612"
1e8118e1-50b0-4e20-ae68-9f5ae8a92e12,64781.13,"KES 64,781"
f8b40866-b18d-4085-85c0-37510b29864b,44856.2,"KES 44,856"
efc1ef81-266b-49ac-9385-6219144cbf05,149949.47,"KES 149,949"
f56fc397-a25c-4239-9f12-7065d9bc28f2,81060.65,"KES 81,061"
731332c2-3903-4afb-b86f-af640d0d2f2d,5000.0,"KES 5,000"
838e4099-2f1e-4f7d-a9a7-239070c6dfd1,65793.04,"KES 65,793"
aae8d91c-0c37-4e96-9e9f-1ab41627af46,113821.61,"KES 113,822"
03289bb3-c420-47a0-9121-7352f9597517,81156.54,"KES 81,157"
629dd38d-d095-40b3-99f3-3bc31205ae01,139868.1,"KES 139,868"
0e91d5a0-9310-4101-b452-d59a99ebe80d,82615.16,"KES 82,615"
8900054d-ff13-4539-87ca-c907ed3a0e33,55076.84,"KES 55,077"
6ddb8460-e21a-4484-b16f-8e880b1b7609,54288.47,"KES 54,288"
3e2b7406-8e31-4b17-95b6-b35562bd2091,5000.0,"KES 5,000"
d6953ef8-8083-43a4-b0f2-0fae54dd081c,149437.61,"KES 149,438"
e52bfeb7-d34b-4ad7-881e-20ecd2a28f6f,17022.77,"KES 17,023"
77f625b9-2c67-40fa-8309-e6100494191e,5000.0,"KES 5,000"
2dac0923-bcc9-4f02-8046-ee6f4bd003ee,46188.69,"KES 46,189"
5faca8ae-dce1-4b82-bcee-6510ed0a9c48,59993.68,"KES 59,994"
89aeb911-6282-4951-aafa-bcac278ebe63,140443.53,"KES 140,444"
5a442469-f682-4c65-971f-5a333f14b174,93844.75,"KES 93,845"
a3777b1d-0695-42da-8474-9600abea7c4a,69947.42,"KES 69,947"
591c1a59-2c1d-4ecb-9eaa-c245fcdca3e4,82548.64,"KES 82,549"
1f23bae1-fa25-433b-b00f-67ef87ff884e,17693.36,"KES 17,693"
0693bdc1-e42f-4968-8fe0-f9e71181fd94,107387.86,"KES 107,388"
f5887605-075c-47a9-8494-844afe516506,40501.63,"KES 40,502"
2414d7e5-2fe8-4f5f-884c-640dc51beb53,28261.41,"KES 28,261"
e323cca8-8714-46cd-82f4-4d38cfc1aa62,107324.37,"KES 107,324"
46b9c602-f515-4016-a570-eb02f6bda2de,66916.93,"KES 66,917"
38fe9e70-9475-4a82-9d4d-4178f2894fe9,53515.99,"KES 53,516"
709f6606-88a3-406c-b816-f5340120102c,24549.26,"KES 24,549"
106dfb9b-61b1-4c22-98e3-546c47079c0e,23363.61,"KES 23,364"
e0b38dcd-de66-4552-b5d2-46cfbde5f6a7,60483.99,"KES 60,484"
b99a1c22-a1ad-4e18-b72e-4def8c47f075,109033.6,"KES 109,034"
f92e0a13-13ca-4019-85a5-c21512192b4b,46682.08,"KES 46,682"
bacc85d0-159d-4b49-a6fd-b2150ce874c1,105045.26,"KES 105,045"
d0e7890e-6047-4ad1-8692-24ee70606dd4,42649.2,"KES 42,649"
cda8dcd3-76cb-406c-83f1-c0b741537b81,35592.92,"KES 35,593"
12f62864-3e67-4418-acaa-3d088a3951dc,136385.41,"KES 136,385"
7933aa10-fb67-4790-9a33-c5553fff797d,88062.58,"KES 88,063"
5c9c675f-ee09-4df0-b9bf-b456c994d7ba,5000.0,"KES 5,000"
ebc41f6d-772a-4581-8e36-9de6f184de3d,140754.02,"KES 140,754"
afdccb06-60f6-49c1-a0ae-9bbf8c7e729c,115514.25,"KES 115,514"
48632d59-8ed5-4c27-b963-146ba33945df,84265.21,"KES 84,265"
54a142e2-a57b-4aa9-a8f5-591408dd8a3d,27640.97,"KES 27,641"
4f3f386b-7424-4f83-a3c8-23ba5c9a853b,78792.49,"KES 78,792"
0df10e7f-fb65-4ef9-bf4e-2e0ea7682a78,115330.06,"KES 115,330"
f9cf104d-75ae-49be-bc77-709a5a4269d6,5000.0,"KES 5,000"
a093181a-228c-4fad-bfdb-a2850fd2640a,133288.71,"KES 133,289"
1edcad29-f8bb-4ef1-bf3a-d71e3b907fd7,67466.76,"KES 67,467"
6af75179-d03c-4e59-a6a3-89a119711cdc,74355.37,"KES 74,355"
71525b9d-8e35-41fc-b126-767f4e3cfe84,5000.0,"KES 5,000"
1a89043b-0f79-418b-a2ad-a47c27a9c380,66057.96,"KES 66,058"
7dab2b77-42fc-4e34-91a2-b0b3938adccf,121136.37,"KES 121,136"
258499e4-3d24-4fbb-96d6-7fbc533e331f,61573.27,"KES 61,573"
a5e49f50-f6a5-4b63-98bc-7dd4a7c899d9,85546.28,"KES 85,546"
0c435bea-56d4-481e-b33c-3ff095413544,5000.0,"KES 5,000"
23ecbf9f-f53f-4a7f-ad14-42bcc317de03,68370.26,"KES 68,370"
ff1f8ad9-fdd8-46fb-95db-e785ddfd711b,149518.55,"KES 149,519"
4aba5182-b350-4c73-86b0-c4a44589da37,82049.17,"KES 82,049"
c63b0862-4048-49c9-b648-e8055577a415,39926.84,"KES 39,927"
78ff5486-dba6-437a-aebb-626cd0339271,73211.06,"KES 73,211"
8596a920-621c-42a5-b958-3a85479255c4,66528.89,"KES 66,529"
abccd618-4588-4836-9214-5dff5d0a65e4,43216.24,"KES 43,216"
8cfd9e06-2191-41e8-be77-fda5c3ce58ec,128941.85,"KES 128,942"
3f634764-ca9d-4c7d-8e2f-8921c947a4c9,5000.0,"KES 5,000"
71dd48b7-7849-4863-ac6e-1202adc60a7a,58680.67,"KES 58,681"
3b38fdb2-2a25-4775-a0d8-9a74352a9136,5000.0,"KES 5,000"
a2627844-06bf-40a5-9faa-6aaa093e05f8,115032.96,"KES 115,033"
aca2d8b2-471b-4d2f-87d7-2c346e92aff1,81617.08,"KES 81,617"
06f4885d-69e8-4261-aae0-6fb7f80ab92e,56885.05,"KES 56,885"
46c923b6-55c2-4a56-b6ed-7493c5611e53,25610.53,"KES 25,611"
47d0f0b1-4d41-43df-987a-ca52a9252be4,41917.99,"KES 41,918"
50bf4656-9a90-48cb-8dac-64cba53d52bb,23007.97,"KES 23,008"
9c01cc25-02bb-490b-a693-15f9d33ee146,103564.92,"KES 103,565"
1125de5a-9c45-4fdc-8ba9-697daea1baa9,5000.0,"KES 5,000"
357ec159-3ac7-472a-9505-6f093a7ec40e,70957.22,"KES 70,957"
6a2819d7-1b27-4610-92f0-b58dc8cbe2fa,111794.72,"KES 111,795"
2a0f64eb-d87b-473f-8c99-d3491c2a389f,15954.66,"KES 15,955"
7f5dd929-b52e-453a-ba39-2f30ca39a385,5000.0,"KES 5,000"
82cd8b1e-79fa-40c5-be00-4f808cc2739c,87876.83,"KES 87,877"
a872c7cf-6413-4df5-a91b-2645f38fefe9,19958.96,"KES 19,959"
f0a42643-0b51-476b-93d0-a80f2dfc4412,33866.69,"KES 33,867"
3d463e27-0b86-449b-8f48-5d92efe76bcf,25865.43,"KES 25,865"
da606dc7-e181-4c35-b981-98037bc5110d,127093.56,"KES 127,094"
1a33d44e-e7ad-4897-b8f2-27ca694c5dcb,5000.0,"KES 5,000"
6bbc04da-9ff7-4071-a6be-74adc2c79e07,5000.0,"KES 5,000"
7cb5b088-fd6b-47a6-9e20-af130754bb14,5000.0,"KES 5,000"
1938300b-a65b-4531-be60-c62ebb1eaac4,5000.0,"KES 5,000"
8b808c70-ac9c-492a-b52a-18b76f5c5283,53606.97,"KES 53,607"
d126ed45-f2d1-43b7-90a9-c91b841a653b,88318.23,"KES 88,318"
768f47ee-cf0c-4c2f-a642-f0a152fd3494,43541.49,"KES 43,541"
d788cf46-cfb3-49e8-95df-8bd005622cd6,5000.0,"KES 5,000"
c4d5ffe2-1a6e-4953-bc1b-50fa9417f7cf,128621.34,"KES 128,621"
b59b80f8-82e1-4329-9bb7-48f5c2780747,96717.52,"KES 96,718"
fa5a5006-4bca-4c11-8e78-0a0823a935fd,68374.37,"KES 68,374"
5e6513ae-1456-4087-af90-14e69fb514f9,5000.0,"KES 5,000"
fc933d3c-67fb-4ea7-abae-ed7aeaade26a,34817.02,"KES 34,817"
8a856206-8322-4976-a707-9a7f1804b4b7,5000.0,"KES 5,000"
591d9721-3156-4c23-9de0-73bb36dccf70,141940.23,"KES 141,940"
59f45cf5-b2f6-4242-9919-bb78dab63135,5000.0,"KES 5,000"
beda8f70-9c97-4d1e-b885-cda0baa11c08,89840.51,"KES 89,841"
5e8aa507-d5e7-4289-a935-39af374a8203,55372.92,"KES 55,373"
6a8efd40-7c17-4a30-9ba2-fc7f7d0ce559,128656.93,"KES 128,657"
6d3752ff-8b25-46b6-9742-865226004106,82116.75,"KES 82,117"
4d320116-e081-414f-8d4f-8c124a26e713,25830.06,"KES 25,830"
d7cea337-a263-40ea-ab3e-587c90059290,5000.0,"KES 5,000"
554beee6-2eaf-4f8d-be73-fa1cb371bef1,5000.0,"KES 5,000"
677909ec-0af9-4bef-8424-f7bdd58ff110,5000.0,"KES 5,000"
614e19a3-a1c7-4f1f-8ace-5bd608bdda4f,5000.0,"KES 5,000"
229825b8-6938-4deb-9f01-7f168df4bede,64160.47,"KES 64,160"
57c4b520-9951-4b60-9261-8a9e6acca323,66508.81,"KES 66,509"
d5a6eb26-2825-4bfc-88db-814aaa231815,5000.0,"KES 5,000"
b8b7ebec-9273-48bd-bf33-c2ad140afd68,30109.01,"KES 30,109"
0f2267d2-b63a-42d4-9fa9-30155e0f85af,105176.84,"KES 105,177"
17106434-354f-4eef-9df6-8023d9f6f6f9,108622.81,"KES 108,623"
aa205c3d-bc11-421f-b3d5-21b5656ec1c2,82319.92,"KES 82,320"
f307de7b-9f1b-41a4-b962-08482463fe89,5000.0,"KES 5,000"
2875e61d-1288-4d10-88ec-cd7f814cc337,93420.83,"KES 93,421"
f4def676-4899-4131-abe8-091d444d0a56,60980.79,"KES 60,981"
f937f710-0274-4903-a7d5-971d23319177,70080.68,"KES 70,081"
01e9883f-90de-441e-bec6-e3212cdc8e60,55039.98,"KES 55,040"
a46b85f0-daf8-409f-9ad1-f750fad454fc,5000.0,"KES 5,000"
12f98642-99e9-417d-b973-7e9c659bde34,5000.0,"KES 5,000"
b26bb1d4-f7dd-4062-b003-a39c8b16bf89,30166.72,"KES 30,167"
c701b880-d0cb-45c9-94fd-06f6fc7f2841,144689.91,"KES 144,690"
73b14852-36f6-4b95-a515-45123312ba20,139942.04,"KES 139,942"
05a476b1-c676-44a0-9e73-180bdbbfb207,5000.0,"KES 5,000"
77174c0d-a528-4425-9f6f-3bfa6e7f0490,5000.0,"KES 5,000"
a68fc89f-7062-4a8a-94d8-6c876cd23929,111067.73,"KES 111,068"
f8cae031-df8b-4003-be5e-70c8bd1ebed7,24665.99,"KES 24,666"
c17005d8-833d-48ed-9b63-4f7a57142874,78999.62,"KES 79,000"
a5d25c1e-fa3e-4a00-9869-581c40165220,74169.04,"KES 74,169"
f598d10e-dc01-4533-b8da-a64d71aaa689,5000.0,"KES 5,000"
f8ac13fa-c871-483e-815d-55a9b21a6a18,141656.91,"KES 141,657"
e0c85760-422b-4260-9fa4-fcff8b5db027,35350.23,"KES 35,350"
2c672262-f002-4808-8c05-742dd9818d49,59682.49,"KES 59,682"
4d441d7a-db97-4473-85e0-c66a88218482,66370.03,"KES 66,370"
03544bee-32be-4748-a627-8e50940bb48a,109279.81,"KES 109,280"
ce4921a4-7fbc-41d5-b35b-b03319e381cb,26639.66,"KES 26,640"
4a268e3f-4afc-421f-8fe5-fcec4d31cade,55309.14,"KES 55,309"
eef8e15f-dc66-4ff0-ba27-afe70f696a14,5000.0,"KES 5,000"
d75fe152-118a-45a0-b51f-5d7e8e06f84c,74267.96,"KES 74,268"
aa56d935-9514-4530-ad65-c7a194e1096d,55622.91,"KES 55,623"
0ed35168-b49e-4fe4-ab30-cf58cf9af870,5000.0,"KES 5,000"
da38da8c-48c9-42c8-b976-d0f13cf84fe2,5000.0,"KES 5,000"
ac27cee5-1d3d-4ab3-8ac4-132c4ce49b36,77991.88,"KES 77,992"
503cfec2-0748-4a24-bad8-13c463b62ccc,5000.0,"KES 5,000"
3c9ce22e-b0fb-418d-920b-7c39159be86a,34776.66,"KES 34,777"
1d3bec59-4658-4f7c-9d28-126ed92d2725,85801.65,"KES 85,802"
c9c0cda0-b81b-492f-a87b-234b27caa1bb,52478.36,"KES 52,478"
46be0697-c2b8-4b8b-a4a3-7e38a5302d9a,128034.76,"KES 128,035"
f9a9f3df-db09-4538-8588-d1f9411740d2,64945.65,"KES 64,946"
c1ee84d0-41f0-46fb-8e08-52a3053afb08,29442.47,"KES 29,442"
e36191c1-bc39-4c77-b1ff-bfffdb6cb451,32058.73,"KES 32,059"
5128952b-7371-446c-bfca-5c6951dd1765,55720.38,"KES 55,720"
f4e3613e-59d8-4578-b79b-ecaaade44005,95170.42,"KES 95,170"
5a68178d-78db-49d6-8d63-ebf43fe22409,55360.77,"KES 55,361"
f8d32538-d768-463e-a48e-3b071676f2f1,5000.0,"KES 5,000"
f2d00843-b638-4620-bb80-079be7c878c9,119212.02,"KES 119,212"
a8c9a10d-69e6-46e5-928b-53e897baf7a6,5000.0,"KES 5,000"
c99c7cdb-1eb3-4094-b0b8-2b1d2a4935f9,81172.48,"KES 81,172"
d1036875-2c28-4936-a665-d6654b3e52e7,83035.75,"KES 83,036"
5196acd9-f8a9-470e-86b0-c0e87f970d94,47335.52,"KES 47,336"
10ddc2c6-e966-43e6-b20f-1f281ed8bebb,148239.41,"KES 148,239"
90628e8a-ad5b-4d84-80fd-87d22d2059fa,139285.18,"KES 139,285"
b12d6e33-d3aa-485a-8d1b-0c9d7c99c500,48563.67,"KES 48,564"
ee447924-72b5-4cb0-be30-429d98b389eb,39750.97,"KES 39,751"
0858d99c-34bf-4076-9882-ceada7921dd7,85661.63,"KES 85,662"
5c0b0189-4fc3-46c3-8185-98d597ddccc4,25524.11,"KES 25,524"
5736825b-09e4-4f22-8c7d-b408ea36724f,139642.01,"KES 139,642"
4dabf8f0-2517-4402-b7a4-aa214229a2e5,118758.89,"KES 118,759"
8029eb93-dad2-42ff-a08b-5b42cab5b157,72786.51,"KES 72,787"
b43fb1b8-29e5-4d46-a34c-45a8cd0f4fa4,58515.37,"KES 58,515"
0da3de3b-a2ed-42c0-b1ec-62043b81e3d4,5000.0,"KES 5,000"
4e6e41c4-76cc-4f2e-920e-b6262a6b2ab6,78602.64,"KES 78,603"
cef97bb1-c10b-406d-8abb-d94847f225d2,5000.0,"KES 5,000"
46f1a190-e015-4317-93b5-0eac32b2f02f,85904.66,"KES 85,905"
f58ec85f-90f4-4a5d-87e3-2f0949f6a9ea,94239.84,"KES 94,240"
fbfa3447-c4d0-4cf0-a9c9-7d27fdfdc490,61297.55,"KES 61,298"
fa95d5a4-6afa-4042-8258-0e703b45300d,5000.0,"KES 5,000"
eb5fb178-0b06-42ef-803d-e674e8fc7d71,42814.52,"KES 42,815"
05ded86a-a476-42e8-a63b-26dbab35b9da,86012.12,"KES 86,012"
629155c9-28a5-4232-85f7-12ad7bf7e0eb,64828.17,"KES 64,828"
690b1b54-d6e4-438f-b4d1-0e09cfd4c239,5000.0,"KES 5,000"
3928f14c-0f27-45c4-af03-690811200a4d,33917.62,"KES 33,918"
c25b16ed-f2d3-46a4-bb3d-fcc720b155c3,62114.78,"KES 62,115"
5b94ea74-a3fd-47a6-9533-81fe45e4382d,26034.47,"KES 26,034"
528629b9-d581-4c00-a84d-363f9346be87,81155.37,"KES 81,155"
f95ae62f-9afa-418e-a15a-a499b534507f,5000.0,"KES 5,000"
bdfe5e2c-d676-4329-96c9-687bd1537018,17177.69,"KES 17,178"
02ffd94a-4177-4725-ab8d-d8a63294999a,66966.98,"KES 66,967"
e7909892-0c53-4995-9bfb-d34a9cc4b95b,5000.0,"KES 5,000"
4c733702-c43c-4685-90b5-a0b8a947f3b4,61712.92,"KES 61,713"
7ffad9d8-91ca-49c7-84a5-0bc198d45905,27149.19,"KES 27,149"
c6cf1ab5-ece8-404d-adff-ab56e9d077b9,73890.43,"KES 73,890"
1223db1d-8f1a-49e9-9738-3c5ab83d34f8,5000.0,"KES 5,000"
7c01deab-9d56-4aba-9de2-3626b4ea33e5,87962.91,"KES 87,963"
9d92b563-aacf-4a4f-82a7-3c408fe4e0dd,107716.01,"KES 107,716"
2adab735-5548-4518-8cac-73ea97f43553,148666.22,"KES 148,666"
a8a68a0d-fc07-4adc-9836-18dc8fabfd30,104857.96,"KES 104,858"
9a186e4a-552d-49bc-a519-f401eb5ca6bf,86049.93,"KES 86,050"
539bd1a1-ec63-47f5-a38c-2d797d35f2d0,28044.98,"KES 28,045"
45b8b3e6-ae30-43d3-81a3-dae98f5081af,121304.14,"KES 121,304"
f689405b-ca4a-4a0d-87e6-354c8544004f,85040.58,"KES 85,041"
f74acaed-3c98-4af1-b1d8-b792ab312948,5000.0,"KES 5,000"
a22bf6c3-6999-4f91-b78a-8cff3971e8a4,5000.0,"KES 5,000"
de873271-0ecf-4ea4-adf1-8fd2bbffbb19,67455.51,"KES 67,456"
cce70d0d-8e48-4668-81f3-7e36431cc99c,58695.19,"KES 58,695"
ab64fe3c-5c85-4bea-b1b7-d6ec4237b962,88676.24,"KES 88,676"
2d086700-b22e-4795-acc0-4a6c117dd348,28523.98,"KES 28,524"
d129ca27-75dd-4494-843c-a4a840026c48,98088.19,"KES 98,088"
41b5c318-e57a-4c70-8e7f-50545037d647,5000.0,"KES 5,000"
9ecae7c6-016a-4b6a-99ff-9a543d678da5,83177.95,"KES 83,178"
aee393cc-763e-4de1-b062-ac5ef5a99e08,127821.41,"KES 127,821"
e8a41a51-a223-4fdc-b530-4b605a270841,84212.21,"KES 84,212"
ff0a1e46-7509-4c22-b0f0-2ffd836ab79c,110351.46,"KES 110,351"
265b86c6-6d4b-4fc2-928f-148b5484f2cd,77986.84,"KES 77,987"
366641a7-d7e6-43f6-abe8-754c4357258f,149198.09,"KES 149,198"
b5b39abe-86d9-4598-b5d6-767d548d1df1,43268.53,"KES 43,269"
f7e24926-8872-493b-9914-c94f816c8c2c,32815.03,"KES 32,815"
732efe14-b3ae-4d52-b710-cc4d7c3e721a,5000.0,"KES 5,000"
79ec0239-2615-477e-bfa1-84550dedf6bd,5000.0,"KES 5,000"
b903c481-aa3f-45aa-ae72-6b7a7a481087,5000.0,"KES 5,000"
ce93d4b9-6a4b-4ef0-993f-5168f7fb5f50,119939.16,"KES 119,939"
ea5350fb-edfb-47c3-951f-9a9918877656,5000.0,"KES 5,000"
3af954c8-cc6f-461d-af6b-dca28d670116,92753.69,"KES 92,754"
0aa8fb0d-9b2b-4163-b266-6a9ee1564a14,66148.69,"KES 66,149"
027ab1b1-c694-4d1d-a1b3-972acf6c9f1b,33863.79,"KES 33,864"
0cd3e634-4271-4aa4-8bae-2c115ce918db,81665.24,"KES 81,665"
2abe4b7f-ffb7-4cf2-be64-b16dc1e0dc83,149348.07,"KES 149,348"
f0668c0a-8254-4705-81d8-07badc2905d6,19269.32,"KES 19,269"
19fb4257-d988-4ee8-8df4-e17c81f36eba,142147.31,"KES 142,147"
1c377d55-feb8-4fe6-9ada-5cd727ad5b82,66027.88,"KES 66,028"
de959d50-d058-45c4-baef-f8651ca5acf1,32573.41,"KES 32,573"
f8c17da2-b9d1-4c48-9914-a4b3f0d04377,123358.08,"KES 123,358"
282e62e0-159b-4f34-875e-feca1bdd29c1,5000.0,"KES 5,000"
c2d0f49e-e8d1-4678-9b6f-d7aabb7fd26d,26855.25,"KES 26,855"
870c7906-fff4-4b74-8a92-c60890e086b0,59184.06,"KES 59,184"
487ce833-264f-4e9c-8449-a6009bf13563,38901.81,"KES 38,902"
339f18a1-1be4-45ea-b025-c9d9b0a6873e,106160.95,"KES 106,161"
521f3e9b-510d-4f9a-a23a-ecc615d2f737,91241.28,"KES 91,241"
5f46641d-676b-4adf-b7d9-94a66c9d2c70,145472.87,"KES 145,473"
759e0103-6e2a-45fc-9f99-52f42f0bb3f2,51351.81,"KES 51,352"
853b65a4-300b-4cbe-b01f-96eb791c51ff,36533.49,"KES 36,533"
5cf71335-fb78-4f26-ab30-ff81d0cad7ef,45543.84,"KES 45,544"
4538d5e5-5559-4b77-a933-059b3d2e4b94,75259.79,"KES 75,260"
a93ac48c-2fb5-4bfe-8941-87a34a781166,5000.0,"KES 5,000"
52be6f26-f2ab-4b49-9116-7bcd6c3b845b,5000.0,"KES 5,000"
4c49d765-2573-4e05-980c-616d29901cfa,5000.0,"KES 5,000"
2e3ef733-b8d5-4464-85dd-a81cef16b446,34505.65,"KES 34,506"
4923ffb7-f0e3-4cbb-9edd-cf8925f50fe2,57041.95,"KES 57,042"
5c18d209-2848-4439-92db-8457e1c1a946,93000.22,"KES 93,000"
7da6ac22-cd83-4bbf-8dea-f5f8d12d6916,66704.08,"KES 66,704"
c42115d7-b830-4d1e-8759-41bf42ddbe94,147314.57,"KES 147,315"
c3aba0bc-b9a8-4100-91ac-11271e84410a,136612.04,"KES 136,612"
bf84579a-54ed-465f-aa6a-df213f1c739a,110355.11,"KES 110,355"
84f4064c-55c3-4303-9aeb-53fd1f6e38cf,65927.08,"KES 65,927"
4436ef08-acbd-4a82-b1ba-63c73ab820e3,5000.0,"KES 5,000"
7a762344-619a-459c-b60d-11a456da4606,121671.87,"KES 121,672"
b41349fb-bf56-424f-8441-caa11c9dd098,109300.36,"KES 109,300"
ef7f8b73-4d5e-4f23-838a-12ceda07b197,57670.56,"KES 57,671"
1fcc53b0-2445-42a1-a35f-a986a5dca3c7,5000.0,"KES 5,000"
c8c2c163-4bdc-4c69-8809-fb2013485fa5,5000.0,"KES 5,000"
99194f13-6eed-4615-99cd-13d8fe643e02,5000.0,"KES 5,000"
0419acd3-46c2-4d68-bfd1-123cd69f5882,35383.08,"KES 35,383"
92a087ae-85f4-466a-bc4e-a09d862fcfec,78951.05,"KES 78,951"
95fc1985-9eb0-4592-b1ec-a81d758e9c53,85827.43,"KES 85,827"
7f05cad0-d0d8-436f-9266-5f30b5f42237,48119.32,"KES 48,119"
24ac8706-b552-423c-adb7-0a614ad13edd,32565.91,"KES 32,566"
56faf7c0-9838-431f-9a7e-0a62660c01d8,29003.29,"KES 29,003"
54098e19-ef5a-48d6-b6f7-36f9f36b6347,143283.21,"KES 143,283"
d582cff9-8215-4d51-8d83-00b384869072,5000.0,"KES 5,000"
e7d2495b-9cc5-4c60-bb95-89f24b3e2217,98084.51,"KES 98,085"
45769bdf-d7c1-40a3-a54c-d883f4c1b5ad,106373.13,"KES 106,373"
4319d1d6-faa6-413d-b745-ee43285911ab,42929.78,"KES 42,930"
20c420c8-8627-4b6c-a9d7-c68d5b134dd5,63937.35,"KES 63,937"
6c04868d-f266-459f-958d-91cbdead9188,32670.64,"KES 32,671"
41071590-21f2-47bf-bdce-0a32918e7d40,116128.55,"KES 116,129"
c319e1ef-4116-4509-a82a-ce90eea935f7,81787.58,"KES 81,788"
132ef985-8f13-4f7b-b6fd-2e3b4cd863b2,43639.65,"KES 43,640"
71aca52e-5960-40fc-9bd9-dc5e5958e278,5000.0,"KES 5,000"
837cdd47-d918-4e0b-92cc-3c1c9ec09221,37481.41,"KES 37,481"
36ba8109-6da7-4e7b-b050-5762112aeabc,54985.07,"KES 54,985"
7501f110-5377-4f29-864f-6f4da9060874,114558.73,"KES 114,559"
ec9f7858-950d-4f1a-a056-8da5cdb14845,5000.0,"KES 5,000"
4e87027d-b568-48b0-af0d-b20886883a98,34028.64,"KES 34,029"
172b05c3-43b5-4bd8-8378-2fe061ba9c78,54263.12,"KES 54,263"
4cb5d7e2-9f54-4f83-9e3c-80ae1f730ea8,46420.19,"KES 46,420"
d1699cac-b9d6-443d-b361-3b6bff156139,72736.54,"KES 72,737"
1540ed26-7c68-4118-ba4c-6b1e7cd89d91,5000.0,"KES 5,000"
b922b670-cf93-4fd0-9d48-ab457c5b7442,5000.0,"KES 5,000"
ef8a7f7f-3346-468d-ab11-352a410a148e,89386.9,"KES 89,387"
dc0683d8-a861-413c-9be7-2be51a272e31,5000.0,"KES 5,000"
953b42e6-5bcd-43f8-884e-83a626f38cc9,75834.66,"KES 75,835"
c69ab397-f69d-4ada-91da-40e90d4f8504,5000.0,"KES 5,000"
b1fab2c8-67e0-4927-9f01-72d6be8d8d24,5000.0,"KES 5,000"
a6e7978d-92ba-4154-96e1-4715e6dc04cf,138033.98,"KES 138,034"
dc2bbc79-44b2-4c94-9838-7bf9743e4925,66954.06,"KES 66,954"
e0287905-1bb0-48f0-9dea-55f210ee7728,5000.0,"KES 5,000"
815594a6-0d81-4b7f-96ed-0565374d268c,35017.96,"KES 35,018"
87a38876-902f-4f00-9e8e-384a9c75dbe8,5000.0,"KES 5,000"
4402d3d2-fb83-4e02-8101-d293f20426f5,144156.21,"KES 144,156"
79188955-45c7-4b21-88c7-69649d3e4dab,5000.0,"KES 5,000"
790db2a6-1706-4de5-a546-4ad2d041b375,41321.19,"KES 41,321"
a4092d83-6ba6-4ff3-b197-13ac8085c8d1,96409.52,"KES 96,410"
712e2174-1498-4d02-bef2-b8c9e1237f0e,66073.64,"KES 66,074"
aa04d55f-3185-4fa3-a9c1-ab402011d069,41354.31,"KES 41,354"
78527f1b-4403-416b-9b76-fd1f85f980d8,38122.72,"KES 38,123"
69a128b2-c124-4a47-98b7-852c814aa686,112193.21,"KES 112,193"
149f355f-259f-4e8f-a69b-e2e6f5a59319,88328.23,"KES 88,328"
58eabbb8-9da7-4e14-bed9-4ddb34de7bd0,112322.94,"KES 112,323"
0bea1614-889a-4028-b8fb-b3664b383e82,5000.0,"KES 5,000"
c38b8940-3aa7-4210-bd17-e9eb3b3938bf,64262.27,"KES 64,262"
0c25a27e-0101-46c5-bd94-9d616366d06d,41050.33,"KES 41,050"
d9a75484-b2c3-424b-bfbd-c5ddac134661,67162.98,"KES 67,163"
66e8c6bd-5850-44b4-af50-39d1b63be2fd,85279.77,"KES 85,280"
6f3c0ee5-2b39-40f1-86a2-509586404e97,61056.1,"KES 61,056"
c32fb544-d47f-49fc-a39b-5f4afd0978cc,88414.19,"KES 88,414"
36309ae2-1e0f-4c82-aacc-2b5fc1a2eb28,122970.81,"KES 122,971"
62e815e3-652b-48c4-aba7-5ab7ec603751,31105.38,"KES 31,105"
47d893d2-dd9b-4f8b-a1ed-76e5f494119c,46840.98,"KES 46,841"
e2b092e3-7663-4b42-976e-9d7c24f9b235,97376.22,"KES 97,376"
a5266352-0005-4480-8ed6-085008c29dac,148454.45,"KES 148,454"
e8cff638-8e7b-42b4-97f3-ec134b1fa8ee,109494.18,"KES 109,494"
ac9c42f9-a3b0-4970-bd93-793a6f4cb47f,5000.0,"KES 5,000"
f2254fc2-293b-40da-8bca-5b25c4a5a2d5,119941.69,"KES 119,942"
0f1f257d-ff8b-42e4-8f10-498ed9b98203,17524.21,"KES 17,524"
1932d2a4-5d81-4cd7-a81b-acbc00b45aab,39666.99,"KES 39,667"
be5ae912-6f9c-4b93-8f7e-c41f96f7d9e2,76705.17,"KES 76,705"
7f5841f9-9147-415c-9bf4-74b1b08d6aa6,95674.55,"KES 95,675"
ccdb8ab7-dd81-46a6-b752-b175a469c7e7,143309.24,"KES 143,309"
84b50009-dc60-4edc-9095-4bdd6e87738a,88763.76,"KES 88,764"
1e6ead49-dd53-4303-a908-a99a6bfd8029,27912.9,"KES 27,913"
b8d41638-3707-4cd1-a53c-e003b31a373a,40471.23,"KES 40,471"
9f28b8d0-d38d-42b7-9944-cb9e13278e66,40969.33,"KES 40,969"
b30b5212-d3d7-4ba8-827f-f26cab9860dc,48948.48,"KES 48,948"
cdfdcfcf-321d-4b61-9933-f67ee93d55f6,24266.3,"KES 24,266"
85a3443d-13ca-4039-8c6f-243926de1060,93155.25,"KES 93,155"
ee99017e-2040-4aa4-8e78-2dbfe09aa179,5000.0,"KES 5,000"
ca860981-5067-471e-bcfc-f6e8f3e52821,25399.59,"KES 25,400"
bdee6338-5600-420e-b69f-d2d50c413508,98194.98,"KES 98,195"
c5ebf153-6e29-452f-8e81-78a61dec6434,5000.0,"KES 5,000"
d279a951-fb04-4605-9de2-5ce419070ef7,34670.21,"KES 34,670"
361144c7-3377-4ce1-8895-d787271c9724,97972.05,"KES 97,972"
5e0eeba0-058d-49fd-9206-41f871e39343,5000.0,"KES 5,000"
fbb31fc0-3d8d-4813-a08b-4b1f2b7d6f8a,132957.15,"KES 132,957"
fde13dfa-21d9-479a-9284-43a2318e5bf9,117128.28,"KES 117,128"
4d957c35-c435-41f0-bc1b-c2cd34c2a550,81070.59,"KES 81,071"
10f0fdfe-2ab5-4b1a-b34a-9d863d111cd8,5000.0,"KES 5,000"
aa12bb61-bbd9-4c84-a2ba-61b7ae39c6d1,23644.5,"KES 23,644"
f2cb25f4-2da4-4ee6-94e8-2abfd645b6f5,33239.21,"KES 33,239"
17b132ca-f548-4f28-a63a-41f45ac6917c,24438.73,"KES 24,439"
5dd04083-9228-4476-bc31-eb42dc52b4cc,47858.56,"KES 47,859"
4e781c9a-5e6d-434c-945b-8d6757c54634,85998.5,"KES 85,998"
de803db7-50fa-40ea-a2f6-9523fad1c8a8,5000.0,"KES 5,000"
78637944-1695-4742-b06b-dad6f0230b7c,114956.42,"KES 114,956"
ac09b5f8-9695-4573-b0e8-f85978ea7773,5000.0,"KES 5,000"
af8d48e3-4a99-4832-8230-8843b4cc3950,5000.0,"KES 5,000"
324c1571-4940-4292-983a-8aa0c8152124,128559.83,"KES 128,560"
34a01905-57ab-4ed7-b99b-b2b3ab151e6b,52100.54,"KES 52,101"
854b417b-944e-493f-9c40-137b08289725,68566.45,"KES 68,566"
f5854333-2967-45e9-b56e-4e985db56ca2,90004.76,"KES 90,005"
d4c147e4-bdb3-4c24-a802-44ecac1ca1d8,57072.47,"KES 57,072"
d42e32ff-cef9-4988-8492-0a22d7b33b5e,147861.68,"KES 147,862"
b2854924-20a2-4c46-80dd-cbebb9b285ee,61948.63,"KES 61,949"
3bb2f694-3562-4b4f-8631-94a542dd46f3,59002.97,"KES 59,003"
b2b23973-c287-4271-adb0-600c93478dd3,66404.79,"KES 66,405"
928845d5-50bf-40e4-92a0-62e05e389988,5000.0,"KES 5,000"
93189b7d-d7af-411c-8659-7b441cb6a75c,5000.0,"KES 5,000"
7be8a633-8bd4-4250-b9a1-c57f53b53b71,87825.41,"KES 87,825"
6a8ad25f-57fe-4bfb-bc58-d3e927dd0f38,25696.62,"KES 25,697"
9479b7cc-dc28-46b6-a3a5-998d8be46623,5000.0,"KES 5,000"
9462da73-58cf-43bc-9b58-f4f5c1f6e58a,5000.0,"KES 5,000"
c1fd5a1c-4a8b-4aeb-b302-8a668ed71bd7,55637.01,"KES 55,637"
6c40c669-e523-45f9-a1f7-7232e4eee601,5000.0,"KES 5,000"
acf106a1-6ca1-44e5-a2e9-c29b21833ef1,5000.0,"KES 5,000"
9437cf73-a30f-4165-9db1-e8b6fc38bdd3,73208.3,"KES 73,208"
d69bc5f2-db32-4828-ad26-7547b77c9083,49570.01,"KES 49,570"
7e1a3350-50a6-4b09-b58f-4932481b739c,5000.0,"KES 5,000"
6e406188-dfc5-4640-92e8-a87b64bee9a9,63335.49,"KES 63,335"
bbe3c3dc-859d-4980-9916-28f394dfbb6a,5000.0,"KES 5,000"
82bd8b40-0ca9-4d9e-8757-64e9939e89b3,60922.67,"KES 60,923"
82298e35-8afd-46b9-86cc-352d1be888ef,73841.77,"KES 73,842"
223233a3-d468-4898-bb4d-1ddc0197b26c,97227.96,"KES 97,228"
e9f0623f-2dc3-4dba-969c-fbbe2d53a4f0,149251.45,"KES 149,251"
92d3920a-0bfe-4609-9556-86c525771ea0,26885.91,"KES 26,886"
1e2fc586-de06-496c-8862-7e1b974051bf,91980.76,"KES 91,981"
e17e8e30-91fe-4e1c-9477-8e273d9f15fa,5000.0,"KES 5,000"
fdb31e33-e968-4b43-bc43-c76b689f9d0d,5000.0,"KES 5,000"
942a2859-6016-4281-9968-9bf950a66942,59318.56,"KES 59,319"
80fcff2e-76c7-482b-93f5-579c3de393ef,39078.6,"KES 39,079"
3295c7cb-73c2-47f1-b3c1-d1228356a44d,37266.38,"KES 37,266"
7510850b-dad6-4d7b-9a08-ad0b010da6d4,81147.15,"KES 81,147"
ea012f4c-eae6-4382-8ef1-5a92a29aa7f6,79056.65,"KES 79,057"
2877a128-d922-45d2-a249-0297ae05371d,79950.71,"KES 79,951"
7da5549c-cac1-4b9c-bc99-5467bd456b18,81940.28,"KES 81,940"
ad616edd-8aee-4b32-98cc-4720f2cc5afb,5000.0,"KES 5,000"
673fed1e-6930-49b0-8d4c-6a592b9269b5,5000.0,"KES 5,000"
631cde16-6cf1-4fb1-a69a-c972328c7b99,26107.66,"KES 26,108"
dc8aa144-8ef4-4902-b157-e4393ea69323,149644.98,"KES 149,645"
a9d49072-5508-4e68-befb-84bd4acfd70d,34972.42,"KES 34,972"
a5b9af70-1931-4331-80a1-88e5e2c0f998,114663.42,"KES 114,663"
1d98012c-89d2-44bf-80c2-667622276691,90032.63,"KES 90,033"
c6d2e1cf-d2a6-412f-b56a-895e55283432,5000.0,"KES 5,000"
ec3c70b3-c378-4b16-be5f-f797565e7cb4,111006.42,"KES 111,006"
b3c84f88-1ab1-4480-9fc2-57bfbfce4c9b,56357.89,"KES 56,358"
fd269d5a-74bd-4952-9ff8-7345c49ed552,27932.15,"KES 27,932"
1728699d-b1f0-46b6-8efd-779a2dbaa838,118411.54,"KES 118,412"
94262bb1-2216-4636-9a33-62a9837a32c3,60980.08,"KES 60,980"
508294d8-12f2-403a-8ef6-4c483cd1fc22,145743.51,"KES 145,744"
6a0314b3-ee3d-4b21-a6ba-398f944c25ea,105437.15,"KES 105,437"
31abc004-4cf9-4cf7-884d-0bb375390389,70837.14,"KES 70,837"
cc297a1d-2a61-4e28-b277-84eb5eee8c98,145603.15,"KES 145,603"
e611e380-a34f-4130-af09-396fb9f43479,147108.95,"KES 147,109"
33a0a9eb-417f-4bfa-9550-839d7e6be681,17729.38,"KES 17,729"
95f0c749-d5f9-4e7c-a5b1-e6b9be9d8fa8,148261.45,"KES 148,261"
27ca952b-006c-42ed-80c2-019d4b0b4299,92468.03,"KES 92,468"
d0115d21-1e5b-4db2-ae46-dee2649d4340,34412.99,"KES 34,413"
2ad2964f-4cf9-4742-86ae-860e20598e3b,149683.96,"KES 149,684"
3ffa363a-9066-4fcf-8624-50b83fdcea86,5000.0,"KES 5,000"
9b537c41-b91e-4d9c-b3cf-2f53f81f6195,92898.42,"KES 92,898"
8fcff852-7f13-4ff3-8772-d68434a6b853,79754.77,"KES 79,755"
ac2a0a77-62b7-44bd-b830-2ae59004cd32,71180.38,"KES 71,180"
aaa17311-127e-499e-9c11-8630fbd35308,140350.86,"KES 140,351"
9b35f6d9-7fc3-4173-89a0-89cdb3e54609,32267.82,"KES 32,268"
d82cd378-ef0d-4b24-8373-36455b553a3b,5000.0,"KES 5,000"
2fef5f41-b414-432f-bd50-10c3b4d240cb,75897.66,"KES 75,898"
2b343c72-6c0b-42d6-a3d7-fad49e39bf3a,5000.0,"KES 5,000"
d692eda6-1ac8-4342-a74b-1decdeb8313d,71372.4,"KES 71,372"
a54dcdb5-2b85-4048-b17e-b3e508c9c914,5000.0,"KES 5,000"
b77c20d7-aaba-42d0-99e2-840df9019e26,29656.74,"KES 29,657"
bfddc29f-e014-426c-9853-22c3709e2919,83214.82,"KES 83,215"
053fe58b-520f-41d9-a5aa-322e0d10e541,37695.76,"KES 37,696"
47e96231-a491-413c-8295-c004326f461b,115747.41,"KES 115,747"
d5a00f09-5b85-4ef8-9e0b-d9a31b50eca1,110584.38,"KES 110,584"
fec79da3-777b-47d8-b2c2-0a5a958e27e3,33204.68,"KES 33,205"
09a21e88-c473-4f93-96ca-7b186a1b948c,133719.08,"KES 133,719"
87ff4fff-6a71-40f2-8aa7-e5287004f1c2,61106.32,"KES 61,106"
35f1e516-61ed-4b73-b3c9-602aeb92f738,21505.9,"KES 21,506"
755217e9-6cb4-4b21-a50f-9d9110595e57,5000.0,"KES 5,000"
89478920-b306-4d80-984d-876b82b51408,33547.35,"KES 33,547"
7f0f4789-6a3d-4ac5-b338-4d8a58ae0a29,76311.43,"KES 76,311"
21f8abff-fe29-4f32-ad2b-d3098c333ef7,5000.0,"KES 5,000"
397b6d9a-6955-424b-836e-7f807456331b,5000.0,"KES 5,000"
c9c37f18-7e04-426f-9b2c-e2b94aa8e5a6,122815.94,"KES 122,816"
4d30798e-bffa-4577-a484-8ed89bfbb6db,70139.16,"KES 70,139"
7d8b8234-c3f3-48f7-9832-0976b3f09361,113088.62,"KES 113,089"
956861cc-9f9c-4e85-bce8-4bef9f5192e3,5000.0,"KES 5,000"
29e1befc-4424-47ac-a580-c52782dcdbb8,60617.62,"KES 60,618"
b738fdcd-081a-4150-b5eb-3c323de80d48,53903.66,"KES 53,904"
8d63c33c-b5d0-4660-bacb-0fd7a439ee9e,89314.04,"KES 89,314"
f4ca1fe1-4558-4450-8bd9-166bb9c4a94c,129923.34,"KES 129,923"
f55864bd-fd38-4881-8392-abc4e3fa01a2,75486.37,"KES 75,486"
33f670f2-0e49-41fa-8633-00168140018d,125664.37,"KES 125,664"
8f211f79-b84c-44d0-8bd9-015015426efe,69593.89,"KES 69,594"
0c00b070-af59-40fa-a284-626354374462,140888.33,"KES 140,888"
eda6f7fc-34f7-4745-b82b-cdc6a61354a6,109938.95,"KES 109,939"
8d5a3947-aae8-49c4-8d3e-aa92fcf2440b,149633.92,"KES 149,634"
b0f468df-0a76-4871-b211-ac4a01ff1653,63745.86,"KES 63,746"
45c3fe24-c31f-4cde-91d9-5e654713af05,63400.87,"KES 63,401"
c5c7c92a-c86d-4f82-9d7f-1ec24d7e3481,123656.67,"KES 123,657"
886f20cb-c80c-4989-8797-101875095034,50838.87,"KES 50,839"
1ee8b80c-86e0-4da6-8e50-0000dc695c28,131115.8,"KES 131,116"
9f4f79b3-e9c8-46c6-b2be-4efd0a2b31b0,32713.65,"KES 32,714"
b27e251a-ab57-48ea-b796-95bc7d3166bb,76162.47,"KES 76,162"
e88bf142-b860-4d86-a367-9ffffecc291c,83394.19,"KES 83,394"
2fb15fd5-9e8b-456c-a8a4-c6855f2b351c,137840.86,"KES 137,841"
6bfa934d-09b5-4bad-be9b-90e9471d7cec,71544.02,"KES 71,544"
89255578-36a9-41a0-a789-bdf1592ab709,131718.09,"KES 131,718"
3bd61fda-1042-49bd-bbf6-ab057b4ad402,28579.46,"KES 28,579"
75107639-3d26-4c1b-b94f-36977cb72db7,5000.0,"KES 5,000"
ace57030-93ec-4a84-82ca-a588b4a60214,73631.8,"KES 73,632"
d64a1c72-ae77-4d99-9dde-15476a4628f0,87181.5,"KES 87,182"
036e0940-3888-4514-9f31-22792c715c30,5000.0,"KES 5,000"
7352eaf6-358a-4539-b1c1-3bea7c076c25,124319.0,"KES 124,319"
97da75b5-9486-40b7-988f-780fbe3466b0,89675.36,"KES 89,675"
183458c7-660d-4351-88c7-5f304b09212f,5000.0,"KES 5,000"
bdec109c-e771-4431-a227-ff496ffdac82,5000.0,"KES 5,000"
d0d915ea-a48c-45d5-acca-771e0d59e274,143672.25,"KES 143,672"
3299391e-b883-4c9f-ac0a-878be3c26e30,65591.99,"KES 65,592"
a761c92c-b1cf-4b2b-856f-4397bcf77acb,130231.11,"KES 130,231"
e66011a3-9191-4415-a9f1-c920aa5f7761,33664.99,"KES 33,665"
fafc5473-6f6a-4c8f-b559-22448248eb24,53172.55,"KES 53,173"
c0ad3e6d-3260-482a-a348-2d284d5826fb,110357.73,"KES 110,358"
b00cacac-c2d5-49db-9409-559a10844658,109809.71,"KES 109,810"
f73e5150-c271-4049-8124-392dc195419b,65623.91,"KES 65,624"
a91cbfc0-a7c2-4b3e-a5a9-dedfacb862d4,65124.51,"KES 65,125"
688b9b78-ee66-47c5-9629-243d13d1b18f,77283.8,"KES 77,284"
66783368-b69e-4625-b7f9-4ee6d58bb2c4,147439.2,"KES 147,439"
9403a79d-46e9-47a1-aff3-493da4b11f90,5000.0,"KES 5,000"
f7a4f681-5f58-44b5-959e-357d5753f5be,79476.27,"KES 79,476"
4047c7c2-6d0a-4db8-a7c6-c81b96aa9677,138112.78,"KES 138,113"
e14ded5d-8fa1-4970-8e82-58b98b849050,86665.18,"KES 86,665"
32469eef-f268-4cb4-9bc0-fb95ffea01f0,5000.0,"KES 5,000"
e11a019f-909e-4ea8-82c7-f88e075db8e6,109545.97,"KES 109,546"
9ddb4fb6-3ef0-47ba-9665-e39d1307cd0d,5000.0,"KES 5,000"
8cf2590a-027b-4af5-aab4-a04c141de715,95057.83,"KES 95,058"
6c46b73a-fe88-4aa5-9b55-5d893f47cb66,5000.0,"KES 5,000"
d98002d5-2ab2-4f70-9dde-24c040da4043,67648.73,"KES 67,649"
79a68f8c-eb22-4aa1-8daf-09447e7e0773,68461.06,"KES 68,461"
127977dc-25e2-4571-a2da-a1bb537198a9,5000.0,"KES 5,000"
68a383a3-9974-4dde-9836-0e1446c75b91,129373.33,"KES 129,373"
d69bb858-4313-45a7-ad88-f3ceb49468ec,92754.56,"KES 92,755"
25bdc78e-f244-4502-b5cc-60e1b2ec4e4b,83546.7,"KES 83,547"
132c7a7b-5063-4ca8-addf-5e5c846a7b44,45135.61,"KES 45,136"
fd4fb73e-3e62-45df-8ebb-edcdb5bf61b5,46099.77,"KES 46,100"
fafff9ab-3a99-45e7-937d-428413b11a07,103678.14,"KES 103,678"
36c2f5c2-ce23-4328-8f13-b6de8379cf9e,78156.23,"KES 78,156"
8e88791f-ad9e-43f1-9763-1d633aa524ca,5000.0,"KES 5,000"
69750e06-a815-4725-91c6-ce1420cd2a6d,5000.0,"KES 5,000"
06716293-d85e-457e-8d3f-a42c444591d6,72599.4,"KES 72,599"
11a1cae8-08cb-4045-b037-ea1071b86822,66232.14,"KES 66,232"
57453c3c-70eb-4603-ad70-d1ad27003aed,5000.0,"KES 5,000"
68be1e24-e767-4934-afc2-f20489e23407,66351.02,"KES 66,351"
ef9db74a-652f-4e9f-b55c-e0d84150d940,99029.86,"KES 99,030"
edad567d-010c-471d-8f17-2d1e23b392e1,29357.17,"KES 29,357"
9af3e876-2d30-4760-9648-a79a1cc9779f,23320.22,"KES 23,320"
b04ba384-1328-44bd-98fa-7d93c663c306,5000.0,"KES 5,000"
3b6fcefb-4322-4475-b161-66a348305308,5000.0,"KES 5,000"
d22928ad-47b2-40c2-9a9f-9ed2d62a9d56,85980.73,"KES 85,981"
33f45c27-d685-4b42-a409-7f97990fe442,102170.35,"KES 102,170"
73b81628-fb3f-488e-b290-8c8c59dc1611,72450.28,"KES 72,450"
3d80cece-46f7-45be-8dfa-f679faabfdc7,5000.0,"KES 5,000"
02f6be93-1bbf-4acb-87c2-25ee0034ce24,148266.01,"KES 148,266"
2ce1c92d-6744-4b58-b493-46182c012711,133179.92,"KES 133,180"
01de60b3-d23b-4bd8-b23b-e1626b404cfc,25045.81,"KES 25,046"
4a8ed705-5b8d-4517-b9b1-ca2f07e9c6de,71142.76,"KES 71,143"
411079b8-fee6-4d50-a417-000913e2f30f,148877.33,"KES 148,877"
f4fa87c4-9e5b-4f56-88db-81eeff736e41,96727.33,"KES 96,727"
468d0ea1-8a07-4ded-9628-8c642f03f854,82449.84,"KES 82,450"
995c4380-2047-44bc-aa2e-6917df2ab4c0,5000.0,"KES 5,000"
6e540bb9-3b3d-4a50-b086-8a9b3ddec87a,57802.01,"KES 57,802"
8b975b78-4607-4c0b-bc55-343e9feebdab,28593.29,"KES 28,593"
da5021dc-1d23-4b58-86c4-9c2ed86c6236,5000.0,"KES 5,000"
4fb5480e-318e-4c8e-93ce-54928966f7a5,21215.52,"KES 21,216"
e5b070ce-b898-49a5-a089-1fa17bf5a497,69753.75,"KES 69,754"
94a6f3ce-22c4-40cb-a8df-d293fd90ffec,149997.91,"KES 149,998"
4a015b73-bb33-48a4-bf84-a8ab2d8b4493,71551.24,"KES 71,551"
90566c84-afe7-4b83-83c5-0db72a625fa5,149033.32,"KES 149,033"
8b96eb11-21a1-463b-b006-b41d1acd5b53,5000.0,"KES 5,000"
42c3d09f-541d-4a62-8ebf-f49b0264749f,5000.0,"KES 5,000"
753e34ac-8c39-43c3-9151-b95455dc175a,100756.79,"KES 100,757"
beab70c5-c3dc-4c18-ae37-9e99e9fa15b3,5000.0,"KES 5,000"
ec536201-9643-4b36-b4c5-7fe4ff3a604d,5000.0,"KES 5,000"
8520e082-1bef-4a8d-8358-6311c3e27b0f,5000.0,"KES 5,000"
9ed80d90-f680-4201-b3d7-e609d96d88d1,5000.0,"KES 5,000"
e08770b1-e8d0-4f77-9467-7ae04fe969fe,5000.0,"KES 5,000"
0333a275-d8db-452b-af51-61e826359205,95145.49,"KES 95,145"
724d41dd-9f2e-4d1a-8b61-68335d3ceba5,137331.69,"KES 137,332"
802d9d93-00ba-4a1b-8c30-7c7b19af268f,136628.3,"KES 136,628"
3004b187-e51e-49d1-bd5a-1abf31f6afcb,72259.36,"KES 72,259"
6c82b820-860e-4fcd-af50-cecf189ea5d7,5000.0,"KES 5,000"
d46308df-13c7-427a-8062-0dd59d299d4b,102902.96,"KES 102,903"
daf850a8-1830-4365-bb8c-e51de9ea930a,5000.0,"KES 5,000"
719252c9-b85a-431b-ba9f-2f303deb280d,62260.18,"KES 62,260"
b2a307c6-8a19-482b-af49-aacb81175a56,42254.24,"KES 42,254"
2ddc07a3-f3fe-41af-b7a1-f042b31e6475,54484.99,"KES 54,485"
942e279a-c837-4cee-a759-e3f64ac416a5,110115.73,"KES 110,116"
96498853-9f43-43a5-8e79-f2aea525ef62,5000.0,"KES 5,000"
e229d4cd-6c0d-47ce-bd1c-c3384abee40d,90368.36,"KES 90,368"
32ca9a43-d7d1-43d2-b9f3-ca388d264a68,55396.96,"KES 55,397"
f0c39ab3-f461-4fe1-8c9f-837123191883,57532.39,"KES 57,532"
e75ab984-46ed-4890-94f5-0f5b71935ae1,120858.93,"KES 120,859"
4e2ec77b-0dbe-4f80-9d1c-e234e3468dd2,58002.44,"KES 58,002"
48ecad05-7cf9-46bd-b1a4-667fc01bc428,76656.5,"KES 76,657"
e09e48b7-735f-444e-bff3-46e217f446dd,78028.7,"KES 78,029"
3c39bba4-abe0-4778-a2ba-9bf446f2311b,103864.29,"KES 103,864"
52a22e47-d325-4483-a3ad-4ae0a6502a8f,110236.78,"KES 110,237"
3c852ddd-aa2c-4909-bf03-b05fc075e3bf,5000.0,"KES 5,000"
ffbc3092-ae23-41a1-b58a-c74d967a72fe,5000.0,"KES 5,000"
41924b5d-777b-42ac-be7a-d4961f0367c1,110618.48,"KES 110,618"
4e504a0a-800d-4d8f-90cf-1cff9dbe7141,5000.0,"KES 5,000"
c23d8235-722d-42c9-8b12-877857c8537a,5000.0,"KES 5,000"
06cf9153-03fa-41f1-8ce9-631e7ca6f590,40760.82,"KES 40,761"
ebb5e939-9dda-4462-9c1d-d3dc890c1ff5,28713.05,"KES 28,713"
aff9eeee-54b1-4669-a5e6-06a2f2a201f5,5000.0,"KES 5,000"
98b937d0-8263-4004-bf7a-27b662b8a7be,147605.27,"KES 147,605"
92ebf13e-5983-4186-a2bd-e730b4850488,45595.35,"KES 45,595"
3abf6fd0-da15-4d7d-8160-e3da16317e36,85037.19,"KES 85,037"
b00f7561-6948-4e1b-b00a-83c078c312ad,64601.23,"KES 64,601"
cdd65932-5b8b-43df-8222-b68b66fd6875,84652.66,"KES 84,653"
f901c918-eceb-4f6a-8bae-b7fafc419d76,37849.12,"KES 37,849"
7b6cf8d8-0bbc-4ae1-8f7c-b12773718ebc,62852.35,"KES 62,852"
eefdc1ec-90e8-4903-b3cd-9d15588e2d9c,149828.0,"KES 149,828"
ba481804-5e98-4888-951f-37c28b7fca22,47044.69,"KES 47,045"
29a66a00-dcb2-43da-8819-9ae3e88fc872,131346.42,"KES 131,346"
478f072e-4367-4a82-8df2-df8d703500e2,5000.0,"KES 5,000"
77ee28dd-a38d-4650-9e76-bb60dc84a9d9,105889.09,"KES 105,889"
4fb60dda-6f29-4164-b55a-ce2fb5fa1aaf,5000.0,"KES 5,000"
01e836d5-1ed6-4b87-bdaa-202462840292,95723.13,"KES 95,723"
b82a624c-0561-425d-a472-865ecb1aa624,51733.95,"KES 51,734"
76ebb7c5-c262-46c2-9f79-b4f2691707ac,142981.55,"KES 142,982"
3164af99-87aa-46f6-95a3-4661d1574684,5000.0,"KES 5,000"
2d6c2160-846e-4b15-9103-89fd99f429f9,49872.17,"KES 49,872"
e234a6f7-76c2-4b46-95a6-c1edbbd5aedb,5000.0,"KES 5,000"
71b42c96-25b6-472e-8bfc-c8fbcedee175,62264.8,"KES 62,265"
d050a536-c7b9-4d2f-853b-04055a55f784,124549.38,"KES 124,549"
b4e8b678-8010-4ca6-ae9a-e4bfbbdf29f4,5000.0,"KES 5,000"
7a5a8957-619b-414c-a778-59c69f915275,96608.57,"KES 96,609"
0fd3f710-4af1-4b2d-b13b-59194d1b422f,110758.01,"KES 110,758"
3e22e942-15b9-43e7-8305-ef3c441928e7,31593.26,"KES 31,593"
0974d4b8-7b30-4193-b686-502014b9e19a,71749.45,"KES 71,749"
057eee4b-70e1-4fdb-a468-b35a2291587e,47102.51,"KES 47,103"
df2d498e-4c07-4cd1-85cd-686aaf20f7b1,5000.0,"KES 5,000"
61ded179-19fd-4172-b3bb-3e5cc15c813c,26180.61,"KES 26,181"
1b44ac3b-a8aa-4c40-95e7-9307ee8378b4,5000.0,"KES 5,000"
3f208f26-4b53-47c3-94a3-35bd68c6ab54,63004.04,"KES 63,004"
be400e81-644d-4a43-bcfd-04daff908717,62668.19,"KES 62,668"
10162f46-5015-471c-a08b-3bbab67a652a,47072.4,"KES 47,072"
b2f5c074-f19f-49d1-9560-af0fc87920ac,88403.27,"KES 88,403"
85bbd49d-fec3-4799-9075-9d54312878f1,34841.84,"KES 34,842"
75ade8b0-59f2-4269-956f-68f365d1355c,5000.0,"KES 5,000"
64eaaf4c-4772-452e-a1c4-36aa9cec4154,5000.0,"KES 5,000"
1c6a1767-4e22-4a18-8392-19c3dc310cea,67287.08,"KES 67,287"
80c865c5-52e6-4ce1-a5a1-65b62f243da4,87042.85,"KES 87,043"
9967e99e-f6e5-4512-a569-98779a22c8e9,50956.03,"KES 50,956"
74641e49-caee-44de-9d3f-683859eaa6a3,46913.17,"KES 46,913"
403098c9-6c89-4ba9-afc5-511e75b64c55,5000.0,"KES 5,000"
bfb274fc-42f4-4d42-a516-af718df55112,57105.34,"KES 57,105"
35c7ef80-db59-4595-a685-2495b4bb9422,5000.0,"KES 5,000"
ef0e5808-cab9-41e7-b6e0-d487335f36a6,100493.69,"KES 100,494"
f1615020-9c86-4aac-be47-e5b86d69434c,47109.95,"KES 47,110"
1497695d-58c6-4850-9907-55b8633ce5ae,37757.61,"KES 37,758"
5f2b6c86-8326-4e5e-a359-54342302d776,32405.53,"KES 32,406"
d03069c5-3b4f-461d-8dc1-91a957ecf2c4,132908.22,"KES 132,908"
c4696ed4-fa94-45c9-b368-1ea0f9554c95,40444.61,"KES 40,445"
5710adb4-cd4c-4ba0-9a5a-985c9323fe45,30077.73,"KES 30,078"
fa20026b-a7d1-4c1f-9c18-6f4981045e8c,5000.0,"KES 5,000"
29070c24-4234-4828-8474-4689263e30cb,5000.0,"KES 5,000"
4c4d6ac4-2e49-4f60-b874-907aae8d01de,5000.0,"KES 5,000"
beb1020b-ff6c-4e4d-bc1e-99fc5bbac207,5000.0,"KES 5,000"
29fca8da-098e-4bbd-b5e1-c247a9d20ceb,123637.41,"KES 123,637"
583ea7fb-20e9-4da8-a7c7-c5bd939ce498,39941.15,"KES 39,941"
3ebcea2f-9e94-4396-a54b-67d1d4331ac9,119800.86,"KES 119,801"
9d7013f9-345b-4a84-8ae7-2f32d7da9bbc,5000.0,"KES 5,000"
18eab70c-3f08-4e86-bebc-451e4be5e4c3,145585.36,"KES 145,585"
fceb5b78-9af7-4ec0-8d8c-f2ba967d4a15,29308.23,"KES 29,308"
b5bdfaac-b691-4468-a6f5-218d492e17a6,76735.29,"KES 76,735"
823ce47c-3a12-4135-81bc-6edd9cb86953,148090.32,"KES 148,090"
682c1f9c-f76c-47a2-aaf5-5e3cec56bb25,58247.56,"KES 58,248"
924d1372-0f13-49cd-ba51-8e58f1b477c9,5000.0,"KES 5,000"
680075fa-7a1a-4e46-aa31-e9bc53e37bd4,69775.24,"KES 69,775"
3389cfeb-6c31-4fa9-94dc-e9a7f2467742,128780.69,"KES 128,781"
b8d5a825-def1-4fd0-8bbe-a76c6c47ee74,5000.0,"KES 5,000"
09eca7e2-d226-40ee-8e15-462fde0730d2,53993.51,"KES 53,994"
ea6d016d-311d-46ed-a573-d042a8b497e4,22562.39,"KES 22,562"
9f9a6f0e-2de4-4f28-9027-328ba390b7ee,56476.94,"KES 56,477"
1bec5fe6-d3d9-488b-af82-20256a9eb122,149244.2,"KES 149,244"
d6aab90d-3d86-4971-bcbc-ab0d0bb9a368,15559.0,"KES 15,559"
475784de-8c05-428a-bc81-536961c82d8a,40789.55,"KES 40,790"
cf2a8826-c948-445b-840d-92442d45df59,119541.16,"KES 119,541"
e5e22207-735f-45c7-b22c-26279d552e6e,5000.0,"KES 5,000"
a70b458a-aaa2-486e-abf6-c5a150669282,97661.5,"KES 97,662"
5cd28b35-71f0-4fbd-845d-ecb129a2e490,44621.8,"KES 44,622"
6937e126-33fb-437e-9238-473193d17628,89616.96,"KES 89,617"
b774ec72-6c82-491a-ae3e-9b271dc0faba,47164.55,"KES 47,165"
deb3b9da-299f-4c61-b4d2-5e91ca377de6,65586.87,"KES 65,587"
a3b0a0d7-dc22-4d63-86da-6f5740bbd414,149923.71,"KES 149,924"
85115e4b-0acb-451e-a858-9f5cd56786c0,116240.4,"KES 116,240"
b4fd9cae-8d73-4861-9a03-f8c264328f91,86630.42,"KES 86,630"
a67ebe1b-e958-4c7c-9629-ddbedcc586e4,5000.0,"KES 5,000"
025590d8-4177-4ef3-b916-26f1117ebcf8,5000.0,"KES 5,000"
5f307d56-970d-4112-abb9-4ec7b94b95ce,5000.0,"KES 5,000"
bfae20b7-22d1-4a0a-902d-f697e60cb088,28367.92,"KES 28,368"
717ce057-d10a-4e27-bd4b-59ffd39109c7,146456.25,"KES 146,456"
5e10e19f-b7b6-4466-86f6-0714a1e3d053,73799.72,"KES 73,800"
6bb38a60-fc46-4a09-9b27-1f28f04161d9,5000.0,"KES 5,000"
fe14d385-bb9c-43bd-81be-946f1a986a7a,5130.37,"KES 5,130"
d46604f6-e604-4bb8-a1b6-337dca813de1,5000.0,"KES 5,000"
c5c8388d-f339-4d2d-89f4-11754f96f900,125794.27,"KES 125,794"
56fcb12f-9b9d-42cb-b4ec-dd8a2253b857,87680.71,"KES 87,681"
158292e6-a22e-4616-812b-db8fba70c8c3,72757.49,"KES 72,757"
92675485-931e-41ad-9cb6-9ac18a72528e,27724.01,"KES 27,724"
3acb78ad-2b3f-4be5-bb16-0d10e9ef8bab,147849.53,"KES 147,850"
b99bf9aa-1519-46f3-8397-c825c6938cca,137337.98,"KES 137,338"
d6ace63f-afd0-43b0-bb31-75dcd1ac24a3,101462.39,"KES 101,462"
a9438deb-b777-4007-8a3d-b654f0a784d8,65493.39,"KES 65,493"
af9f60c3-6cc2-4a68-98d8-3a8d4db3bc2d,77703.43,"KES 77,703"
ed0820f7-34e9-4a88-b870-78c1c8dfea50,81844.38,"KES 81,844"
5dff43e5-db93-47cc-9683-ca0ff8677840,140185.72,"KES 140,186"
7a8c21a6-21e1-4cd3-8ce6-429580816919,84360.27,"KES 84,360"
c381efc1-f536-42d9-b4c8-e40791869f76,96578.88,"KES 96,579"
cccd7a2b-c52c-4f41-9c08-480f1637b7a1,71877.54,"KES 71,878"
8dd010e4-03b7-4a3f-80f2-7c8da0090bdb,41939.06,"KES 41,939"
b43c9e00-f9cf-428a-ba6c-26562d3e3215,63422.92,"KES 63,423"
8c7f0f26-d428-4ea6-af2a-227773d8ee57,97150.85,"KES 97,151"
9c5d3cd8-e77c-4f3f-9892-d5bae5347374,42145.49,"KES 42,145"
b36bda59-665c-4a43-bc82-72d611a005d2,70108.9,"KES 70,109"
ae7bf1a9-0b73-486d-8e0e-fa82b086df7a,54150.23,"KES 54,150"
bcc1925e-6b73-42ed-b312-d7c9d5adf668,148112.64,"KES 148,113"
71d39345-bacc-46cd-83dc-96d996ed1604,5000.0,"KES 5,000"
96688b2a-e201-4c0b-ae33-1db6fb185a3f,43332.01,"KES 43,332"
39772ee4-5a0c-4dcf-b878-ef23ef59450f,40672.77,"KES 40,673"
54570975-7207-4e4f-94d8-730964422f55,31669.36,"KES 31,669"
b80871d6-af24-43c1-b0cb-2e805b1d1625,42169.94,"KES 42,170"
00d8dbbf-eb1a-4c5c-8362-86241f9eb83d,149974.36,"KES 149,974"
4c9a8ac5-f1c3-4fb6-bb39-cc72cc8dfe88,102935.0,"KES 102,935"
d04b480a-82cf-4435-ae4c-1c8f23aacd27,79973.43,"KES 79,973"
d444a23f-d819-4e36-a0ae-27f9bc655221,79120.74,"KES 79,121"
a763de09-875b-4672-b1a3-04cf9640e81f,5000.0,"KES 5,000"
d8b6418a-0d15-4b28-847c-c61436946c73,94878.74,"KES 94,879"
c54c21a1-b510-4096-97b5-b685694122c9,5000.0,"KES 5,000"
effce8ad-cbd8-4448-ae36-710015dc95cd,5000.0,"KES 5,000"
6f71a7bb-4c20-4da7-a410-a97cebc42408,105010.29,"KES 105,010"
2cb07543-950b-49ea-90be-d77abb47e540,78325.27,"KES 78,325"
f3ce85ee-19a4-4491-81b3-78e73a006de6,119018.89,"KES 119,019"
5309d27e-7067-4754-a0c8-cba73900b693,87967.74,"KES 87,968"
238c4090-0dab-4950-873c-ab729ba6e59f,149210.47,"KES 149,210"
852a657a-8935-4506-849d-984344cd0a2c,29850.72,"KES 29,851"
c4adc11d-2abb-4b4e-81ff-c24b9b407bfb,75157.75,"KES 75,158"
8cb55173-dd80-48ea-a9cc-9bdf431d4de5,39938.59,"KES 39,939"
e54093d6-9ebc-4acc-849f-81841c3d1298,114059.71,"KES 114,060"
0bef8ea0-0ba6-463d-b896-12a496e12e56,89882.03,"KES 89,882"
9b219947-b0f5-41e2-a32a-d83c07b422f8,89333.6,"KES 89,334"
080011a9-4a57-428e-a36a-96730b7df95b,113797.16,"KES 113,797"
55327764-d749-45fc-af9a-325f88524dd9,30207.17,"KES 30,207"
ce148790-0746-4307-9662-23ab71c75425,148098.2,"KES 148,098"
0fba9aff-fa32-41f0-9404-f9597c014a88,71772.98,"KES 71,773"
aeace008-7333-4600-87b7-d3b02d8ccb9f,69555.76,"KES 69,556"
eb8eb9bb-862e-4269-a2c7-95afee7678a0,61719.97,"KES 61,720"
cef76c95-eb98-46b3-9459-0f538548b43a,5000.0,"KES 5,000"
0e1c94a2-4fd1-4a60-a80c-74cc921abaff,28466.09,"KES 28,466"
a9a251d8-9f19-43e8-a8fd-3a9a1770bcf6,95043.81,"KES 95,044"
7ad763f4-22b4-4c21-970c-ae5b97d148aa,5000.0,"KES 5,000"
1ca8f123-bde2-4d15-9d6e-cab5c9e462cd,86476.27,"KES 86,476"
8cbb4c2c-a6a9-4d12-bc1e-314576d280d7,101591.0,"KES 101,591"
a38e4163-e6f8-4376-9831-844ab593c04c,129479.13,"KES 129,479"
4f8bf5f3-b53f-4c9a-8c30-45dacee0dca3,5000.0,"KES 5,000"
0761b3e9-59b6-4ecd-9f9f-e2cdeabcdd0c,50120.21,"KES 50,120"
73dcb3a5-4dfc-4aea-b30c-d0746916684a,38785.76,"KES 38,786"
1205aa46-834f-4fbb-adf6-4fd46fd8b1d6,29182.13,"KES 29,182"
e8db3a16-eac5-45c7-b93a-675e513ee91b,61697.08,"KES 61,697"
1bccf71c-a39f-4cf7-916b-aaeb5d0471df,148389.79,"KES 148,390"
d74c5d5e-eb72-4c6e-9dbc-4bf618c9d7a8,136354.01,"KES 136,354"
2fbf56a6-cf8b-4a9c-b8f9-ac48f5b1959c,149122.86,"KES 149,123"
83219221-c508-424a-afe7-7923ed67f27a,67645.41,"KES 67,645"
8acd7ed1-c1ea-4195-80b9-2a286cefdd9c,127309.19,"KES 127,309"
b8fe10c5-02a9-4a8a-beb7-66d9608bd341,5000.0,"KES 5,000"
50d4caa9-7c4a-468d-887f-aa8980527f66,85702.51,"KES 85,703"
91fc8da1-3bc0-4053-abd6-4f13362d4c54,76065.02,"KES 76,065"
9c5d778c-a09e-4c2a-9057-50368855d8fe,5000.0,"KES 5,000"
8010f3fe-a554-4d2e-91f1-fbd0f7cab2ef,59251.14,"KES 59,251"
de1025c0-9c61-4833-82b6-f82816121598,41327.06,"KES 41,327"
cccd6400-167c-4e03-8784-0ed8993fa8ea,41662.17,"KES 41,662"
4185effe-d360-41bd-bb8b-d25bb22d987f,118791.85,"KES 118,792"
560b5c74-570f-40ec-9ab6-fc74afb947fa,59806.28,"KES 59,806"
ebbe4985-03a7-4ed1-ae11-0bfe2391f674,5342.64,"KES 5,343"
5ca808d9-8ab6-40e0-8b21-92e12338be5e,88923.21,"KES 88,923"
190de077-9581-4fdc-a66f-6733c37f876b,5000.0,"KES 5,000"
05893894-deb0-4340-8182-b589a7bed3b2,5000.0,"KES 5,000"
64ea0481-f3f5-4a91-8040-b81ab188efa1,141819.47,"KES 141,819"
3e23152e-9aa2-41d4-bcdf-edf6871b7ac0,27249.86,"KES 27,250"
8839061f-36d2-4def-8421-834fd23ba5bf,5078.89,"KES 5,079"
c84c74b9-f8dc-4958-8d55-b4d6eed47fe0,5000.0,"KES 5,000"
f996c453-0167-41ed-a53d-388cfb86e978,94912.52,"KES 94,913"
b8aee588-7155-486f-9d8e-618d1f0c3fa1,84570.19,"KES 84,570"
c2f2bd40-a842-4e05-8850-a7e6a818f74f,5000.0,"KES 5,000"
00ef67a7-4353-4e47-a0b3-13c4733de130,57270.83,"KES 57,271"
d04c5852-070b-44b2-9b7a-3a74c13f61b7,5000.0,"KES 5,000"
3179893b-ee31-4d68-9411-647df3db3d99,5000.0,"KES 5,000"
ccac6e60-efde-49a8-849f-bed603412299,80112.84,"KES 80,113"
53880fe3-45ef-4c8f-bc72-331bd396ba6d,103968.65,"KES 103,969"
d89799a7-36fd-4c43-be0f-a7c780a47682,79032.26,"KES 79,032"
a2758c73-d678-4823-b726-b0cafbdbb829,63048.97,"KES 63,049"
2d768f30-ad44-45c7-869c-e06d2a999510,5000.0,"KES 5,000"
f693494f-a606-482c-8c1f-c7a66ec5d694,116874.65,"KES 116,875"
7812a9fc-5977-4115-a2a6-a10c6102ea4c,53746.94,"KES 53,747"
2064e0c6-f8d7-44c7-a939-411654c31431,47697.14,"KES 47,697"
de66472b-4417-4146-8368-cf42a74c8508,55567.75,"KES 55,568"
0b69a7ff-283b-475d-98d4-4e95b7881bca,68175.38,"KES 68,175"
85c53330-aa65-4e49-b39a-a78f97b0f8bc,116953.89,"KES 116,954"
c96a3c82-b752-4832-81d7-9362bc96e9a6,115048.66,"KES 115,049"
515a5f4c-cc2c-4450-a7f7-c203a22e8a5b,110790.06,"KES 110,790"
3938cbaa-8e13-45fc-a4be-a4683833876e,47081.62,"KES 47,082"
f50b7331-4e80-4f58-8e0e-96f197befbac,86961.21,"KES 86,961"
ca8c248a-caef-49eb-bf97-f42173936c6e,5000.0,"KES 5,000"
33873995-b141-4e0c-8832-3dcae3b05eef,39237.54,"KES 39,238"
74ade6c0-6b61-4262-85a2-679f42107df5,23424.71,"KES 23,425"
57f977e0-dfa1-4eb1-8df8-481f1121758d,5000.0,"KES 5,000"
678074d8-42f8-414a-a1f0-073398f25063,104512.5,"KES 104,513"
e27d0ea2-2f05-4537-9416-ac27ae0e507f,84689.52,"KES 84,690"
e617dbbb-ede8-4a54-9828-eba8fc4eac1f,38056.17,"KES 38,056"
9b6d45c6-09d6-4b38-96c9-20f7e966ad7e,18659.31,"KES 18,659"
025c8a30-fef6-4c22-9372-46f61742fa84,118754.16,"KES 118,754"
cf4c1e3b-381a-46b4-9175-d5db28b07730,80135.57,"KES 80,136"
5b2abecb-eb83-46b9-888a-7fd62bb63f47,35211.18,"KES 35,211"
a927f119-0892-4873-ae87-96a968f8a0ee,55740.31,"KES 55,740"
d5144120-736a-4282-bdbe-50e18495dd4b,42648.83,"KES 42,649"
14b3ed6c-7ae1-434c-a3b8-b6c1b6491bd9,73201.96,"KES 73,202"
c1ba72ef-97a3-49ce-a5d7-92e0e9664e24,59241.27,"KES 59,241"
7146bd12-56a5-44fa-82a1-f8f7eca3c2ad,60069.95,"KES 60,070"
30e3e0b7-5533-452a-872f-60394dcc3aa6,122369.62,"KES 122,370"
a44cc65e-e8a8-4635-8378-d32af0c782a6,5000.0,"KES 5,000"
f7ad84ad-4dd7-491a-b82d-961e1a0902f9,5000.0,"KES 5,000"
3a729b4d-d7fb-4f12-9033-58f563b64798,79955.49,"KES 79,955"
5e1fee86-841a-4a75-98fa-b531616d65af,51441.61,"KES 51,442"
8cbd2eb0-15a9-4c27-8312-12bac88952bf,5000.0,"KES 5,000"
3b63188d-c834-490f-8886-71d291f22878,137557.19,"KES 137,557"
8507c4b4-2a87-41fb-be08-ba8fc47b5af7,60599.54,"KES 60,600"
39703a89-8d95-4fd9-ad26-c17b2b233bc8,149193.83,"KES 149,194"
543ece1e-19a7-4f91-9fdb-e0f1d507c112,101973.47,"KES 101,973"
98ad4e8a-6362-4776-824f-d0bd0c94d94f,42767.25,"KES 42,767"
1a0de1fa-40d4-4684-800e-f78239c35efc,78645.42,"KES 78,645"
06c8af9a-1c65-48f7-baae-c294af49c26f,94630.97,"KES 94,631"
0a6b9bf9-35ed-44ce-beae-0661de2a7b6e,65037.46,"KES 65,037"
32eab593-ef63-4080-bcfd-53d1da6be778,103972.38,"KES 103,972"
26ae5483-5a5b-47ae-a4f6-66b2e01d07d1,50861.59,"KES 50,862"
5cdfe910-6d33-462f-b7f4-5d6e36d2739a,80513.13,"KES 80,513"
39bf50b6-4381-4554-8808-91e8ad606f82,101160.75,"KES 101,161"
2b2458c4-66e9-4b5c-bcc1-bf5a909f8744,42069.35,"KES 42,069"
96082f03-6cb4-40c0-9a9a-1ed8ee479dfb,94710.25,"KES 94,710"
94b26a7d-3ba9-4374-bf29-0426297d641a,5000.0,"KES 5,000"
81020843-940a-458b-b178-6971b482cb0f,55221.1,"KES 55,221"
a00e0657-fcbc-4c9b-99f3-d9f78e8b034e,94473.4,"KES 94,473"
15050fef-cdd3-4067-baab-632eb4209386,56406.49,"KES 56,406"
eed33eb4-3281-4816-b549-bd89327d8d68,48277.61,"KES 48,278"
686dfed8-df18-4517-9498-a138eda44333,106071.07,"KES 106,071"
a3b23aeb-a091-49a4-ad7b-cd173f8e371f,47737.36,"KES 47,737"
825eaacb-f277-4f32-90af-5d5f2d67d4e9,5000.0,"KES 5,000"
903b9423-c9e4-4d7c-9a32-f188149f261f,65247.61,"KES 65,248"
4d7a07f6-ba8f-4c3a-81e6-ba23c58dc84f,95687.08,"KES 95,687"
77d93334-6914-482c-b4a4-48b29f22f99b,64441.13,"KES 64,441"
086d0e00-a35a-47f8-a64e-a29906670778,29818.45,"KES 29,818"
5f38195e-0b5b-4ab8-a18a-99cefb409ec5,121759.18,"KES 121,759"
0ef40ce6-a06a-4e85-af8c-f1106ed23140,72182.48,"KES 72,182"
860b4630-2432-46b2-b6d5-5cfec3029bf1,5000.0,"KES 5,000"
4914579e-6197-43d8-ac1f-768590766ad3,94153.39,"KES 94,153"
138e539a-91a9-4162-84d3-81c537958d92,18955.86,"KES 18,956"
d076c25f-c85d-4af6-ba3a-dfd44e6315ce,34542.99,"KES 34,543"
d37a4c03-00ed-4c1f-adc1-2e3f71a2425a,5000.0,"KES 5,000"
401e91ee-e7b8-4495-9b20-b7cbc4365bb7,62821.46,"KES 62,821"
8351341f-0e2e-415e-b465-4064a2b0b0f6,47592.92,"KES 47,593"
ceba77fd-1119-439e-8adb-bf5336e6030c,58132.7,"KES 58,133"
1867bb7e-bf16-40df-877e-f14cd3231f5d,127904.34,"KES 127,904"
19af819f-1f7f-4603-87ab-5c723d1a56db,58848.2,"KES 58,848"
c414bb08-5f57-48ae-94ea-811b5c6e590a,69599.6,"KES 69,600"
08066106-eb88-4f35-9cb0-8b3cc3e9e054,124142.97,"KES 124,143"
8bec241f-945c-4d4f-a02a-dd010068e50a,66800.97,"KES 66,801"
95b8a6a2-2c0d-4a96-abc4-143c64bfed03,69368.5,"KES 69,369"
b29710f2-124e-4445-a4ae-3a845dbc1ba6,68741.49,"KES 68,741"
6c9a7837-9445-44fa-926b-9f7d47200266,127762.68,"KES 127,763"
b11af3cf-2426-48f2-a7bf-f495d6aa9773,53921.43,"KES 53,921"
ccb8b99e-d050-41b2-9c0e-07f01cbeea14,43036.62,"KES 43,037"
cd09f93b-c689-4358-b05e-87dbcec17657,99118.55,"KES 99,119"
8ac304d3-ea3e-4d91-a6ed-df3ee3a1f879,48259.85,"KES 48,260"
ba8cfa50-9302-4982-b6d6-a3e0bc7c6d6e,85665.97,"KES 85,666"
02396857-2fb8-479f-9a18-c46162417934,56224.22,"KES 56,224"
b7d649fa-7644-4007-b5e2-a194c49aea64,118561.32,"KES 118,561"
a96d13ee-055d-4298-ab02-5289525db8d6,147227.31,"KES 147,227"
84261867-0872-41ed-bf57-e7ebf3458f3e,49556.11,"KES 49,556"
5b3a612a-536e-4458-858a-f8f733b95409,5000.0,"KES 5,000"
e4cc1dcf-27fc-43ae-af6b-2114042f0eea,52599.24,"KES 52,599"
f75a6cb5-4632-4ca1-90f7-1c13b38248a6,122145.18,"KES 122,145"
7da5ca57-a7d4-40a6-813a-d98ef863a8c4,62917.75,"KES 62,918"
fb089ce7-3cf8-4e61-bdc2-86e1571c928c,5000.0,"KES 5,000"
ac17c253-6b64-481b-bdba-37e7308da7ec,127541.58,"KES 127,542"
e30383a6-a177-41c3-86d3-2caa521a70e9,134240.94,"KES 134,241"
587a8b00-baa6-4de6-82fd-36562c1db631,5000.0,"KES 5,000"
4ed98b6e-3c4c-4249-bdd2-49e3665c2d00,86567.08,"KES 86,567"
14053a95-10bf-42ae-a8b9-39b7f780a24c,106997.64,"KES 106,998"
30ec5521-c34a-4943-8aa6-e6b04953f1fb,27942.75,"KES 27,943"
4c495192-63c1-4fe8-b07c-9008ae601ef7,16711.21,"KES 16,711"
2ac227b1-f769-491a-9263-79ade09da8f6,5000.0,"KES 5,000"
55558656-e74e-4fad-8662-827cfb127fdb,23108.53,"KES 23,109"
e94639f9-04db-4263-b0e8-7f20e1845497,89840.1,"KES 89,840"
c05f0138-fe71-4b05-abb3-0929a8343094,57730.79,"KES 57,731"
345ca657-ae32-4a46-bd62-12918e79b707,49353.74,"KES 49,354"
2d9f6c56-df37-40ad-a85f-68113e4fd01a,132685.53,"KES 132,686"
938c6299-c646-4d4a-97f7-a359f6d390b3,142774.66,"KES 142,775"
52c7b570-7ddf-49ae-a2d9-fd6a01d1b196,104391.15,"KES 104,391"
2442d3c6-738b-40f2-bda3-40aff940f796,37259.69,"KES 37,260"
ca9a79b5-00a8-4562-9b6f-15f02a8feafc,55338.58,"KES 55,339"
97b0d2fc-350d-41e3-a03d-ff07b0ae3825,5000.0,"KES 5,000"
971b6396-842c-41f8-8e95-5406f5705ae6,43669.33,"KES 43,669"
829a0e59-619e-4cc0-a208-ecdcdcae8ba6,108811.34,"KES 108,811"
d6b44a3d-4b64-446a-a036-5d363f22ed43,33842.07,"KES 33,842"
8d0f5fbd-00e6-4bd7-ba94-3c49139a05f0,83081.81,"KES 83,082"
f52f8c2e-30fc-47c3-a98e-cfbbed0ee144,32037.88,"KES 32,038"
817095d1-9bdc-4b2f-a78d-5541d74ab2a5,5000.0,"KES 5,000"
4ee02f55-8d60-4617-9253-2f47a2d4c7d1,55116.86,"KES 55,117"
989f1426-37b7-44f7-9d29-c23357548af1,109603.73,"KES 109,604"
507ed656-3deb-421e-a5f3-ceffc0b2b0f1,73691.59,"KES 73,692"
74f4529d-46ca-4960-8de3-33187b407f29,133006.99,"KES 133,007"
35514f9a-b926-47c5-9bbf-11f00c5540d7,92934.9,"KES 92,935"
17b49134-47f2-4b6d-8a60-68c0f177728b,114229.9,"KES 114,230"
d085142b-5996-4935-832e-dd75e1964e7d,110489.79,"KES 110,490"
1aa5fec7-3fdb-41a0-9511-9906874ff1b1,121002.76,"KES 121,003"
98247c84-c4d4-463c-b3e7-930443c3a804,71110.43,"KES 71,110"
189409d1-ffca-458a-a5bf-3f2e1bcee640,16190.85,"KES 16,191"
f2327564-3830-446d-a6d4-9697dc192f8a,5000.0,"KES 5,000"
c1b73ae9-0660-402c-8423-23d47c95dea0,34129.15,"KES 34,129"
69792010-6144-458d-a71c-ee7b409d3bd1,67238.61,"KES 67,239"
920ff9a2-a5a5-41eb-9f6d-9b4dee7a8fa8,148679.9,"KES 148,680"
9a02ce12-ce57-4579-8deb-cf6ac1574a75,70132.25,"KES 70,132"
b73f517a-6847-4894-abab-41e73712e054,143872.0,"KES 143,872"
2f65ff7b-58d9-4002-b3ad-2c079808ca18,5000.0,"KES 5,000"
5cee3f23-5461-4ea1-9ad3-49ce58037160,53311.74,"KES 53,312"
118c5aa4-4d22-47ff-ab48-b2102b49f879,59791.73,"KES 59,792"
380a91ac-026f-4446-a034-2a6d7adb272b,77275.57,"KES 77,276"
99bee7fa-a06a-4069-8fe3-2d9a5160f53c,5000.0,"KES 5,000"
30bebd7f-14ce-41af-9159-5a93124233b9,5000.0,"KES 5,000"
47903501-6db1-4051-8bfd-0ffa346ddf8f,50591.57,"KES 50,592"
7559c771-158d-4d23-b880-54ee27cb22bd,5000.0,"KES 5,000"
939176cb-cd9d-4921-aa5f-c223a4d11f7c,132509.41,"KES 132,509"
2a538a60-a4ec-4974-9126-916dcb0d4d77,80513.53,"KES 80,514"
b5cbe6d8-6772-402c-a331-78ef8e6743a5,5000.0,"KES 5,000"
d42c4d15-083b-436f-8a92-710ee5dc232f,5000.0,"KES 5,000"
e8f6f5b3-f496-4305-a7df-34be9c8fb149,70629.19,"KES 70,629"
5b4beb45-d6f6-4448-bae2-ca2d949a3b1c,61737.14,"KES 61,737"
35b3937c-e8b9-4d42-9bd2-67e7d3f92b57,5000.0,"KES 5,000"
2806476d-254f-4256-863d-6eb7c21fd144,51656.14,"KES 51,656"
5302deff-8dc1-46bc-872f-fd72750c2595,5000.0,"KES 5,000"
f96df776-e836-4e8d-8f0c-9ea9466c9563,88434.74,"KES 88,435"
f2169cf1-fe9f-47c6-9140-9755abaf8b73,146953.93,"KES 146,954"
92bec712-56f7-421d-a446-4b5f631d534c,46708.51,"KES 46,709"
d73c6a9a-44fe-4e55-9eb4-13bca3432ed4,29508.18,"KES 29,508"
fb97c63b-f459-4206-8904-0b2daed52ef7,26897.65,"KES 26,898"
2ce1cb24-54d2-4b4d-a2ab-7473ad56042a,40451.53,"KES 40,452"
3ad0a51d-3e77-4cab-a67c-bfe81ad96db4,114684.25,"KES 114,684"
1e05205a-8854-4a09-a2f6-844a8b48c783,42969.42,"KES 42,969"
569963ae-c358-41c3-b43b-15f6ba3c0dd6,49083.39,"KES 49,083"
2af6f809-fc38-45d5-b156-7437def562ed,5000.0,"KES 5,000"
9356d70c-d7fe-428f-a7a6-e1616f431e7a,83161.51,"KES 83,162"
3adc5589-e053-4c8d-91be-f7a2fd816d76,22020.91,"KES 22,021"
8559d9ee-8c95-4223-9c61-e1e9ae9d463e,98558.32,"KES 98,558"
4a418dec-81e9-4738-a5d6-212635e4d405,96369.69,"KES 96,370"
6439294e-1ee0-41f1-8e4e-1b688b1d65e2,133987.13,"KES 133,987"
fb081103-5412-4911-977d-b21b5c620c6c,87546.62,"KES 87,547"
f110c3bc-4660-4baf-b5d5-9100d866269d,42056.3,"KES 42,056"
c6cee604-4dc6-4035-bae1-88ee23113c76,42987.05,"KES 42,987"
f2630b1b-410e-40a9-824c-77037f3bc235,38769.35,"KES 38,769"
0649e34b-7a99-4da9-ae4f-4244166d4347,122603.38,"KES 122,603"
cf018435-4ce5-4c28-ae59-6b567fb3998d,85019.12,"KES 85,019"
3cd75d4e-c39a-48fe-a73b-a166d45ca641,62254.81,"KES 62,255"
a7c82b3f-f667-4408-92ac-54078c4e5003,5000.0,"KES 5,000"
20341216-aa3e-414d-8e10-0baae0bb80d6,29222.17,"KES 29,222"
d7183bad-d58a-40a1-bf0c-2a926906d8aa,80082.33,"KES 80,082"
68188e30-3053-4d90-a145-b3e18118c4d9,86094.84,"KES 86,095"
1b36fb50-4f62-4dc4-8081-406fdfe68add,83646.45,"KES 83,646"
14d924ea-7ad8-441e-948f-479369adb4e1,146896.08,"KES 146,896"
5e5bee69-164b-45a6-815f-42603e5f1284,14468.39,"KES 14,468"
6b4ca79f-ddc8-4d6d-806e-7ac2163ebeb5,37251.62,"KES 37,252"
16454465-bc25-42d1-8dd6-2c6e056b4477,5000.0,"KES 5,000"
ea552579-cc56-48a7-9353-39682498a7e6,69177.88,"KES 69,178"
7a7a842d-bd5d-4cb7-8662-e49c244d34f4,110778.94,"KES 110,779"
bd89c785-cff5-4c42-bd1c-31c1d99705de,5000.0,"KES 5,000"
530b1056-cffe-4e31-b797-e37c063fb7f4,45785.05,"KES 45,785"
68dc1981-5610-4677-911a-f652caecf3af,66523.16,"KES 66,523"
7df8955b-1146-46ea-b176-35df17218416,98125.58,"KES 98,126"
de702522-42b5-49ef-bc55-1c228e25dff8,50308.38,"KES 50,308"
51d73168-7362-43ca-ada3-0a32036965ea,149671.47,"KES 149,671"
89aaaaef-b497-455d-939f-d4bd8440d851,32411.2,"KES 32,411"
8bb0aedf-4422-43ca-8cfd-b0167446c6fc,5000.0,"KES 5,000"
3ec3041d-c8ef-49d6-8eeb-c71690ed3f88,83277.6,"KES 83,278"
a0ccad37-ea6f-450b-9586-47f51f916064,46907.73,"KES 46,908"
3473a8e4-b044-4733-a04a-2ed485d24b36,106302.28,"KES 106,302"
d19c80ef-eb7e-4569-ae0e-a01eedef12e6,85705.88,"KES 85,706"
9ae8ad74-b570-4192-ab83-7b4763d63fd3,92142.44,"KES 92,142"
a1f77221-0cb0-4a55-b449-b9828ff564d1,52558.16,"KES 52,558"
db55bea5-2e52-4327-82d5-bb22fe5e326b,73304.88,"KES 73,305"
99c72f3d-32d9-4807-b967-6e948aa864f5,48725.65,"KES 48,726"
3b19471a-be17-43a1-8e33-f1b1e3f141ff,72089.19,"KES 72,089"
5c5c8051-e2c3-4ab6-8047-1db2cbad3d8d,89659.91,"KES 89,660"
1fd28431-d08c-45af-8cdb-605853a47b1a,74923.62,"KES 74,924"
6bb2bd36-a138-4b54-9bb0-e675cf67d8e7,62035.01,"KES 62,035"
97672593-4dd4-490d-a0f7-a6f8c13373d8,133121.0,"KES 133,121"
2cbb74c7-0f2e-4bb5-a53b-707e70f08345,5000.0,"KES 5,000"
51d8eab0-4fce-4abc-b24d-53818226aa2e,5000.0,"KES 5,000"
d88a1f18-7535-4a3f-985d-7d6cf6b347bd,92046.81,"KES 92,047"
28765637-ca1d-49e1-91b4-4991c62bcd28,63722.71,"KES 63,723"
38c66553-6f3b-4683-817d-af6b906dbdaa,5000.0,"KES 5,000"
500d1175-cd57-4c3c-9372-341c24297eef,71920.59,"KES 71,921"
edde4590-4e6f-4f79-84b6-bcd2d9d657f5,37870.08,"KES 37,870"
8f222929-107a-4673-b962-788310f7235b,68229.78,"KES 68,230"
cb2407c9-5f46-4ab5-bf36-d48ecd619379,69102.83,"KES 69,103"
52be077c-fbc1-41b3-ad99-9ee9377f6992,48511.4,"KES 48,511"
6a101657-1b5f-4168-801e-78d265ce6f67,5000.0,"KES 5,000"
fcb2b3d5-293d-4692-ae63-b2aa80f445a4,5000.0,"KES 5,000"
3df6cd8e-e314-4199-8440-f90cf1440674,77361.45,"KES 77,361"
e26aa388-c296-4e56-a488-9620b07ffe59,5000.0,"KES 5,000"
10c006b6-7268-47c1-b17e-170e5c7bd3d9,55610.6,"KES 55,611"
2262178f-b390-4d1e-ba21-f4b6f86a9c34,89657.34,"KES 89,657"
44f74933-f567-4fcf-af40-4c7e39672334,70178.05,"KES 70,178"
c35ee963-59c2-4255-863f-e7982a96a426,5000.0,"KES 5,000"
f063f3d5-c65f-4399-8740-5911a4d56728,62732.06,"KES 62,732"
4abc9c02-3545-4e0a-a1bb-40dd7f860869,124457.12,"KES 124,457"
0cc46a52-6695-46c4-8a6c-9e1ded176132,5000.0,"KES 5,000"
f7bb9c9b-d71e-45ab-a031-0f93f04c041b,79602.36,"KES 79,602"
b2da7b21-55fe-493e-ab3b-100278d569a8,92336.51,"KES 92,337"
d473c020-00ba-4e07-acbc-f42897a2905e,5000.0,"KES 5,000"
7bc61b80-31c6-4090-ac70-585a540cdaea,111479.04,"KES 111,479"
e7ee4c82-ffc3-46aa-827e-2768c64049ac,113532.61,"KES 113,533"
3e387437-4da9-4254-838c-f73de81e5248,78354.05,"KES 78,354"
1c5d7512-55e0-44c4-b254-a396e309879b,50348.87,"KES 50,349"
b616cda1-b158-4e19-ad57-5c058932bbdf,5000.0,"KES 5,000"
76dbc8a4-2213-4348-ace8-6c89389ba77b,74857.96,"KES 74,858"
89c2a9a1-b5ba-468c-9127-d8a6929043da,5000.0,"KES 5,000"
75e26676-b9be-49a5-8240-e0fa3b2451ea,21189.66,"KES 21,190"
384b28e0-4aee-479f-a1ff-355a6872fcc2,5000.0,"KES 5,000"
ffa3e96b-2c84-4a23-9b98-9219606bf213,34530.69,"KES 34,531"
7ef56777-b558-4253-9182-e5b07b690d7b,127288.09,"KES 127,288"
873ad6e5-e3b7-44fa-86ec-ac12dec6b83f,21796.48,"KES 21,796"
cbf6b00d-2df1-45f9-aebd-281069167a63,125262.71,"KES 125,263"
7d9db57f-48c3-4bd0-98bf-c6fe45d705fc,30874.59,"KES 30,875"
3c60c602-6ce5-44af-aa5c-5fffafbe83e4,115956.57,"KES 115,957"
e9f50a99-c441-4bcc-b6cc-1194d041ffa6,148088.24,"KES 148,088"
d942f1ac-9108-4190-84b0-f4047dea863b,144712.45,"KES 144,712"
1f5173bd-7923-44b0-bde3-c46f68105f55,68108.57,"KES 68,109"
035dd155-aa11-4359-92b1-8659d22a8cf2,5000.0,"KES 5,000"
c4e069b9-eb86-4a2c-b8f4-7e1b0ebfc80b,5000.0,"KES 5,000"
8a80232a-c2cf-400b-b01c-8cff73828fd9,112017.59,"KES 112,018"
ccb03193-b2f5-4b29-be78-f3d7a4b69956,91378.69,"KES 91,379"
46373c24-2629-4161-a5f4-fc1b819ac662,96667.54,"KES 96,668"
eac89aa0-fa93-4edd-af32-a55786393ba8,118086.48,"KES 118,086"
0b2d9eaf-9601-4be7-a9a4-2b3c6bc4ef11,5000.0,"KES 5,000"
77446b19-66cb-4bd6-87e8-c1cbcfc28242,5000.0,"KES 5,000"
c755c15a-07a9-489b-bab6-7a57dd2434ca,148073.32,"KES 148,073"
cb26d9f1-3c3a-4a3a-8b9b-138f99d98d49,5000.0,"KES 5,000"
ea6c4460-aebd-4c6d-a651-68d16eb081aa,54596.4,"KES 54,596"
3a4319bf-9bbe-4d47-9bc3-d966d03baf78,53613.59,"KES 53,614"
68c009f4-163b-44ac-b121-d9f5a2fbc019,5000.0,"KES 5,000"
70482837-5fe7-4ae9-a720-3b4f23d17733,124817.92,"KES 124,818"
28832094-0ad1-4e04-9c7b-4e1cb4c203db,51962.55,"KES 51,963"
634b5c22-c737-4f92-ab8c-dcf805bceb6e,59851.55,"KES 59,852"
f7199525-3258-4c87-a267-1c62dd1e9334,27313.58,"KES 27,314"
f41a4bbf-c9a2-4ed4-bff2-515dd49149b3,46516.09,"KES 46,516"
bfcb1795-f24d-4e6f-9a0d-3b228b7799f3,112262.44,"KES 112,262"
8463e71c-7379-498e-befe-8ae5043460a0,115169.17,"KES 115,169"
82ca273e-19dc-485c-8ad5-58d7e911309e,5000.0,"KES 5,000"
26819d75-ffe3-4434-bee5-fa7ea3d6cf7e,117805.36,"KES 117,805"
17d72314-6ec4-47b9-8969-8a5e4062abd8,47035.3,"KES 47,035"
5904b2e6-b76d-4b59-aaf7-f35a2673621f,5000.0,"KES 5,000"
0198ef9a-63b3-4407-8f68-832053052fdc,43092.84,"KES 43,093"
280d782a-2c2a-426a-8e35-8ef20255f3e9,5000.0,"KES 5,000"
bdab23ea-666b-469c-91a2-61727a99cd3d,119272.16,"KES 119,272"
07a9fc4e-64c1-4f8b-a01a-352d1a14d699,5000.0,"KES 5,000"
a6cc09b0-aeaf-44ee-a7fd-0ca36055fd4d,5000.0,"KES 5,000"
54216169-dfd4-4859-b1bb-b53b39d69606,5000.0,"KES 5,000"
87347fd3-f12b-47a0-85ed-80877db9c5cc,128080.7,"KES 128,081"
6bf427f6-171e-41b8-b525-761fe3205de2,93569.77,"KES 93,570"
d4035ab7-b512-494f-9580-92d8a332ad9a,98816.95,"KES 98,817"
3573908e-d4cc-4787-b4fa-9c565cc9490b,5000.0,"KES 5,000"
3ebd50d7-2dcf-4b46-b189-ebc32f9e208a,18939.56,"KES 18,940"
269dd074-4476-4f8e-8f3b-1576c6d3a99a,82259.77,"KES 82,260"
2868e667-202a-47a3-b527-1ae584edb7ba,32536.81,"KES 32,537"
a44b13f8-cfb4-4219-8eb5-0d811d893037,88715.43,"KES 88,715"
f97e784b-3c21-4223-9fc0-a0486989ea51,102059.23,"KES 102,059"
ffc17239-e97f-42ee-b5d3-b3d287de8cf0,5000.0,"KES 5,000"
36b55a06-4309-4345-92b4-66999c665ba0,5000.0,"KES 5,000"
fca3e894-de6c-461c-9c56-09c6cc22cc01,62547.37,"KES 62,547"
5903adf9-e135-4ea4-9d09-d84809e6d273,5000.0,"KES 5,000"
5d619ace-79ff-44e7-b453-163708379595,41972.64,"KES 41,973"
172bd653-0f2c-4cea-aa01-3b423b0e3552,49985.9,"KES 49,986"
7b8d85aa-08ce-4de9-aa01-95464770bf84,143332.02,"KES 143,332"
e2855cff-0e72-45ac-9e31-346f67283e0b,35418.28,"KES 35,418"
9f5220f3-8652-4d94-a47b-a76bb86a8d70,62861.31,"KES 62,861"
19091344-a9ea-4936-afa0-32da3d8f1d6f,73590.67,"KES 73,591"
e823c503-80b0-49a4-b719-0722cdb55a0e,5000.0,"KES 5,000"
ae7d4f0b-8802-4fa1-a46b-7d0f84155416,70881.23,"KES 70,881"
f6185b16-28c2-49bd-a685-57d3f505c994,55202.0,"KES 55,202"
e8b80b4a-7a2c-42b5-9800-099818174cb7,124593.33,"KES 124,593"
d00fddff-b2fa-4a1f-a390-7c23d202003b,83313.39,"KES 83,313"
3c25708d-9085-4f27-bea4-644b91d24690,116925.4,"KES 116,925"
9b64ac6c-4128-4da2-b5f2-376481d3ce51,145481.78,"KES 145,482"
7930ff1d-3ab8-47c9-be63-1e7bab8b214e,62894.83,"KES 62,895"
ac5832d6-0382-47f9-9207-4950efc2fd15,51712.83,"KES 51,713"
4ef2ba6b-12c7-4a68-8a73-117cc2909cb6,29653.88,"KES 29,654"
930ba5da-e412-464f-b855-6f9bdbf28d2f,125682.17,"KES 125,682"
c69a8e64-3f21-4ccd-9776-64ebf9dd05a7,92957.84,"KES 92,958"
56f8dd04-845e-43ff-9b47-fb8debe7884a,107473.34,"KES 107,473"
9665842e-1c0c-4fed-b5df-8a883ec10531,5000.0,"KES 5,000"
0c0970ab-9a30-455c-9599-1ae0d46b4271,121572.99,"KES 121,573"
85aa4bd6-7841-4dd8-b998-452ef6fdc32e,86862.44,"KES 86,862"
46729f6b-eb8c-4943-ad46-823bfb1d111d,134338.27,"KES 134,338"
6c0842c9-a1df-4532-ac1d-57dc8ef3fc88,144802.44,"KES 144,802"
948991d7-d73a-4251-9acb-cbd3d9a01c9e,122034.6,"KES 122,035"
e19dca2b-2f7e-401f-8604-6866dad63dba,29968.9,"KES 29,969"
777c81ba-b807-47f6-afbd-045a783ebd10,54058.38,"KES 54,058"
da6080be-e532-4f77-a036-dfa91a17f085,27249.3,"KES 27,249"
be454688-5203-43ca-9564-fa058a2bb9cf,5000.0,"KES 5,000"
d9c08a5a-f2bc-41e7-9d8e-bf2d951f4f67,51430.39,"KES 51,430"
8724dd99-55dd-489f-bb4d-80a5afe2fdeb,81472.77,"KES 81,473"
f6e8dfce-e5ac-4f82-970b-032577a29328,73408.79,"KES 73,409"
63f48b52-7d1c-4180-b24b-b18c6a9cfaf0,65462.98,"KES 65,463"
ee51d70c-0bf2-41c4-ac25-6550b3b7e793,146553.77,"KES 146,554"
ce1905c9-7a7b-4184-8f1e-0a8fb344da23,5000.0,"KES 5,000"
7c9288db-5e89-4f75-8b0a-f67e05ea1b7b,128854.67,"KES 128,855"
7c49683a-c671-4e5e-87f5-2be86b6e622d,23567.49,"KES 23,567"
273ca087-e748-4eb6-8d75-2a1e816ce0ac,134043.08,"KES 134,043"
d9d23a01-643e-4a04-86b9-e6325df943a6,5000.0,"KES 5,000"
5cb7eb3d-8616-4cdf-8769-e29d950c985b,85284.74,"KES 85,285"
e0cb62fe-a065-407d-abaf-9289cb2eca99,55009.66,"KES 55,010"
4225c884-6baa-47ec-a620-d603f3f5ff0d,69807.28,"KES 69,807"
e0768986-e3b4-4888-87c5-00684cd1443c,5000.0,"KES 5,000"
cdfaf88e-8c74-4424-833a-6cd37ebcefea,5000.0,"KES 5,000"
f81f8dfd-4771-4896-bda9-42f39398932b,5000.0,"KES 5,000"
90d254b3-93c0-4bbc-9e5c-d31fd4a0d8a4,67771.96,"KES 67,772"
3bde02c4-e87b-46e1-ab2b-8cace5865e12,5000.0,"KES 5,000"
50101597-3a8b-4cc4-a95d-edcde0733124,59026.99,"KES 59,027"
0082e37a-9ff1-42db-acc1-39e5322edabb,24085.34,"KES 24,085"
5694d10a-af11-4e94-a734-fba337be829b,83565.02,"KES 83,565"
b78b3d0f-258c-417a-a39c-fef03b53f0a8,5000.0,"KES 5,000"
1674b001-ff49-4a3e-8b36-e6378fe5a127,37628.32,"KES 37,628"
78112995-4282-493f-9ea6-29b60516f593,5000.0,"KES 5,000"
5fd36ad6-e1dc-4b2d-bc63-31caf255b7e8,90494.78,"KES 90,495"
c2a0cd2c-6eba-4bd6-9eeb-67ed3386ddac,80375.61,"KES 80,376"
c059ee0c-cf5f-41e5-baed-3f7b4dfa11ce,5000.0,"KES 5,000"
d4c869b7-fed9-4779-8455-5825d936bf24,48748.29,"KES 48,748"
1cc59cb5-d050-42ce-93a6-31a4737b61d7,24745.3,"KES 24,745"
2591b998-0492-45f1-97a2-a4f7f53244bb,136225.6,"KES 136,226"
2fa8287e-c9b6-45f4-a8d8-175fc110cc4d,48602.83,"KES 48,603"
86a74d35-c91c-4ead-b9bf-53cd99af037c,93108.52,"KES 93,109"
159499ca-035a-4ea4-a12e-62ccf551d37a,122090.27,"KES 122,090"
12cb2c1d-a13e-41b7-ad10-a5b07a5e0874,106850.35,"KES 106,850"
cfb5489a-9146-48bd-aceb-15c6276a4262,40296.75,"KES 40,297"
d21878fa-85b6-42df-94da-a07f7b7c2b39,119771.97,"KES 119,772"
1eef2c48-13c0-4c5e-936c-2782a5559373,43674.05,"KES 43,674"
61f59494-cd57-4eea-9040-daa2780fbcb4,58395.65,"KES 58,396"
1e6283c8-7dfb-44f8-a133-aa63b676c50d,103801.13,"KES 103,801"
6e6f0e62-5666-4400-be0d-158524fd9613,86034.93,"KES 86,035"
48ce646b-d4f7-4234-a7b4-8abbd8933bf5,45302.31,"KES 45,302"
25b8cbb5-79ee-4176-869a-39b331d001ac,5000.0,"KES 5,000"
c60a0251-8d31-4f4e-9139-02b31ba56525,78120.19,"KES 78,120"
1a9742f1-a687-4290-9b5c-026e4f560100,66677.58,"KES 66,678"
9f86641d-8dd9-4918-a762-205377b88d5d,45467.17,"KES 45,467"
58f7f27a-d238-4dd8-b508-859cf9161b4e,27223.91,"KES 27,224"
149b38c9-2ec7-4858-b783-794b9c12a029,58050.23,"KES 58,050"
b3cb1981-5b3e-47ca-bcf5-d6f78e55b8ab,5000.0,"KES 5,000"
2ab70f02-5aa4-4973-bce2-da1883d0bf24,94656.66,"KES 94,657"
815e92f4-479d-425e-86bb-3445b3e40bad,114958.27,"KES 114,958"
0cd5a81b-8923-438d-9df5-ae3629798eb8,96551.8,"KES 96,552"
18ba9575-75af-4484-aa78-eccfda27a55e,89357.48,"KES 89,357"
68fb143a-6064-4b39-b7a7-f65fc9d20b49,89001.93,"KES 89,002"
f008e922-d8fa-4124-a249-3623074759a4,71372.77,"KES 71,373"
8accbf97-a647-4b20-b92a-a45acd440d9a,115404.77,"KES 115,405"
5ec64d75-a395-43fd-b08e-c9fbe35a42e4,143061.76,"KES 143,062"
3d5f4162-002d-4f4d-b970-cdfca3450504,47662.7,"KES 47,663"
c4a66449-7767-481c-b7d2-af3a19f6c7f2,5000.0,"KES 5,000"
bf4006ff-4ff4-402a-898e-0edf7245c538,131221.32,"KES 131,221"
86a5e232-9b8a-48b4-a8c5-896f95257add,93182.76,"KES 93,183"
e0ca4054-3704-44fe-9540-c5af45b06439,113115.85,"KES 113,116"
d174b999-f539-47de-b44b-17ab534cef02,48422.59,"KES 48,423"
f361ed16-5486-4585-b886-3bcfd1544a99,107886.85,"KES 107,887"
1e0d5516-0515-4f3f-a60e-f9d448aaee1a,72610.18,"KES 72,610"
a7bbdd5e-e376-46d6-a9b0-7f9232a0f046,5000.0,"KES 5,000"
fcec58ea-1feb-4feb-955b-c6bed3044389,85145.22,"KES 85,145"
2815e8a9-e130-42e6-bf80-443f953eb4f6,142287.76,"KES 142,288"
765f9715-4b0b-44d6-9b32-283da76808e0,5000.0,"KES 5,000"
376abe35-d051-45e4-8251-37f54224d9ae,5000.0,"KES 5,000"
69eff718-b1c3-4050-b4bb-49f3c945f8b5,95884.5,"KES 95,885"
5c676964-4103-4517-b73b-29bd53aa6372,26417.11,"KES 26,417"
be77fa2d-ac3d-4e73-af9d-b9f2d2ad6f87,23526.56,"KES 23,527"
f7d33594-19e5-4fcb-ab7e-400a3ae38414,35618.72,"KES 35,619"
99053382-9dc8-4725-b74c-32c3d25b2d24,48004.47,"KES 48,004"
35a312cd-cc93-4ca0-ba0c-6cd2b2af14b3,57475.43,"KES 57,475"
28d5e0fd-23e2-4177-b16f-4f3c6ef11115,5000.0,"KES 5,000"
721e53ee-df67-4bea-9804-9e445827f3f4,32788.63,"KES 32,789"
c37a2b15-f9af-4b22-8efa-1fd7431b30dc,45089.14,"KES 45,089"
04e8afe8-50ee-4a0b-805a-df4f3f854c70,48159.26,"KES 48,159"
457d6830-23f1-45e9-8179-6169fcec0d9d,95149.64,"KES 95,150"
ea85ede7-8846-4e1f-8ff4-8db2575165a5,78251.6,"KES 78,252"
a8d7dfe2-e314-4838-b0b8-24ce9843736d,41483.82,"KES 41,484"
3983f9f1-b9eb-4182-a659-ada7ab5acba0,36219.24,"KES 36,219"
bfa06dd2-b8ac-4746-9e6d-349d91707449,5000.0,"KES 5,000"
0661814d-433a-40ad-a3a0-8881aff29692,39370.71,"KES 39,371"
022c891a-efc8-4a4b-95e3-e9248cf2913d,148536.87,"KES 148,537"
22a2472b-967d-481b-b6b7-a113b6f91e77,53062.69,"KES 53,063"
6ac9e112-ba5b-45c2-9729-1657fea3eeae,148513.94,"KES 148,514"
970edd5f-8677-4101-af24-34db64a910e6,27058.94,"KES 27,059"
5cb56286-1adc-4249-96ca-5817d28c15dd,49899.94,"KES 49,900"
48895abb-6f86-4dd2-b51a-3879a22688ca,17196.88,"KES 17,197"
b47bd27e-f0e6-4738-b5aa-3decc4b953ff,120137.45,"KES 120,137"
a79a0c76-3ce3-4e44-aa28-a3ef1567c45a,136253.08,"KES 136,253"
ce4e2efe-e215-41f9-805d-25931f67fe29,28929.08,"KES 28,929"
c0d9523e-ef67-454c-8ef7-dad9c49f4133,105280.41,"KES 105,280"
62ba4b2e-271b-4910-ada4-af7edd0e2ea6,135851.23,"KES 135,851"
ddc1c1a0-62bc-416a-9641-477a2abe71f2,56158.89,"KES 56,159"
b76f0a24-19f3-4778-a6ed-d26364b91546,59821.11,"KES 59,821"
1380ae7e-0d91-447e-89e9-da6256e0494e,5000.0,"KES 5,000"
fba12684-944d-4f83-a632-726757879ddb,5000.0,"KES 5,000"
5b983893-60d5-4cb0-8594-14398ca19870,92497.6,"KES 92,498"
34be3aea-ee34-4e55-a07f-278ecc0e67aa,5000.0,"KES 5,000"
d4327c2b-c90b-45ff-8ba3-4765659f6b1b,76452.86,"KES 76,453"
10ed85d0-d781-4ce7-bab5-4b01abc32197,5000.0,"KES 5,000"
8e3e4254-8a1e-4738-bfb1-5b919f08239f,25552.34,"KES 25,552"
762d4fc2-dac2-48f3-874e-b8e9e5cebe31,92037.52,"KES 92,038"
fdb2904c-6d79-4bea-9ba3-598dc59764d6,69061.05,"KES 69,061"
b91a7775-5dab-4c5c-b6f4-b8f37cfe7209,90060.06,"KES 90,060"
8fe50822-3679-4af5-9150-74ac0e1875e1,149252.64,"KES 149,253"
4e523640-1c83-42f2-8fa9-5bcf1bb4a794,83711.17,"KES 83,711"
d47ed8a3-79e6-427c-9cef-b3e103e34fcc,54662.65,"KES 54,663"
323d3a49-504b-43bb-af15-7f201f45f885,108546.97,"KES 108,547"
02f91e85-3aae-482f-b272-762aeada7e9c,5000.0,"KES 5,000"
90031182-ce21-4a36-b94a-456bc662384c,60717.58,"KES 60,718"
56e58fcc-c673-41a8-8685-ba4f9a2c2a50,102213.98,"KES 102,214"
4945fbcb-cc32-48c2-a1c0-3ec88c6fa9e3,101423.12,"KES 101,423"
b08d71ab-7a60-44f0-81d6-892ef3fc8a0f,22072.69,"KES 22,073"
baef41d0-f106-42ab-9373-5130976fc5b2,5000.0,"KES 5,000"
59f8d2cf-23ca-4d3a-82cf-cb52a8c5d42e,146957.04,"KES 146,957"
ba15257f-dfe2-47af-983b-9ae04de1baf4,84885.83,"KES 84,886"
57c368b3-b1ac-410e-a49a-52babebee411,110000.31,"KES 110,000"
47bbc78b-b923-4e8a-8e83-e3e441fdec1f,125407.76,"KES 125,408"
6a5f3472-246c-492f-b632-bc54e7462e15,5000.0,"KES 5,000"
4d83e980-5a65-4d30-8daf-a43ff89ac9e4,112781.71,"KES 112,782"
a7d02739-ceef-4032-a4ef-8b15591a073a,46594.27,"KES 46,594"
261c13ba-ef35-4264-9633-1aced56f8912,25427.55,"KES 25,428"
36098c03-bb75-4c98-8fc4-00c7be7497a3,111462.06,"KES 111,462"
90ed04c2-5689-4bd9-826b-01a7d6433b21,84850.94,"KES 84,851"
4a97150f-5805-4f95-b37a-896a7f8079ab,130850.19,"KES 130,850"
8c96df76-cd5a-43ce-a25c-329542f60bdd,87672.81,"KES 87,673"
91f3bef7-dc5e-4fcb-ad8b-633d0c7b6ce8,5000.0,"KES 5,000"
6874233e-0879-4373-b08f-fcf2b3509953,5000.0,"KES 5,000"
f59532f5-4e7e-41f3-ac83-26e2ecf434dd,23671.39,"KES 23,671"
3b47499f-35a5-410d-84d5-25582e328225,72702.93,"KES 72,703"
cfcd3e49-2aa7-4d4e-8236-36833fcb29f9,5000.0,"KES 5,000"
0bb9c048-92b2-4161-bdbd-9ee02a416b4b,33550.14,"KES 33,550"
5c8b77fb-31fc-444e-a1fb-5e4fe78c7d82,5000.0,"KES 5,000"
163a5ce4-c0ae-454c-8a18-cfa05480155c,5000.0,"KES 5,000"
b0a2e2d6-653d-423f-9ccf-b5bd013e61b5,75951.05,"KES 75,951"
89906c7b-f21a-41c8-bfe5-4eae01eb006a,33757.98,"KES 33,758"
be8dcc30-732f-42df-9057-0a63b4d83337,36719.23,"KES 36,719"
f81ccce6-0c76-4eb6-bc97-320d93f1a975,149307.92,"KES 149,308"
7b8d8b01-fa1c-470e-95bb-68ade65bcc21,70604.23,"KES 70,604"
f21d0972-03e6-4fbe-b456-4d7a5b0ef45e,35292.78,"KES 35,293"
