member_id,default_probability,risk_level,recommendation,membership_months,loan_count,repayment_rate,status
ac9b8842-abde-49d5-a109-60359917fdb3,0.0,VERY LOW,APPROVE,21.666666666666668,0.0,0.5,Active
aa1f1eb6-4316-4918-9c95-a9d53a71bba8,0.0,VERY LOW,APPROVE,65.6,2.0,1.0,Active
c987aa14-43fc-4a0a-96c0-83bff298ee96,0.0,VERY LOW,APPROVE,22.566666666666666,0.0,0.5,Active
779e73ed-6320-4356-bf0d-00f5d7a9a16a,64.92,HIGH,APPROVE WITH STRICT TERMS,45.56666666666667,1.0,0.0,Active
bd5ecd05-6e07-44f0-afa0-bbc96b0599b7,0.0,VERY LOW,APPROVE,24.033333333333335,0.0,0.5,Active
1134e361-9b60-4d70-b5ae-c802c1b6bf26,58.33,HIGH,APPROVE WITH STRICT TERMS,70.6,1.0,0.0,Active
2c081cb6-ab62-4933-a7ff-bad0f2147d09,63.34,HIGH,APPROVE WITH STRICT TERMS,71.23333333333333,1.0,0.0,Active
89e04be9-4886-44cc-9db8-7d9bd746c25d,0.0,VERY LOW,APPROVE,50.8,1.0,1.0,Active
899f36fb-4001-4a60-926e-7b3137b05c31,64.71,HIGH,APPROVE WITH STRICT TERMS,56.36666666666667,2.0,0.5,Active
d63d265e-efff-4caa-b922-bd8fdb7982e9,66.63,HIGH,APPROVE WITH STRICT TERMS,30.433333333333334,2.0,0.5,Active
12baad6a-496d-4ee7-9f33-0ff2ec9fb8e4,0.0,VERY LOW,APPROVE,52.63333333333333,0.0,0.5,Active
cfebe314-4381-4292-8dec-d52fbdd89562,0.0,VERY LOW,APPROVE,70.56666666666666,0.0,0.5,Terminated
6c52e480-edee-43e2-b87f-98277e90e3bb,0.0,VERY LOW,APPROVE,62.666666666666664,0.0,0.5,Inactive
0249964c-eda0-41bc-bee6-b789641a235e,0.0,VERY LOW,APPROVE,30.833333333333332,0.0,0.5,Inactive
89a34729-9502-4314-8c1a-3a0a3b72f810,0.0,VERY LOW,APPROVE,73.1,1.0,1.0,Active
a04311da-bba4-4d10-a82d-9e01c6d6d24b,90.43,VERY HIGH,REJECT,29.466666666666665,4.0,0.75,Active
07164684-13d3-4acf-872d-ee5f681d774b,89.58,VERY HIGH,REJECT,28.933333333333334,1.0,0.0,Active
49727ddf-dc64-4374-9854-46c97ef9c3c1,0.0,VERY LOW,APPROVE,23.633333333333333,1.0,1.0,Active
3a146e2a-2375-4407-84f3-5e4d51cf18b9,81.67,VERY HIGH,REJECT,41.166666666666664,1.0,0.0,Active
13c176a1-0485-43c4-8c24-314c04696ac5,0.0,VERY LOW,APPROVE,46.63333333333333,1.0,1.0,Active
32fbadc5-d199-4d26-a971-55437827f7c6,0.0,VERY LOW,APPROVE,73.6,0.0,0.5,Inactive
de73d9d0-1370-44ce-a2cf-e9ff9426bf38,97.58,VERY HIGH,REJECT,31.5,3.0,0.3333333333333333,Active
1fa28e23-ef47-4b6b-967d-aae211ab5a2e,0.0,VERY LOW,APPROVE,71.4,1.0,1.0,Active
832b095f-d62a-4d57-816c-59c8f9988581,27.01,LOW,APPROVE,37.233333333333334,2.0,0.5,Active
e27d34f0-89f6-4adc-add7-a427e19b44e8,0.0,VERY LOW,APPROVE,34.13333333333333,0.0,0.5,Inactive
ba415945-1860-47e8-ace5-d43036056e7a,94.73,VERY HIGH,REJECT,60.53333333333333,2.0,0.0,Active
b16207e7-82ee-4a70-aeae-210307fee637,0.48,VERY LOW,APPROVE,59.1,2.0,1.0,Active
7a06cb4c-894e-4f91-ab90-1febfdd2160f,0.0,VERY LOW,APPROVE,37.0,1.0,1.0,Active
daa7b553-d455-48be-8652-fa3e4c209d4a,0.0,VERY LOW,APPROVE,23.433333333333334,0.0,0.5,Active
382cb499-a7d0-4f99-86ae-b92596028ef9,0.0,VERY LOW,APPROVE,48.36666666666667,2.0,1.0,Active
0ea7596b-5efe-4bf4-97a5-f5b86d290c73,0.0,VERY LOW,APPROVE,68.13333333333334,1.0,1.0,Active
bd0ed5e9-f2d2-4b65-99b4-fd8e6bb9c231,79.47,VERY HIGH,REJECT,57.8,1.0,0.0,Active
556f2298-2660-4897-b77d-ad36a2a06852,0.0,VERY LOW,APPROVE,23.6,0.0,0.5,Active
71a9abff-a4dd-47de-a274-cd751c5df70f,0.0,VERY LOW,APPROVE,62.766666666666666,0.0,0.5,Inactive
1da0fd3b-3255-4e99-9633-80c6f98c4842,77.83,VERY HIGH,REJECT,46.5,1.0,0.0,Active
2c83dcfe-0281-43c7-9f9c-8ac9a6896397,0.0,VERY LOW,APPROVE,47.63333333333333,1.0,1.0,Active
4f88159a-cb25-4ddd-8222-a23448f5ffb9,0.0,VERY LOW,APPROVE,16.966666666666665,0.0,0.5,Active
7ca8195e-8ed4-4743-b40d-8b0e2a9607b1,0.0,VERY LOW,APPROVE,64.36666666666666,0.0,0.5,Active
de5562b3-390f-4722-8dbb-903084211926,79.14,VERY HIGH,REJECT,66.63333333333334,2.0,0.5,Active
dd6614d9-10bb-461e-a303-cfd482e5e5fc,0.0,VERY LOW,APPROVE,50.06666666666667,1.0,1.0,Active
a084abdd-814d-43ac-9948-dad252f90f68,0.0,VERY LOW,APPROVE,73.06666666666666,0.0,0.5,Active
1d00e67e-8ec9-4d1e-9e8a-4556769f5e1b,83.06,VERY HIGH,REJECT,45.733333333333334,1.0,0.0,Active
009604ac-440c-45f8-b15e-bdb4840df632,0.0,VERY LOW,APPROVE,18.233333333333334,0.0,0.5,Terminated
cf818d8f-6e77-4795-a12b-21db3b7f7f65,0.0,VERY LOW,APPROVE,58.06666666666667,1.0,1.0,Active
316f5c8c-f86c-4789-86d8-0823a64f6a0e,95.87,VERY HIGH,REJECT,66.66666666666667,3.0,0.3333333333333333,Active
31c57c6f-8195-4516-b60b-12d1db3b75bf,0.0,VERY LOW,APPROVE,37.5,0.0,0.5,Active
0e72017c-50d8-41a1-92f9-fdbdc5e0267a,84.8,VERY HIGH,REJECT,57.93333333333333,1.0,0.0,Active
43b526af-1b5f-4f93-8242-afe85686b6b9,0.0,VERY LOW,APPROVE,40.266666666666666,0.0,0.5,Active
d89d8ed4-3647-4568-96f4-0003c9604a01,85.36,VERY HIGH,REJECT,48.8,1.0,0.0,Active
aa95a0c0-dded-40bf-a84e-02d1e498df93,37.75,MEDIUM,APPROVE WITH CAUTION,46.5,3.0,0.6666666666666666,Active
97373893-938f-48b0-bb7e-a7b325e410e1,0.41,VERY LOW,APPROVE,35.766666666666666,2.0,1.0,Active
725814de-7d8a-4cf2-8f60-8391f7f56292,0.04,VERY LOW,APPROVE,65.3,1.0,1.0,Active
0ebc01e5-445c-413c-a7d7-420aad7f55ee,0.05,VERY LOW,APPROVE,49.4,1.0,1.0,Active
5fd10de4-ef18-4488-8521-4ab8ec92f3da,0.0,VERY LOW,APPROVE,57.13333333333333,2.0,1.0,Active
39c8d032-a5d2-4715-9b6c-fca0c047c904,0.0,VERY LOW,APPROVE,29.9,0.0,0.5,Active
36b25036-1274-401b-812f-fea93c464005,0.0,VERY LOW,APPROVE,24.633333333333333,1.0,1.0,Active
b226e1db-e2da-4882-a143-0ec9a247aa87,81.57,VERY HIGH,REJECT,72.73333333333333,2.0,0.5,Active
5e3855ce-a2c6-4aa2-9b5e-ffe24657c8a7,0.0,VERY LOW,APPROVE,24.366666666666667,0.0,0.5,Inactive
e06a4419-c6ea-4b64-a5ac-de783bb3b523,0.0,VERY LOW,APPROVE,44.96666666666667,1.0,1.0,Active
6b5bf51d-9c7a-49a5-af4a-86562fd725f7,0.0,VERY LOW,APPROVE,17.4,0.0,0.5,Inactive
6d5998e0-c964-40a2-affc-5077f75a6e93,60.25,HIGH,APPROVE WITH STRICT TERMS,47.43333333333333,1.0,0.0,Active
27963ce1-18bc-4646-998d-3a163ec459e2,0.57,VERY LOW,APPROVE,50.03333333333333,4.0,1.0,Active
a2e2e51d-352e-4912-89b3-6fbf8e7f8e7e,0.0,VERY LOW,APPROVE,55.13333333333333,3.0,1.0,Active
e3ae4eca-a7e0-4b09-b097-0e13dd17ea30,0.0,VERY LOW,APPROVE,23.9,1.0,1.0,Active
4d653968-1204-4848-ac05-366cfeddb0f2,0.0,VERY LOW,APPROVE,34.333333333333336,1.0,1.0,Active
63fbb87b-56b5-4373-8701-11db339a51ef,0.0,VERY LOW,APPROVE,24.766666666666666,1.0,1.0,Active
b8d352cd-5cca-47ad-95f3-d08cb0c5ece7,0.0,VERY LOW,APPROVE,46.56666666666667,0.0,0.5,Active
009ac4a8-2312-4d1d-aee0-6662742d5cc2,62.08,HIGH,APPROVE WITH STRICT TERMS,71.0,1.0,0.0,Active
b36dbc64-b4c7-463d-aab9-6a9bc05679bb,0.05,VERY LOW,APPROVE,44.3,1.0,1.0,Active
1c7fc58e-3e85-4952-bc07-20242a66e1ad,0.05,VERY LOW,APPROVE,16.5,1.0,1.0,Active
1ceda5f6-3e7f-4f5f-b515-3ba69d4859b4,0.0,VERY LOW,APPROVE,39.4,1.0,1.0,Active
476f3339-24cd-49f1-9b45-472334ba3062,0.0,VERY LOW,APPROVE,34.166666666666664,0.0,0.5,Active
9f67ed74-b965-4e7e-b506-800f2b53ba1d,0.0,VERY LOW,APPROVE,17.866666666666667,1.0,1.0,Active
1cf5c7f3-a61d-4c70-8835-2452956513e8,78.0,VERY HIGH,REJECT,77.03333333333333,1.0,0.0,Active
3797a745-4be8-4124-b19d-29d6e7bbb4fd,0.0,VERY LOW,APPROVE,56.7,3.0,1.0,Active
7602d079-1b39-4f53-8e13-5844afd79cb9,0.0,VERY LOW,APPROVE,33.666666666666664,1.0,1.0,Active
91ae8449-6cd4-4416-a903-16da361ed104,0.0,VERY LOW,APPROVE,45.5,1.0,1.0,Active
ee84a379-11f2-4073-868d-ee273e8738ae,22.93,LOW,APPROVE,50.733333333333334,1.0,0.0,Active
f8be08fe-6940-4f9a-b2a2-12345a3d2dd4,0.0,VERY LOW,APPROVE,20.8,0.0,0.5,Active
f5a12a05-8d4b-49f0-b817-8a3cc7848528,0.0,VERY LOW,APPROVE,73.76666666666667,0.0,0.5,Active
bfc16370-0199-449e-84bb-c61c21d346c3,0.0,VERY LOW,APPROVE,30.233333333333334,0.0,0.5,Active
01ae42d3-7081-4f99-a623-16232d9e1279,72.56,VERY HIGH,REJECT,75.6,1.0,0.0,Active
07d7ffe8-fbf1-4b2f-941c-a08864003fca,91.59,VERY HIGH,REJECT,27.533333333333335,4.0,0.5,Active
b7758a46-6e89-4265-b40b-22a9f304ff60,0.0,VERY LOW,APPROVE,75.96666666666667,0.0,0.5,Inactive
e1788d3d-fb21-4941-88ee-9eeea9c5aba7,0.0,VERY LOW,APPROVE,46.3,0.0,0.5,Terminated
50958d87-9ebe-4fe9-a0ec-027e43491075,0.0,VERY LOW,APPROVE,46.96666666666667,2.0,1.0,Active
85b484db-61ad-4c34-afa9-f430fb1b1cf4,67.48,HIGH,APPROVE WITH STRICT TERMS,59.53333333333333,1.0,0.0,Active
4ddd7b2c-f9f1-4456-afaa-48f68719dd75,0.0,VERY LOW,APPROVE,59.06666666666667,0.0,0.5,Active
c7c9d3f7-7777-4e17-9d74-ef233652b9b1,0.0,VERY LOW,APPROVE,33.6,1.0,1.0,Active
9a593c8f-dd8d-4e52-81b4-fa0588bc53c3,40.31,MEDIUM,APPROVE WITH CAUTION,22.533333333333335,1.0,0.0,Active
ba3c71b6-7459-42ca-860b-bce25181475b,39.95,MEDIUM,APPROVE WITH CAUTION,27.866666666666667,1.0,0.0,Active
b6ab0a30-f8c2-4200-a438-12165da264a0,0.0,VERY LOW,APPROVE,67.4,3.0,1.0,Active
abce8289-e103-4948-aa9a-d542a8cff802,34.97,MEDIUM,APPROVE WITH CAUTION,23.133333333333333,4.0,0.75,Active
4f01ad9d-fc11-4974-9276-627cc74d966c,94.45,VERY HIGH,REJECT,59.03333333333333,4.0,0.5,Active
ded01f7c-2081-46af-808a-8c00830d4dc1,63.62,HIGH,APPROVE WITH STRICT TERMS,29.566666666666666,2.0,0.5,Active
95968a90-30bc-47db-9a49-48efbfa5646f,83.17,VERY HIGH,REJECT,75.6,1.0,0.0,Active
c778ff08-1bde-4d93-ba79-b0034a25a8a6,0.0,VERY LOW,APPROVE,27.866666666666667,1.0,1.0,Active
56b9cc8e-129f-4295-b199-f6f82d087ff0,0.0,VERY LOW,APPROVE,57.7,2.0,1.0,Active
bcaf11ee-acc5-4300-b306-2580ad96f1ca,0.0,VERY LOW,APPROVE,33.9,1.0,1.0,Active
db52a8cb-10ae-433e-ad9c-3cf2740b57c3,0.26,VERY LOW,APPROVE,28.733333333333334,1.0,1.0,Active
04f1a613-6597-4683-9e58-6109f11d560b,0.0,VERY LOW,APPROVE,75.96666666666667,1.0,1.0,Active
6666a568-3731-4d40-80ba-5a029e3d1e2c,59.5,HIGH,APPROVE WITH STRICT TERMS,68.9,2.0,0.5,Active
f9bef828-906b-454e-b8cd-2edfd949b320,0.0,VERY LOW,APPROVE,48.93333333333333,1.0,1.0,Active
b3aaf5c2-1a78-4948-ab1f-972a331092a9,0.0,VERY LOW,APPROVE,29.2,0.0,0.5,Active
060395b9-b9c3-4427-8441-afe503a8328b,0.0,VERY LOW,APPROVE,49.833333333333336,0.0,0.5,Active
297b0f68-5abb-4e09-80f0-4f42dc83df76,0.0,VERY LOW,APPROVE,38.1,0.0,0.5,Active
5de5abf4-b99a-4e85-9d95-66318d4c7d1f,0.0,VERY LOW,APPROVE,38.733333333333334,0.0,0.5,Terminated
97e073ff-5602-474c-ae2c-81bf45a67d4b,0.0,VERY LOW,APPROVE,29.7,1.0,1.0,Active
dcf6c32c-8ee5-489e-bc48-c7e704fbab4f,56.89,HIGH,APPROVE WITH STRICT TERMS,65.6,3.0,0.6666666666666666,Active
70cbdd5f-ee2b-46c2-9d0f-34579082c239,73.95,VERY HIGH,REJECT,67.66666666666667,1.0,0.0,Active
aefcf042-bd85-4e4d-81ab-ea66cebc35aa,80.6,VERY HIGH,REJECT,63.733333333333334,2.0,0.5,Active
65269772-14e4-4457-ad66-a5d590df1bee,66.75,HIGH,APPROVE WITH STRICT TERMS,68.76666666666667,3.0,0.6666666666666666,Active
7701a26e-9232-4339-8a81-8f20fb57f5ca,64.15,HIGH,APPROVE WITH STRICT TERMS,48.63333333333333,3.0,0.6666666666666666,Active
1c512ee8-5b34-41a6-a248-f8c5e757829c,0.0,VERY LOW,APPROVE,23.166666666666668,0.0,0.5,Active
7782ac8a-b8a1-4bed-aa68-86aa5875b534,0.0,VERY LOW,APPROVE,50.1,2.0,1.0,Active
d8b7ac4a-2bb9-4153-a5c8-e3f100378cce,24.89,LOW,APPROVE,30.8,3.0,0.6666666666666666,Active
59de47f3-9488-4ac6-a722-06f3adbd46d6,0.0,VERY LOW,APPROVE,29.566666666666666,2.0,1.0,Active
0e57c6c5-467b-4461-9dee-39b9593e5493,0.0,VERY LOW,APPROVE,23.966666666666665,0.0,0.5,Active
e667080f-7c2e-4117-b046-ca5911ccc078,86.02,VERY HIGH,REJECT,17.066666666666666,1.0,0.0,Active
e3d1c23f-8c05-41a9-aacd-ef851cb04b10,0.0,VERY LOW,APPROVE,60.833333333333336,0.0,0.5,Inactive
be312477-040c-4e0a-ae7e-540559898e5f,0.0,VERY LOW,APPROVE,61.266666666666666,0.0,0.5,Inactive
5f5efa4f-bd96-4ed5-96c8-66ef8559af96,0.0,VERY LOW,APPROVE,29.7,1.0,1.0,Active
8a1b12b4-a510-434d-93a3-c678f8ac68fa,0.04,VERY LOW,APPROVE,65.23333333333333,1.0,1.0,Active
58294e7e-d717-4775-aedb-2a40be12c10c,0.0,VERY LOW,APPROVE,44.8,0.0,0.5,Active
e72b0074-1c73-4d59-b82a-e8b4e618b06b,0.0,VERY LOW,APPROVE,64.26666666666667,0.0,0.5,Inactive
5487729c-c9bd-48c7-8df3-aea925fc9766,0.0,VERY LOW,APPROVE,17.0,0.0,0.5,Terminated
1ac26e94-2a09-4d3b-98eb-564259c2f9df,0.0,VERY LOW,APPROVE,74.53333333333333,0.0,0.5,Active
7f7264e6-70b0-4b91-af68-64744c205a3d,0.0,VERY LOW,APPROVE,35.9,1.0,1.0,Active
93dfa83f-a036-4198-a9a7-1cf82b45945b,0.0,VERY LOW,APPROVE,24.366666666666667,0.0,0.5,Inactive
2ecba0a0-e32a-4105-84aa-dd14c265cc79,0.0,VERY LOW,APPROVE,29.7,1.0,1.0,Active
826978b5-4106-444a-b27b-0610699e57cc,64.34,HIGH,APPROVE WITH STRICT TERMS,37.96666666666667,4.0,0.75,Active
f6bdf36a-0d66-49da-913e-6f4bc757b8b9,0.0,VERY LOW,APPROVE,25.633333333333333,1.0,1.0,Active
843842b3-9136-42c6-a19a-86bbf386387a,0.0,VERY LOW,APPROVE,69.33333333333333,0.0,0.5,Active
d3ce4e4d-2671-4ef5-b634-5362673da5b4,0.0,VERY LOW,APPROVE,26.266666666666666,1.0,1.0,Active
3a54b312-b380-4307-b390-4e4d061ef404,0.0,VERY LOW,APPROVE,65.33333333333333,1.0,1.0,Active
49d19a42-bd45-4123-941d-bc00d64f3d6c,0.26,VERY LOW,APPROVE,31.066666666666666,1.0,1.0,Active
ccb63977-573b-4a10-8306-afd42e610cdc,31.22,MEDIUM,APPROVE WITH CAUTION,62.166666666666664,1.0,0.0,Active
c2759a06-10db-475f-9af0-480edbdd600c,0.0,VERY LOW,APPROVE,74.1,0.0,0.5,Inactive
eda08225-acf0-4457-83bb-76b88df6b4e6,0.0,VERY LOW,APPROVE,49.2,0.0,0.5,Active
1ad82c0b-bbf1-4e8b-88ae-8a566016ee5e,95.38,VERY HIGH,REJECT,19.833333333333332,2.0,0.0,Active
d0d599d5-b17d-4b28-a2cc-ce6317529678,0.0,VERY LOW,APPROVE,26.166666666666668,0.0,0.5,Active
2e8e992f-1449-49f1-b379-649be026dec2,92.59,VERY HIGH,REJECT,18.633333333333333,4.0,0.5,Active
cadeaa12-fe89-4eb4-bac2-ba91a768858e,0.0,VERY LOW,APPROVE,34.9,1.0,1.0,Active
0399a55d-9885-4a42-b32a-ae89f39fdd42,0.0,VERY LOW,APPROVE,44.13333333333333,0.0,0.5,Active
b8715d4c-732b-4b6b-b779-39291a137f47,0.0,VERY LOW,APPROVE,58.733333333333334,1.0,1.0,Active
93494b53-66a1-47ea-8371-45eae05dc8ab,81.27,VERY HIGH,REJECT,27.133333333333333,2.0,0.0,Active
33958753-6563-4cb9-b8f3-22f9f3839f3a,0.27,VERY LOW,APPROVE,51.833333333333336,1.0,1.0,Active
8f6667df-4fcd-43c7-8382-eb39062f38fa,84.44,VERY HIGH,REJECT,23.433333333333334,3.0,0.6666666666666666,Active
5eb4b7ff-cddb-4be8-8467-731297683840,89.24,VERY HIGH,REJECT,45.166666666666664,1.0,0.0,Active
26741bb8-ebbd-4e27-971d-51df06bdafc4,0.0,VERY LOW,APPROVE,41.06666666666667,0.0,0.5,Inactive
92009037-f0f3-422e-82cb-9d34f3759d7e,0.0,VERY LOW,APPROVE,57.233333333333334,0.0,0.5,Terminated
c9fec3df-dafb-4295-a84c-f05f82df02f8,0.0,VERY LOW,APPROVE,75.8,1.0,1.0,Active
fd642291-df11-400a-a339-b71b8625f672,83.56,VERY HIGH,REJECT,54.06666666666667,2.0,0.5,Active
587e9e24-7e20-4de0-9d55-131e93a1f4ce,0.0,VERY LOW,APPROVE,68.5,1.0,1.0,Active
004ca0ea-c1eb-4880-957f-5b8785d68336,0.0,VERY LOW,APPROVE,71.1,1.0,1.0,Active
0366f058-5550-4623-939d-86c1c341b9fa,0.0,VERY LOW,APPROVE,37.833333333333336,1.0,1.0,Active
15e00205-4d86-44c4-b25e-da24a02e9604,0.0,VERY LOW,APPROVE,51.06666666666667,2.0,1.0,Active
67ca874c-c848-4a3c-a391-adb82ffb4e50,85.87,VERY HIGH,REJECT,37.333333333333336,1.0,0.0,Active
89374efd-969a-481f-85d5-922806820554,0.05,VERY LOW,APPROVE,45.9,1.0,1.0,Active
eb62cc80-d186-4b97-98cb-8bc97ffa18fd,97.9,VERY HIGH,REJECT,39.2,2.0,0.0,Active
0374e4ed-ede7-4168-8e9c-34b4ba13c1c4,0.0,VERY LOW,APPROVE,72.1,0.0,0.5,Active
d855cc2c-97df-4621-a841-718cbd5a1fdb,0.43,VERY LOW,APPROVE,44.86666666666667,2.0,1.0,Active
7a884c4a-af61-41e5-8311-2d5f4880650d,76.84,VERY HIGH,REJECT,75.73333333333333,2.0,0.0,Active
4b10823f-abd1-4553-a25a-06005a440683,0.0,VERY LOW,APPROVE,59.166666666666664,0.0,0.5,Terminated
6787fad6-febb-407d-a4e1-59892e03af63,0.0,VERY LOW,APPROVE,28.866666666666667,1.0,1.0,Active
c2a60f07-5eb7-427a-93e7-1adf5f117415,79.83,VERY HIGH,REJECT,41.3,2.0,0.5,Active
b59f7da3-c823-436d-aad4-ec9d506a3abf,68.96,HIGH,APPROVE WITH STRICT TERMS,73.1,1.0,0.0,Active
557f7529-d0bb-46b0-a855-da1a7fbe867e,0.0,VERY LOW,APPROVE,23.7,0.0,0.5,Active
b770cf7d-4a0e-46b3-b41d-2b358da2243a,0.0,VERY LOW,APPROVE,26.833333333333332,1.0,1.0,Active
669c03fa-8452-4ee7-b70a-1dfeb96ab161,0.04,VERY LOW,APPROVE,35.1,1.0,1.0,Active
ae946908-ec8c-4274-b3bc-67a3b299e7d6,0.0,VERY LOW,APPROVE,66.0,0.0,0.5,Inactive
119a9a7b-a34e-4917-98cf-946f43980415,0.0,VERY LOW,APPROVE,60.0,1.0,1.0,Active
ef07ab91-0df2-40c2-bf46-5a7061dc877d,0.0,VERY LOW,APPROVE,65.83333333333333,2.0,1.0,Active
eb9194f3-da79-46d8-8f06-b1906ddbe902,0.0,VERY LOW,APPROVE,21.133333333333333,2.0,1.0,Active
5f695a4d-fdb3-4630-a54c-029e9f879a93,0.0,VERY LOW,APPROVE,65.93333333333334,1.0,1.0,Active
0eaf686e-3c07-4f9e-8d34-6156b93c6a83,0.0,VERY LOW,APPROVE,66.13333333333334,0.0,0.5,Terminated
a321728e-ca58-4221-868e-c02f776ee935,38.73,MEDIUM,APPROVE WITH CAUTION,33.06666666666667,1.0,0.0,Active
208a20bf-c0f9-413b-a605-888f260d8455,0.04,VERY LOW,APPROVE,52.5,2.0,1.0,Active
2f6e16e6-ccd8-4930-b748-2e10aec9bca8,77.23,VERY HIGH,REJECT,63.43333333333333,1.0,0.0,Active
725ba249-85d8-48fd-8f0f-9db5a88e00e8,85.11,VERY HIGH,REJECT,19.833333333333332,3.0,0.6666666666666666,Active
7946e363-9b04-4130-b51b-ec0de0bf9929,0.0,VERY LOW,APPROVE,75.53333333333333,0.0,0.5,Inactive
1febdae6-7abc-447f-a23b-195dfca1c1e4,87.47,VERY HIGH,REJECT,75.4,1.0,0.0,Active
d03413e4-211a-42ff-a98d-e998a23e218a,0.27,VERY LOW,APPROVE,77.03333333333333,1.0,1.0,Active
c0a37175-8327-4ed1-a0a5-445d4fa0ed02,0.0,VERY LOW,APPROVE,55.6,0.0,0.5,Active
f6cc2988-229d-460d-831b-783095063414,0.0,VERY LOW,APPROVE,24.2,1.0,1.0,Active
0f401598-c5ce-4324-87e7-1ee007ee1648,0.04,VERY LOW,APPROVE,22.566666666666666,1.0,1.0,Active
357a767c-10bd-4277-8bba-f10926e5115f,90.88,VERY HIGH,REJECT,17.266666666666666,2.0,0.0,Active
f354d63b-3851-47e0-bbbd-0a505a40e951,65.39,HIGH,APPROVE WITH STRICT TERMS,36.233333333333334,4.0,0.75,Active
815db85f-51fa-4203-8e70-187eca55e157,0.0,VERY LOW,APPROVE,35.53333333333333,0.0,0.5,Active
6ef5b68d-843d-4c9c-a807-a2c682ed2295,79.67,VERY HIGH,REJECT,47.8,1.0,0.0,Active
48de2158-0e78-4520-81d3-219aaa0e8748,0.0,VERY LOW,APPROVE,71.06666666666666,0.0,0.5,Active
6e4c97d6-f68a-4412-9dd3-c7704ed02b93,0.0,VERY LOW,APPROVE,68.0,0.0,0.5,Inactive
581ee2be-6eb8-49e9-81b2-c85e18fcf4c2,0.0,VERY LOW,APPROVE,66.7,1.0,1.0,Active
16c99c80-0c98-4ee8-b7de-852698b96eaf,0.04,VERY LOW,APPROVE,45.766666666666666,1.0,1.0,Active
c5fd0d3f-0a27-4d89-ab65-a167327cdefd,0.0,VERY LOW,APPROVE,33.36666666666667,0.0,0.5,Active
5e9818d8-55c9-4b7a-9580-2927688ebf6c,0.0,VERY LOW,APPROVE,21.933333333333334,0.0,0.5,Active
0ec55f34-106f-4fcd-a9b8-544d8252befb,0.34,VERY LOW,APPROVE,76.43333333333334,2.0,1.0,Active
3c70d83f-089b-4d12-aff5-757448b8dbbd,92.23,VERY HIGH,REJECT,33.53333333333333,2.0,0.0,Active
65b1d07f-55e2-409d-8452-da0498cfb153,0.0,VERY LOW,APPROVE,39.63333333333333,0.0,0.5,Active
be798303-9950-4338-8d9a-4068476b2e6f,78.9,VERY HIGH,REJECT,25.233333333333334,1.0,0.0,Active
dc5b70af-05fe-4667-a009-552effb8a0a5,0.0,VERY LOW,APPROVE,29.266666666666666,0.0,0.5,Terminated
ddc21bab-0d5b-4b02-bcf8-a705f2da1882,64.0,HIGH,APPROVE WITH STRICT TERMS,37.833333333333336,1.0,0.0,Active
2b11e4d3-0efd-4141-92da-e6cdd810248c,0.0,VERY LOW,APPROVE,63.766666666666666,0.0,0.5,Active
f128da69-07bc-400e-b9ae-81d616367d38,0.0,VERY LOW,APPROVE,71.06666666666666,0.0,0.5,Inactive
4d38ff7a-c2ca-4821-9742-5891281845b3,0.0,VERY LOW,APPROVE,71.9,0.0,0.5,Active
e1ff5bb4-8356-43d4-81b6-104628363297,0.0,VERY LOW,APPROVE,47.233333333333334,0.0,0.5,Active
a37c301d-4ccb-4543-913c-f60e5ed58568,0.0,VERY LOW,APPROVE,34.93333333333333,0.0,0.5,Inactive
8bf1a45c-32c4-4805-bf7b-03b2e19e2393,0.0,VERY LOW,APPROVE,57.2,1.0,1.0,Active
51dd6103-2d17-4841-a384-45669cd5b877,70.93,VERY HIGH,REJECT,76.26666666666667,2.0,0.5,Active
e516f4fb-eb93-44e1-9387-645edb2ee09b,63.43,HIGH,APPROVE WITH STRICT TERMS,48.06666666666667,1.0,0.0,Active
a21c7e2a-a776-4811-bc0e-b7f5c41ae60f,0.0,VERY LOW,APPROVE,36.2,2.0,1.0,Active
ef586e38-0b7f-4990-887d-90f60ff0c2b6,0.0,VERY LOW,APPROVE,75.93333333333334,0.0,0.5,Active
f5adc56d-352f-4cb5-99b6-b05344cbee9e,0.0,VERY LOW,APPROVE,28.933333333333334,2.0,1.0,Active
2c4ba1fb-54c4-4d58-be2c-c53c4374e1e6,42.61,MEDIUM,APPROVE WITH CAUTION,60.2,1.0,0.0,Active
e10010f0-3cd0-4d39-882e-36885d96cbb2,0.0,VERY LOW,APPROVE,25.0,0.0,0.5,Inactive
af51c95c-4a4b-4204-8dfa-51eba87d5210,0.0,VERY LOW,APPROVE,22.633333333333333,0.0,0.5,Active
eca6bc7c-bf50-475a-b2f3-835feea766ee,61.02,HIGH,APPROVE WITH STRICT TERMS,76.8,2.0,0.5,Active
3d9597d8-b2e6-4354-948f-a9375acfa421,52.36,HIGH,APPROVE WITH STRICT TERMS,40.4,1.0,0.0,Active
783d6140-c23d-41f0-882f-0ac5da8bb886,0.0,VERY LOW,APPROVE,50.1,0.0,0.5,Terminated
c27ce8f0-7d75-4af1-8c9b-418c1762baf1,86.18,VERY HIGH,REJECT,28.7,3.0,0.6666666666666666,Active
b866d5ca-b12c-4cfa-a965-087cb8011884,89.93,VERY HIGH,REJECT,36.56666666666667,3.0,0.3333333333333333,Active
7c8120d6-09d6-40ab-87b9-e3c1635f6341,0.04,VERY LOW,APPROVE,54.96666666666667,1.0,1.0,Active
53a8dda9-4883-46ea-89f6-23ace6075ab4,0.27,VERY LOW,APPROVE,27.8,1.0,1.0,Active
2a1039cd-8350-4a6e-9e46-c15dcf25e7a5,0.0,VERY LOW,APPROVE,49.766666666666666,0.0,0.5,Terminated
be4fdb81-4fde-4004-b3b0-d022a72b86e1,0.0,VERY LOW,APPROVE,50.3,0.0,0.5,Active
a329fecc-d956-4e89-94f6-98a87bec68be,0.0,VERY LOW,APPROVE,18.7,0.0,0.5,Active
1bf55f9d-2f37-4d88-9cd2-8452f09e98e1,54.64,HIGH,APPROVE WITH STRICT TERMS,47.1,1.0,0.0,Active
e57e06a7-e3d9-48f2-8fe0-250320d1dd12,0.0,VERY LOW,APPROVE,23.866666666666667,3.0,1.0,Active
2c1d8430-f893-4974-a649-b4df97d9f341,0.0,VERY LOW,APPROVE,27.633333333333333,1.0,1.0,Active
42c9bc15-5bb1-450e-89f5-875e3147f5a6,0.0,VERY LOW,APPROVE,53.666666666666664,0.0,0.5,Inactive
165e734a-fd24-4246-a21a-a9720ba4dee4,88.15,VERY HIGH,REJECT,72.96666666666667,1.0,0.0,Active
b7a41570-ece8-4261-b7dc-47cca79225c9,0.0,VERY LOW,APPROVE,53.266666666666666,0.0,0.5,Inactive
5b3f0216-ab03-4657-be6b-564a45d312ae,70.87,VERY HIGH,REJECT,38.46666666666667,2.0,0.5,Active
6529732b-4319-40c1-8000-8456547a0b3b,53.35,HIGH,APPROVE WITH STRICT TERMS,37.0,3.0,0.6666666666666666,Active
7188facc-0601-42da-b9a4-643b1ebecff7,92.31,VERY HIGH,REJECT,72.9,1.0,0.0,Active
b555b72e-705c-4204-aaca-dd8def24eb3b,72.96,VERY HIGH,REJECT,64.93333333333334,3.0,0.6666666666666666,Active
e9e447a0-a0e7-441a-aa05-818cb1380da0,0.0,VERY LOW,APPROVE,63.0,0.0,0.5,Inactive
f8a53342-1264-41ad-a240-447c121ebaf5,0.43,VERY LOW,APPROVE,31.1,1.0,1.0,Active
4d1e2905-2b31-4c60-a880-fd991d3bda61,0.37,VERY LOW,APPROVE,66.36666666666666,2.0,1.0,Active
46963be3-3e47-4043-961f-426315356524,0.0,VERY LOW,APPROVE,53.9,3.0,1.0,Active
828b1321-8dce-4cea-b340-e46ef111946f,0.0,VERY LOW,APPROVE,58.3,1.0,1.0,Active
ca58b88c-48ff-4a4e-90ee-215518e7aba3,52.92,HIGH,APPROVE WITH STRICT TERMS,64.93333333333334,2.0,0.5,Active
7b2bff56-23fb-417a-986e-15555708d7e0,0.04,VERY LOW,APPROVE,27.433333333333334,1.0,1.0,Active
02585819-8acb-40da-81c3-ef370402a79c,75.84,VERY HIGH,REJECT,59.43333333333333,2.0,0.5,Active
86bd0521-2730-423e-9503-74a6042b0bc4,83.92,VERY HIGH,REJECT,35.56666666666667,1.0,0.0,Active
fc1e084b-6579-408d-9cc3-ee496f8381dd,0.0,VERY LOW,APPROVE,26.166666666666668,0.0,0.5,Terminated
8cdda45f-fe47-4d04-9aa6-b6ad8b65ef8e,0.0,VERY LOW,APPROVE,33.2,1.0,1.0,Active
6098e7a7-035a-45c2-8d4f-0d294c4e4f00,82.77,VERY HIGH,REJECT,75.26666666666667,1.0,0.0,Active
47999616-8a2f-44fe-a8fa-dc53cb1de58c,94.12,VERY HIGH,REJECT,47.666666666666664,3.0,0.3333333333333333,Active
2027fde0-e5bd-412d-a8ae-142dc12f6af4,0.0,VERY LOW,APPROVE,60.7,0.0,0.5,Active
68bedcfa-cf89-4749-a564-29912c67bfc5,0.0,VERY LOW,APPROVE,34.13333333333333,1.0,1.0,Active
1969c34c-b1ea-4ae6-83b7-47b6f20f9bb3,0.04,VERY LOW,APPROVE,24.166666666666668,1.0,1.0,Active
8ef4439f-99c7-45aa-8c74-c445cc16ffcd,53.06,HIGH,APPROVE WITH STRICT TERMS,58.53333333333333,2.0,0.5,Active
e5419c55-ac02-4d7d-820f-76bbc220b70c,78.21,VERY HIGH,REJECT,73.1,1.0,0.0,Active
252f919f-3e58-4a31-8b9b-54d558618a32,60.94,HIGH,APPROVE WITH STRICT TERMS,71.8,2.0,0.5,Active
5187042b-0b01-4de1-8805-ba07f149ad6c,0.0,VERY LOW,APPROVE,51.03333333333333,0.0,0.5,Terminated
0577e064-7d24-4f6f-9e9e-d029b26a9f6f,0.0,VERY LOW,APPROVE,32.96666666666667,0.0,0.5,Active
756111cf-78c0-41bf-b76a-d402c1d173d9,0.0,VERY LOW,APPROVE,67.93333333333334,0.0,0.5,Inactive
64b62278-6be8-4149-9c2e-1ece254b9a36,0.0,VERY LOW,APPROVE,73.76666666666667,0.0,0.5,Inactive
c53cd332-66c1-406c-91c0-f0c9ac4fa516,0.43,VERY LOW,APPROVE,75.03333333333333,1.0,1.0,Active
79416ec3-c5a2-4baa-8026-10c2f107b09e,77.95,VERY HIGH,REJECT,50.0,2.0,0.5,Active
9e162587-ca9c-484c-8dc2-611e17130a45,0.0,VERY LOW,APPROVE,45.36666666666667,0.0,0.5,Terminated
30329c3b-3afc-44d6-98a6-cc8e25c20fad,64.54,HIGH,APPROVE WITH STRICT TERMS,31.766666666666666,3.0,0.6666666666666666,Active
133fff14-9e21-4919-a6c2-4f56e0f0bb50,0.0,VERY LOW,APPROVE,62.666666666666664,0.0,0.5,Active
e627f848-77c8-4264-b9b5-7b092817471a,0.0,VERY LOW,APPROVE,51.7,0.0,0.5,Inactive
a932b8b8-5ca7-409e-bcda-0f69d11338e1,0.0,VERY LOW,APPROVE,21.8,0.0,0.5,Terminated
231f3130-cea7-4a1a-82b8-871b356f86b3,0.13,VERY LOW,APPROVE,21.833333333333332,1.0,1.0,Active
7db0fbcc-323e-472d-bf12-0f17b9a5d01c,0.0,VERY LOW,APPROVE,31.833333333333332,1.0,1.0,Active
bf6e087b-ea4b-4ba9-bc83-58a0339c8de8,0.0,VERY LOW,APPROVE,21.3,1.0,1.0,Active
f58248f0-ef2d-49c3-9957-7e006e4b6f73,90.41,VERY HIGH,REJECT,43.36666666666667,4.0,0.75,Active
f1281a1f-23e7-4bbf-b04b-3b04c5857a2c,72.63,VERY HIGH,REJECT,47.0,1.0,0.0,Active
533451ad-dd80-4f41-8297-c5ace0ab0d6c,0.0,VERY LOW,APPROVE,55.4,3.0,1.0,Active
3c8fbbbb-5dcc-47f4-a3b6-b5369bd3f111,0.0,VERY LOW,APPROVE,69.7,0.0,0.5,Inactive
6e6c16d6-8fdb-465b-a7b3-bc8f963a0280,0.0,VERY LOW,APPROVE,44.7,1.0,1.0,Active
3778c814-fde9-4afd-ac5d-ddc4fbf7689c,0.27,VERY LOW,APPROVE,73.9,1.0,1.0,Active
ff7fe8f8-0387-4375-b922-04d0a1cd2d46,0.0,VERY LOW,APPROVE,59.766666666666666,1.0,1.0,Active
114e96f9-bd96-41c3-adc5-d4d8a7f8b4d0,0.0,VERY LOW,APPROVE,35.166666666666664,1.0,1.0,Active
ddc837cb-653c-43bd-98b6-3ee836b5f027,0.0,VERY LOW,APPROVE,71.93333333333334,0.0,0.5,Active
ff1d504a-9e7a-4b07-bd26-4fc66ea31d4c,0.0,VERY LOW,APPROVE,43.5,1.0,1.0,Active
3b62b384-d6f6-4bd4-a158-6364cad449ac,0.04,VERY LOW,APPROVE,50.56666666666667,2.0,1.0,Active
3094d8a8-dda9-4d84-a80b-2d48bb92592a,0.0,VERY LOW,APPROVE,64.46666666666667,0.0,0.5,Active
615f0510-68c4-4c12-a6f5-1d87101c9d7d,0.0,VERY LOW,APPROVE,56.56666666666667,0.0,0.5,Inactive
16d2f8d9-d0d7-4e89-8f69-027771dcaef2,0.0,VERY LOW,APPROVE,46.5,1.0,1.0,Active
405200be-b591-4b4e-9a0c-1b4825d92fd2,0.0,VERY LOW,APPROVE,71.83333333333333,0.0,0.5,Inactive
81caa565-9186-4f03-9127-4e010c06973f,0.0,VERY LOW,APPROVE,19.366666666666667,0.0,0.5,Active
aba2a798-4c3f-47f4-843e-89097491b6ac,0.0,VERY LOW,APPROVE,21.466666666666665,2.0,1.0,Active
0bba7c74-d037-4bbc-bb07-2ad2f03423a7,0.0,VERY LOW,APPROVE,38.4,0.0,0.5,Active
019d8ab1-cd5e-4a6c-8656-f13b9d1f8bfa,0.0,VERY LOW,APPROVE,55.4,2.0,1.0,Active
3c195313-a4ec-4f98-b7bd-918984a1da69,39.5,MEDIUM,APPROVE WITH CAUTION,18.0,2.0,0.5,Active
6f04b36c-fea4-446c-9e3a-ff9213917696,0.0,VERY LOW,APPROVE,64.0,3.0,1.0,Active
f48ed91e-039c-40ed-a940-f3e581ebdda5,0.0,VERY LOW,APPROVE,41.43333333333333,0.0,0.5,Inactive
5088e86a-4907-4c9d-a64c-df41465ecbf4,0.0,VERY LOW,APPROVE,77.23333333333333,0.0,0.5,Active
c1f52359-b807-4519-95f4-088649cde7d3,0.0,VERY LOW,APPROVE,60.86666666666667,3.0,1.0,Active
a1498abd-ff81-475d-afd9-4b86b0126d22,0.0,VERY LOW,APPROVE,34.266666666666666,0.0,0.5,Inactive
5f83c5aa-e513-4fa0-b084-d0c6f8e3eae8,95.03,VERY HIGH,REJECT,69.33333333333333,3.0,0.0,Active
8a3c4628-7ccc-40af-9d06-68ef0adf01a7,0.0,VERY LOW,APPROVE,27.466666666666665,1.0,1.0,Active
bb8d111c-740d-48ac-a5b9-0f03f912573b,0.0,VERY LOW,APPROVE,56.4,3.0,1.0,Active
0f90a524-29ed-416e-a337-465aed09c369,0.0,VERY LOW,APPROVE,21.166666666666668,2.0,1.0,Active
6d285962-c1c7-494a-8dc8-67b01c81eff4,0.0,VERY LOW,APPROVE,47.63333333333333,0.0,0.5,Inactive
7f406e4a-be3e-4e70-bf84-0af12b82797b,74.25,VERY HIGH,REJECT,63.06666666666667,1.0,0.0,Active
8129adfe-74c6-4dab-b877-6510554267d8,0.0,VERY LOW,APPROVE,49.93333333333333,0.0,0.5,Inactive
f0cea330-d800-4067-812e-e7b8f56c3f8f,89.9,VERY HIGH,REJECT,67.3,2.0,0.0,Active
287a0c04-391c-4de5-a227-51bb8da0db18,0.0,VERY LOW,APPROVE,50.833333333333336,0.0,0.5,Active
733b4e68-94b1-4832-89bd-c464b58cf3e2,74.76,VERY HIGH,REJECT,35.56666666666667,1.0,0.0,Active
6a37e40a-fba3-4c53-8645-e5162a08c00f,0.0,VERY LOW,APPROVE,50.3,0.0,0.5,Active
16217384-4150-4a97-89ea-75b8b9a9af52,0.0,VERY LOW,APPROVE,69.56666666666666,1.0,1.0,Active
78c9ef6f-1c9d-4b48-ab0f-21ad05db2d43,81.3,VERY HIGH,REJECT,65.96666666666667,1.0,0.0,Active
cd329aa6-afd2-469c-8820-bd72a1db24db,0.0,VERY LOW,APPROVE,45.03333333333333,1.0,1.0,Active
85ee1c1e-c3e7-4db8-811d-2da776d04294,82.82,VERY HIGH,REJECT,63.36666666666667,2.0,0.5,Active
6c11a1a0-92d1-4946-977f-9ed1af3f8706,0.04,VERY LOW,APPROVE,58.43333333333333,1.0,1.0,Active
86d5b0b4-5d90-4344-9fa8-80e6fbdefdff,0.0,VERY LOW,APPROVE,71.8,0.0,0.5,Terminated
9e4215dc-0809-46de-93c8-5e74e1e7afe7,92.49,VERY HIGH,REJECT,24.533333333333335,2.0,0.0,Active
6db222e3-7c18-4da8-971d-93b837340f4f,0.05,VERY LOW,APPROVE,37.5,1.0,1.0,Active
1be3d9e6-b15a-4459-816d-544f84a36d1e,0.0,VERY LOW,APPROVE,53.3,1.0,1.0,Active
d84d84bb-5d47-425e-8489-43962b8ec233,0.0,VERY LOW,APPROVE,74.73333333333333,2.0,1.0,Active
f5fbc296-621d-4900-862c-1ba3df87cebf,70.87,VERY HIGH,REJECT,32.4,2.0,0.5,Active
da933ebe-d9ad-4429-9963-000778236591,78.02,VERY HIGH,REJECT,60.7,1.0,0.0,Active
261bc274-ae03-4f34-a061-c304cbbae7c1,0.0,VERY LOW,APPROVE,33.733333333333334,0.0,0.5,Inactive
49eeebc9-588f-4154-ad50-71061dd0f75e,0.0,VERY LOW,APPROVE,59.13333333333333,0.0,0.5,Inactive
0dd8b481-7b1c-45bb-8634-77c2bdabf108,0.0,VERY LOW,APPROVE,58.36666666666667,0.0,0.5,Inactive
7a3d5efe-1ba4-4d6e-bc7b-d0af689970f6,78.02,VERY HIGH,REJECT,53.03333333333333,2.0,0.5,Active
4ad66ca9-3899-4b90-9769-b492117867c9,0.0,VERY LOW,APPROVE,66.63333333333334,1.0,1.0,Active
308a32d6-32ff-48cd-9d0a-35f548f118b9,0.0,VERY LOW,APPROVE,48.9,3.0,1.0,Active
05f597b1-df38-4d93-a462-3e671ba59118,67.51,HIGH,APPROVE WITH STRICT TERMS,30.633333333333333,2.0,0.5,Active
299fa990-3f54-47c2-af5f-30cab5e5e8fe,0.0,VERY LOW,APPROVE,17.966666666666665,0.0,0.5,Active
a7ae82da-5d31-4df0-9aa4-669743044067,90.26,VERY HIGH,REJECT,39.56666666666667,3.0,0.3333333333333333,Active
2491aaa4-b975-4490-88a5-af2bf2ecc409,48.32,MEDIUM,APPROVE WITH CAUTION,22.633333333333333,1.0,0.0,Active
d3bba57c-1f8f-47b6-a57d-9adaba8c356c,0.0,VERY LOW,APPROVE,48.53333333333333,0.0,0.5,Inactive
b2addd88-abb3-429b-88cc-8d35e3924a30,79.4,VERY HIGH,REJECT,36.0,3.0,0.6666666666666666,Active
cd006caa-8267-40b3-84ac-07d1c68b32c2,0.65,VERY LOW,APPROVE,31.533333333333335,4.0,1.0,Active
6021a5ad-0912-42cc-9ac9-e1bc85884cbe,0.0,VERY LOW,APPROVE,38.46666666666667,0.0,0.5,Inactive
3da48c4d-1096-44d1-9022-c6112dc97f6f,48.67,MEDIUM,APPROVE WITH CAUTION,57.166666666666664,4.0,0.75,Active
bb5ce49d-087b-4157-9b32-e8df3bf67776,0.0,VERY LOW,APPROVE,70.86666666666666,1.0,1.0,Active
464d1a92-740c-4723-9191-a25ffffbf274,0.0,VERY LOW,APPROVE,72.66666666666667,1.0,1.0,Active
9af014d6-f5f3-4012-9684-bc58f15ee70b,73.99,VERY HIGH,REJECT,63.3,2.0,0.5,Active
8eb3391f-4aa0-4914-beb0-fd11db53009b,0.0,VERY LOW,APPROVE,65.1,0.0,0.5,Terminated
fe0661db-2b91-4327-a4c1-65201a8653b0,96.66,VERY HIGH,REJECT,46.8,3.0,0.0,Active
3cb35e7a-4852-4dd6-87c6-5ecc2a0cff8c,0.0,VERY LOW,APPROVE,27.833333333333332,1.0,1.0,Active
43b15089-c731-4d10-8fdd-ad16ccc43e37,0.0,VERY LOW,APPROVE,59.733333333333334,2.0,1.0,Active
f51dc840-8142-41ca-bc2e-5bdb1ba37cc5,0.0,VERY LOW,APPROVE,43.266666666666666,2.0,1.0,Active
c45334de-ad06-4e10-8378-02aacd195173,0.0,VERY LOW,APPROVE,29.666666666666668,0.0,0.5,Active
e30ed6fb-e6b8-4aee-8e8f-f5cc1b55588b,0.0,VERY LOW,APPROVE,30.266666666666666,0.0,0.5,Inactive
32363222-1f20-4084-b11d-b1b1a8e6e30d,47.46,MEDIUM,APPROVE WITH CAUTION,68.33333333333333,1.0,0.0,Active
648af356-fdcd-406f-98af-f346fb63ce0a,81.34,VERY HIGH,REJECT,41.833333333333336,1.0,0.0,Active
35226132-e23c-4fd5-971f-94ec504f9b59,0.0,VERY LOW,APPROVE,42.266666666666666,3.0,1.0,Active
1b73f726-1fee-42f8-b2c1-03b3a8718874,0.0,VERY LOW,APPROVE,27.1,2.0,1.0,Active
230e941b-1097-4e7f-aaa0-9882b95a0540,0.0,VERY LOW,APPROVE,45.03333333333333,0.0,0.5,Inactive
0ac3f3b9-0f7d-489e-95ce-327b23cd7634,0.0,VERY LOW,APPROVE,75.26666666666667,2.0,1.0,Active
2816a7c0-b93d-4516-986e-c5c334045640,0.0,VERY LOW,APPROVE,19.5,0.0,0.5,Active
c6e78c5b-abd3-4311-ba36-03d25fd7bf05,70.13,VERY HIGH,REJECT,68.86666666666666,1.0,0.0,Active
76ac9c2f-e8dc-4bc4-9453-435450a6fa9e,78.61,VERY HIGH,REJECT,58.8,1.0,0.0,Active
5f63a70c-14cc-4424-8605-ede0d4352215,0.0,VERY LOW,APPROVE,76.0,2.0,1.0,Active
0805414d-7292-4d0b-a904-ced115bdeb1e,0.0,VERY LOW,APPROVE,55.46666666666667,0.0,0.5,Active
696b545f-fb54-4991-8763-54bf4c5b2e78,56.59,HIGH,APPROVE WITH STRICT TERMS,68.83333333333333,1.0,0.0,Active
e1af7746-12f4-4707-9819-b5e41d5aa3c5,63.24,HIGH,APPROVE WITH STRICT TERMS,61.4,2.0,0.5,Active
badabad4-11aa-4d68-825b-30047929b734,0.0,VERY LOW,APPROVE,71.66666666666667,0.0,0.5,Inactive
58049367-d754-479a-a859-f2e1be9ea610,80.58,VERY HIGH,REJECT,33.56666666666667,1.0,0.0,Active
da3982df-86e5-42c3-ac4e-3a2129a14d2e,0.0,VERY LOW,APPROVE,44.56666666666667,0.0,0.5,Active
4a8364be-53a1-4422-99d1-6569cc770cb3,0.0,VERY LOW,APPROVE,61.0,0.0,0.5,Inactive
69fe00da-b19f-4e02-8998-fcffd76eec71,0.0,VERY LOW,APPROVE,68.9,0.0,0.5,Inactive
e6032e8c-8642-4062-a57f-7a874fa36897,83.56,VERY HIGH,REJECT,17.7,2.0,0.5,Active
18e2518a-ce60-4f7d-9abf-e96b02c2edcf,31.34,MEDIUM,APPROVE WITH CAUTION,33.86666666666667,1.0,0.0,Active
b44a6e18-ee99-4f56-ba04-fe89e5a79629,0.0,VERY LOW,APPROVE,41.0,1.0,1.0,Active
f83cd63d-dd1b-4ed8-a383-fe016ab4f93b,0.0,VERY LOW,APPROVE,37.63333333333333,1.0,1.0,Active
3a3cef30-96d1-4d43-8b3e-d251d54c94dd,0.0,VERY LOW,APPROVE,47.46666666666667,0.0,0.5,Inactive
a6129e48-6ec8-4d23-90ed-016108a8a61d,0.0,VERY LOW,APPROVE,29.433333333333334,0.0,0.5,Inactive
517843bf-84ca-479b-ab25-dd3e06d557ce,69.89,HIGH,APPROVE WITH STRICT TERMS,46.5,1.0,0.0,Active
9f41e764-3e67-4ddc-9f3e-832a00434e11,0.0,VERY LOW,APPROVE,19.533333333333335,0.0,0.5,Terminated
8501615e-5808-4252-9702-800ed6caa883,46.36,MEDIUM,APPROVE WITH CAUTION,46.666666666666664,1.0,0.0,Active
d64d1589-a221-44d2-8b0b-8ad19b6a2259,80.13,VERY HIGH,REJECT,43.93333333333333,2.0,0.5,Active
3d021f36-2737-47ef-b3ef-91b2d5625c30,58.79,HIGH,APPROVE WITH STRICT TERMS,71.8,1.0,0.0,Active
d473a408-44ce-4e3a-ab46-0ee25956bd77,0.0,VERY LOW,APPROVE,40.46666666666667,1.0,1.0,Active
50115aa6-b202-49cd-acef-8e4cb3bc9681,0.0,VERY LOW,APPROVE,17.933333333333334,1.0,1.0,Active
6447d207-b414-4d69-9c39-71c8d92a57ce,0.0,VERY LOW,APPROVE,21.933333333333334,0.0,0.5,Active
1d0760ef-666f-4c5c-a4b6-db6aa54c5fc5,0.0,VERY LOW,APPROVE,63.8,0.0,0.5,Inactive
634f0bba-3b6b-4d2f-ae8d-c11b224fb51f,0.0,VERY LOW,APPROVE,58.266666666666666,1.0,1.0,Active
7c0526ac-9ec4-4b8f-aae8-b0cb79d7d068,0.0,VERY LOW,APPROVE,52.5,2.0,1.0,Active
83433e65-ea3c-4acb-a550-e8fcf2c1429a,50.39,HIGH,APPROVE WITH STRICT TERMS,70.73333333333333,1.0,0.0,Active
09cf7263-2b2d-4903-ae97-1746b17a8dfa,37.6,MEDIUM,APPROVE WITH CAUTION,67.96666666666667,1.0,0.0,Active
314776e1-0bd8-44ac-b3fc-9ac0fe5a790a,0.0,VERY LOW,APPROVE,16.633333333333333,1.0,1.0,Active
eb65b1cf-b0b7-4a32-a447-5126877f03d5,0.0,VERY LOW,APPROVE,62.2,0.0,0.5,Active
d4b78e16-919b-4191-a749-e344a141c829,55.9,HIGH,APPROVE WITH STRICT TERMS,29.333333333333332,1.0,0.0,Active
b12760b7-3866-4aa8-bce4-a58cf295852d,0.0,VERY LOW,APPROVE,21.166666666666668,0.0,0.5,Active
94d753d8-a965-41e3-b2d2-9c713c6d31e8,76.58,VERY HIGH,REJECT,31.266666666666666,1.0,0.0,Active
d1c5305a-f4fd-4093-9546-151930075692,82.5,VERY HIGH,REJECT,48.766666666666666,1.0,0.0,Active
19eabfda-321b-46dd-933e-3b2d8c30049e,0.0,VERY LOW,APPROVE,40.1,1.0,1.0,Active
ef4dfa62-715c-44b7-93b3-22f996c3c0ad,0.0,VERY LOW,APPROVE,72.7,0.0,0.5,Active
52464c0f-aaed-4fe2-b179-06e1adb61537,0.0,VERY LOW,APPROVE,59.3,0.0,0.5,Active
42802f39-dd22-4d0a-bb49-dc7edb1e4052,0.0,VERY LOW,APPROVE,51.333333333333336,1.0,1.0,Active
2e453588-f93c-43c4-861b-c43e961da435,85.45,VERY HIGH,REJECT,66.13333333333334,1.0,0.0,Active
d7d3ae30-a4ba-4087-9f8f-5b96c22f7242,85.37,VERY HIGH,REJECT,50.2,1.0,0.0,Active
5fb46045-f637-4622-a418-cd1d4383f954,0.0,VERY LOW,APPROVE,28.9,0.0,0.5,Terminated
434990ac-172f-4232-879c-49f3a74d75d0,0.53,VERY LOW,APPROVE,68.16666666666667,3.0,1.0,Active
f6a17ece-0ef9-47fc-811f-0ace1ffebff0,0.0,VERY LOW,APPROVE,48.333333333333336,0.0,0.5,Terminated
4bb682c1-409d-416e-87d8-1b65b6bcd7a1,0.0,VERY LOW,APPROVE,35.56666666666667,1.0,1.0,Active
38883137-9a11-4611-8d5a-92667ea070ed,83.66,VERY HIGH,REJECT,75.5,1.0,0.0,Active
67cbeec3-39d2-4394-b4ad-12a4d56ea516,0.0,VERY LOW,APPROVE,17.833333333333332,0.0,0.5,Inactive
ed9304f2-2d34-487d-9301-87239a9fc3b7,0.0,VERY LOW,APPROVE,68.26666666666667,2.0,1.0,Active
bf5a5083-8c3b-4c5e-a4e8-e2988d0a4d94,0.0,VERY LOW,APPROVE,29.5,0.0,0.5,Inactive
fc5ff6f0-0e3c-48c5-9626-4fb432a7fc9e,0.0,VERY LOW,APPROVE,29.6,0.0,0.5,Inactive
5628ceb0-f463-4d96-9fc0-e64d66bb862e,62.41,HIGH,APPROVE WITH STRICT TERMS,57.3,1.0,0.0,Active
0913eecf-e0f0-4a45-8b2f-6ec1b21cedfe,79.74,VERY HIGH,REJECT,38.36666666666667,1.0,0.0,Active
0378872c-2be8-4701-8e5a-628583a64f1c,0.0,VERY LOW,APPROVE,75.63333333333334,0.0,0.5,Inactive
a190c7d1-892d-4539-a6e3-2b0a82704f5d,0.0,VERY LOW,APPROVE,76.36666666666666,1.0,1.0,Active
465edf24-a76a-4efd-a135-a12d2f6f5fc8,88.75,VERY HIGH,REJECT,43.13333333333333,2.0,0.0,Active
27b8f898-5380-4ab6-95ee-7e9a2e157da3,72.44,VERY HIGH,REJECT,69.7,1.0,0.0,Active
2a7aceb4-3194-4f7a-b1c9-566f62d19dbd,0.0,VERY LOW,APPROVE,63.4,0.0,0.5,Active
87270a42-6460-413a-9ff9-7d05a01bfa46,0.0,VERY LOW,APPROVE,36.36666666666667,1.0,1.0,Active
3b426896-20f5-4c17-b06f-91b672762965,0.0,VERY LOW,APPROVE,63.2,0.0,0.5,Active
845d160e-e53d-4bbc-a61c-f1be54eb3016,0.0,VERY LOW,APPROVE,23.666666666666668,0.0,0.5,Active
613ed568-3ef9-4420-832d-2c28407bfe50,0.0,VERY LOW,APPROVE,61.166666666666664,0.0,0.5,Active
d996f1ec-55e4-4991-be09-5518dd82533e,0.0,VERY LOW,APPROVE,74.53333333333333,2.0,1.0,Active
743f0592-aec5-454c-8af1-a10b2c532fd1,0.0,VERY LOW,APPROVE,47.86666666666667,0.0,0.5,Inactive
43b6a226-3476-4c8c-9ec5-84e08d859581,0.0,VERY LOW,APPROVE,20.866666666666667,0.0,0.5,Inactive
793c59db-4e95-4b75-857f-b343170dca22,74.7,VERY HIGH,REJECT,34.43333333333333,2.0,0.5,Active
43063161-eb69-4923-a248-8556ce9e3d40,0.0,VERY LOW,APPROVE,20.633333333333333,0.0,0.5,Terminated
cf21f3fe-3f3b-48b8-9423-6fb5e4bf004d,0.0,VERY LOW,APPROVE,73.9,0.0,0.5,Active
6c05d0b8-8f75-42bb-9319-24485755a81f,74.16,VERY HIGH,REJECT,28.733333333333334,1.0,0.0,Active
ecadfd87-3a47-47ba-af10-5263c266f74e,0.0,VERY LOW,APPROVE,42.833333333333336,0.0,0.5,Active
f2935aa1-a966-405f-8def-fc82139f3e74,0.0,VERY LOW,APPROVE,17.4,0.0,0.5,Inactive
6c34c81d-b76f-4891-aedf-4a9ab70bc70a,0.0,VERY LOW,APPROVE,50.266666666666666,1.0,1.0,Active
f6b30972-a2d1-4647-b3a7-c33b34c20a2f,0.0,VERY LOW,APPROVE,49.03333333333333,0.0,0.5,Active
ab87fa0b-81f3-4f7e-b431-dcb89c149be8,83.81,VERY HIGH,REJECT,72.0,1.0,0.0,Active
ad02fcc6-ef90-4d95-a293-6a211cc020e5,83.19,VERY HIGH,REJECT,60.93333333333333,4.0,0.75,Active
6536c78d-e73c-4f9c-978d-09bd5a3c9599,72.14,VERY HIGH,REJECT,56.8,2.0,0.5,Active
7214f746-46a0-44bd-8447-199c13804cfa,0.13,VERY LOW,APPROVE,32.1,1.0,1.0,Active
30ab4b62-374e-4a25-b395-3c1039ae066d,0.0,VERY LOW,APPROVE,26.333333333333332,2.0,1.0,Active
bd16390e-5fba-4bb8-9617-ea3f91f568ea,0.0,VERY LOW,APPROVE,76.26666666666667,0.0,0.5,Active
87e453cb-4257-4d65-8621-7767be0c47cf,68.47,HIGH,APPROVE WITH STRICT TERMS,36.7,1.0,0.0,Active
0751693e-ff6a-4651-993b-e5af973d9476,0.0,VERY LOW,APPROVE,55.53333333333333,1.0,1.0,Active
07866bb4-2ce0-4830-9f64-f19f76104043,0.0,VERY LOW,APPROVE,25.633333333333333,0.0,0.5,Active
0f3e520c-0e14-4032-8d83-1e48be05f18a,0.0,VERY LOW,APPROVE,69.5,0.0,0.5,Inactive
1a89cfc6-bd1a-44ba-8199-3707609e5a8c,0.0,VERY LOW,APPROVE,64.6,0.0,0.5,Inactive
b75eaf08-4450-4495-8085-1ec5e4e75ded,0.0,VERY LOW,APPROVE,71.83333333333333,1.0,1.0,Active
46ee548e-7b40-4587-889f-8cf15acbed15,0.0,VERY LOW,APPROVE,74.23333333333333,0.0,0.5,Active
188d217f-50e5-45f2-b639-9c631c9794e7,0.0,VERY LOW,APPROVE,28.2,0.0,0.5,Active
f9f1cdfd-c372-43f6-8f61-af00ee5cebd2,0.0,VERY LOW,APPROVE,48.53333333333333,0.0,0.5,Active
45229284-bbbc-41e2-81d8-b5ca1b88a7c4,0.0,VERY LOW,APPROVE,37.93333333333333,0.0,0.5,Active
46c925e4-d7f7-4094-b66a-b592c7007e15,56.5,HIGH,APPROVE WITH STRICT TERMS,68.63333333333334,2.0,0.5,Active
a0e22595-c39f-4800-a62d-9184d57b30b4,0.0,VERY LOW,APPROVE,17.566666666666666,0.0,0.5,Terminated
2ed017f7-c207-4705-afa0-098debdecb28,0.0,VERY LOW,APPROVE,41.93333333333333,1.0,1.0,Active
f8ce8c1e-2098-48f1-a0e5-a86a6d502cdf,0.0,VERY LOW,APPROVE,37.1,2.0,1.0,Active
56a83099-820e-461e-b64b-7f51978cbe30,0.0,VERY LOW,APPROVE,21.8,1.0,1.0,Active
636c0937-1075-45c6-bf2a-826a35bfee40,0.0,VERY LOW,APPROVE,63.7,0.0,0.5,Inactive
d6b403e8-3867-4ad0-840a-ded7c67138a8,0.0,VERY LOW,APPROVE,24.766666666666666,0.0,0.5,Inactive
f7dc8bc7-9e35-446e-8c3b-a55fa8649234,0.0,VERY LOW,APPROVE,69.13333333333334,1.0,1.0,Active
aa4a1f10-fd4e-43b6-82ef-fd2438a022fe,0.0,VERY LOW,APPROVE,67.73333333333333,0.0,0.5,Inactive
09ceadde-62b0-4990-bb1a-9f314831ae9f,0.0,VERY LOW,APPROVE,36.3,1.0,1.0,Active
b2f495e5-7b9a-4971-97f7-9427b7c4e32c,76.71,VERY HIGH,REJECT,65.3,1.0,0.0,Active
e8b1b932-d457-4697-b55a-f7dbda287e2e,0.0,VERY LOW,APPROVE,58.233333333333334,0.0,0.5,Inactive
d9d296e4-b879-4002-a40e-57fba79809f8,75.42,VERY HIGH,REJECT,71.4,4.0,0.75,Active
4f221afd-b41a-4fbb-880d-2680ebfc3304,0.0,VERY LOW,APPROVE,20.666666666666668,0.0,0.5,Active
02b96f9c-9ae2-4627-9052-fa1469dff53e,89.01,VERY HIGH,REJECT,69.43333333333334,1.0,0.0,Active
031c537f-c797-4f64-bf10-36b181bbc297,0.0,VERY LOW,APPROVE,47.7,1.0,1.0,Active
0b51178a-ef29-4d88-8fff-58cff97c63c7,0.0,VERY LOW,APPROVE,24.3,0.0,0.5,Active
5615a239-bd51-4526-afea-4df63c59577b,0.0,VERY LOW,APPROVE,54.93333333333333,0.0,0.5,Inactive
1beb242c-0012-4f9d-a691-c50168b3fd6a,85.27,VERY HIGH,REJECT,43.63333333333333,2.0,0.5,Active
f59e86cf-866c-4bc5-a88d-b8bea7d77a13,0.0,VERY LOW,APPROVE,43.833333333333336,1.0,1.0,Active
027ea06a-c351-430d-979f-f8ee8f53b51d,0.0,VERY LOW,APPROVE,71.4,0.0,0.5,Active
ec55ff32-93cd-49ae-bd1a-91cfec28700a,0.0,VERY LOW,APPROVE,40.06666666666667,1.0,1.0,Active
f1c252ce-9387-4420-90b5-f651efeb739e,0.0,VERY LOW,APPROVE,28.133333333333333,2.0,1.0,Active
186a36eb-fb9a-49b9-ac12-c6cab2dd1a09,0.0,VERY LOW,APPROVE,49.1,1.0,1.0,Active
b5b49f3b-5a32-4c12-83c7-5d450c2b2e2d,0.0,VERY LOW,APPROVE,57.53333333333333,1.0,1.0,Active
59710309-38e4-4ed1-8b99-e458bfdd3403,0.0,VERY LOW,APPROVE,72.06666666666666,1.0,1.0,Active
27142e83-0d3c-4ff3-8aef-47104432b862,0.27,VERY LOW,APPROVE,63.46666666666667,1.0,1.0,Active
e756d534-53bc-4b06-b336-6c04f311643d,0.04,VERY LOW,APPROVE,18.0,1.0,1.0,Active
2ec7c02f-6623-4046-becc-ac99f5d1b346,0.0,VERY LOW,APPROVE,37.13333333333333,1.0,1.0,Active
3e1ceddb-731c-4b41-9018-fcd567cd87ce,71.97,VERY HIGH,REJECT,45.733333333333334,1.0,0.0,Active
f37e10a9-1eb3-45c1-ace8-905969b265df,0.0,VERY LOW,APPROVE,24.566666666666666,0.0,0.5,Inactive
ab5e906b-33fb-4456-a4b9-dc59f2973a89,0.0,VERY LOW,APPROVE,29.233333333333334,0.0,0.5,Active
c72c71bd-f015-48aa-96ba-6adc5be91df7,77.65,VERY HIGH,REJECT,31.566666666666666,2.0,0.5,Active
c51c42ee-72fa-4a10-8b21-7191ee06a2c3,0.0,VERY LOW,APPROVE,41.833333333333336,1.0,1.0,Active
670e7ec0-4765-45ac-a305-9f6653d2c79e,0.0,VERY LOW,APPROVE,37.9,0.0,0.5,Active
006378e2-50c2-4e2b-bfa1-21cf12c05ad6,42.81,MEDIUM,APPROVE WITH CAUTION,69.56666666666666,1.0,0.0,Active
f8a1e549-ec67-4f8e-ac4f-67b390b8f9d8,0.27,VERY LOW,APPROVE,52.36666666666667,1.0,1.0,Active
94aed794-052c-4fba-be6d-20233f3e19c0,0.0,VERY LOW,APPROVE,57.43333333333333,1.0,1.0,Active
f75a17e6-ac77-41cb-acf9-45778fcc2c2c,87.38,VERY HIGH,REJECT,35.833333333333336,1.0,0.0,Active
136f290f-0574-4156-84ca-0acebac7b024,0.0,VERY LOW,APPROVE,60.333333333333336,1.0,1.0,Active
dcef6e27-949a-45fb-8925-ec70b3dd22c6,88.89,VERY HIGH,REJECT,45.93333333333333,1.0,0.0,Active
f659f5df-c187-46e8-a903-11ba90884bde,0.04,VERY LOW,APPROVE,32.766666666666666,1.0,1.0,Active
feff92f7-dfe8-40ec-a336-aecd20479ac1,80.05,VERY HIGH,REJECT,50.53333333333333,1.0,0.0,Active
052651ae-8937-4524-8543-40d44b21e21c,61.43,HIGH,APPROVE WITH STRICT TERMS,47.96666666666667,1.0,0.0,Active
e09ea6e1-eaee-434a-b825-a1c8c7df864a,0.0,VERY LOW,APPROVE,27.566666666666666,1.0,1.0,Active
0343fb0d-1595-4abe-a5a7-241a396cb542,0.0,VERY LOW,APPROVE,38.86666666666667,0.0,0.5,Terminated
e5dc8947-54a1-4e13-b84f-d82a93aa261e,60.8,HIGH,APPROVE WITH STRICT TERMS,58.56666666666667,1.0,0.0,Active
62a817df-bfea-4461-a9df-351cd44f11c3,69.42,HIGH,APPROVE WITH STRICT TERMS,36.9,1.0,0.0,Active
13931ca8-d603-4912-b1db-145d0eb9ab18,0.0,VERY LOW,APPROVE,21.266666666666666,0.0,0.5,Inactive
854d8bb8-7490-4689-aa86-f34a12f6e3a1,0.0,VERY LOW,APPROVE,72.7,0.0,0.5,Terminated
db7f37e4-870b-4c3f-b6a1-9e419bb4c4e2,0.0,VERY LOW,APPROVE,76.46666666666667,1.0,1.0,Active
7b5b73f9-9eb1-499e-b82c-58fd739baedd,0.0,VERY LOW,APPROVE,28.766666666666666,0.0,0.5,Inactive
6e245e06-c0d7-4fb2-b86a-18cd3ad5507c,0.26,VERY LOW,APPROVE,26.266666666666666,1.0,1.0,Active
3fc72dbd-18bd-454b-a711-830b0b0bd3fc,0.0,VERY LOW,APPROVE,33.9,0.0,0.5,Active
0a0814a0-5a43-46e6-bb3a-6482d8c17e5d,0.0,VERY LOW,APPROVE,73.0,1.0,1.0,Active
471db45d-e9c3-400b-a6ac-b73761da2d4a,95.27,VERY HIGH,REJECT,48.5,2.0,0.0,Active
01d44745-b52c-4c4e-8441-29ea9193d9c8,90.2,VERY HIGH,REJECT,48.2,2.0,0.0,Active
467aa22b-79c1-47c3-96b2-881fa653f80e,89.45,VERY HIGH,REJECT,39.86666666666667,1.0,0.0,Active
a21dde8b-344a-444a-9eda-61ac67fb5d93,0.0,VERY LOW,APPROVE,66.7,1.0,1.0,Active
96a8037c-2ef7-496f-9c82-83455ee01668,66.53,HIGH,APPROVE WITH STRICT TERMS,39.833333333333336,1.0,0.0,Active
c8f95be5-6215-4952-af1d-65b0bf5be099,0.04,VERY LOW,APPROVE,42.2,1.0,1.0,Active
6eb69ff2-38a3-47de-92a7-cbdb1ecf03ed,0.0,VERY LOW,APPROVE,61.2,1.0,1.0,Active
2e651fea-995c-432b-a29a-1e31b1d7f15a,0.0,VERY LOW,APPROVE,48.56666666666667,0.0,0.5,Inactive
fa7a8c31-c013-43f3-a1fb-e63e28607556,0.0,VERY LOW,APPROVE,16.466666666666665,0.0,0.5,Active
6849f569-c672-4739-83bf-956093d972a8,63.86,HIGH,APPROVE WITH STRICT TERMS,18.633333333333333,3.0,0.6666666666666666,Active
46d7986c-de10-4bb8-bd43-271dfc6fa61e,90.26,VERY HIGH,REJECT,48.46666666666667,4.0,0.75,Active
3fee2ddc-e9bc-408e-959f-76431190ffcc,0.0,VERY LOW,APPROVE,75.06666666666666,1.0,1.0,Active
ecb5a41c-bfcc-4145-bfff-78b92e226143,0.0,VERY LOW,APPROVE,56.1,1.0,1.0,Active
143026a3-96ae-47ab-97dc-40933e25a4d9,67.89,HIGH,APPROVE WITH STRICT TERMS,48.03333333333333,3.0,0.6666666666666666,Active
043d2849-cd2b-413c-b5cc-90c3513dd87d,0.0,VERY LOW,APPROVE,68.46666666666667,0.0,0.5,Inactive
ff4f1e9a-41da-4eca-8e8c-afc64d41c560,0.0,VERY LOW,APPROVE,37.46666666666667,1.0,1.0,Active
5ca53f33-ceb4-47fd-a5f9-1ecbdbd4f429,70.78,VERY HIGH,REJECT,39.6,1.0,0.0,Active
d0773f2d-740c-485a-af1d-568140ddb1ba,0.0,VERY LOW,APPROVE,58.96666666666667,2.0,1.0,Active
af1aee24-6bb7-417d-9b00-5830a7ea3d8b,0.65,VERY LOW,APPROVE,31.466666666666665,4.0,1.0,Active
5dc547cc-38e8-47b0-933b-a0a3f54d295b,90.3,VERY HIGH,REJECT,34.233333333333334,4.0,0.5,Active
563d37f7-11bf-4705-9f42-8015aed34c50,0.0,VERY LOW,APPROVE,62.43333333333333,0.0,0.5,Active
b3b71d2d-034f-4d31-89f0-15f19c4d4093,0.0,VERY LOW,APPROVE,33.833333333333336,0.0,0.5,Terminated
d3875b9e-8f18-4417-8ec1-1914a4220a7f,0.0,VERY LOW,APPROVE,38.86666666666667,3.0,1.0,Active
d7a252a1-454d-4a22-8b2d-bf43001654bd,52.06,HIGH,APPROVE WITH STRICT TERMS,18.666666666666668,4.0,0.75,Active
5d7ba35d-bd64-49a6-9da8-3bd4d504174d,0.13,VERY LOW,APPROVE,35.266666666666666,1.0,1.0,Active
51d5cac8-cedd-4e6b-92dd-44d527fde174,65.72,HIGH,APPROVE WITH STRICT TERMS,33.43333333333333,1.0,0.0,Active
6726c1aa-c512-4fa2-8e54-e7818a43dc63,72.44,VERY HIGH,REJECT,61.1,2.0,0.5,Active
270be089-cd89-434d-a57e-281b334e6108,0.0,VERY LOW,APPROVE,75.0,0.0,0.5,Active
3949a75c-c0fa-47af-8820-63654803c8d9,0.0,VERY LOW,APPROVE,41.7,0.0,0.5,Active
8f400785-db90-412b-8e5c-8ab5f4bdb081,0.0,VERY LOW,APPROVE,20.4,0.0,0.5,Active
702c183b-ea86-4f26-992b-71b8008ec294,69.13,HIGH,APPROVE WITH STRICT TERMS,72.2,1.0,0.0,Active
ea2835b6-39fd-4f7b-bdf6-6833e00aebf5,74.9,VERY HIGH,REJECT,39.3,1.0,0.0,Active
e53300eb-5f09-45f6-89f5-b8a91469ef5e,0.0,VERY LOW,APPROVE,76.03333333333333,0.0,0.5,Terminated
6dfdfbc2-5735-4d15-b394-04954d9ef07a,60.67,HIGH,APPROVE WITH STRICT TERMS,17.833333333333332,2.0,0.5,Active
1cbf94cd-aa35-4dce-937b-b008c6450c46,58.13,HIGH,APPROVE WITH STRICT TERMS,27.333333333333332,2.0,0.5,Active
d23d5056-0fe8-4904-9de3-e225281d07d5,66.02,HIGH,APPROVE WITH STRICT TERMS,40.5,2.0,0.5,Active
05f7c46d-a417-4fe9-aa9a-dca86e195956,83.8,VERY HIGH,REJECT,62.733333333333334,1.0,0.0,Active
49bb24b7-3519-4eeb-8036-5b7317683039,0.0,VERY LOW,APPROVE,37.833333333333336,1.0,1.0,Active
5c7d0681-cda7-42e1-8f8d-1064825c119b,0.0,VERY LOW,APPROVE,18.2,0.0,0.5,Inactive
8dae2583-c886-4abf-b32f-b8274b0ea5ec,90.47,VERY HIGH,REJECT,32.56666666666667,1.0,0.0,Active
4fda8cf6-9f28-448c-b71d-b5113a9d63be,0.0,VERY LOW,APPROVE,51.4,1.0,1.0,Active
a7d8b6a3-03d6-4ecc-8441-908938444b44,0.0,VERY LOW,APPROVE,16.933333333333334,2.0,1.0,Active
1ec8c29d-5c14-42d8-9e44-582e5c81e259,0.0,VERY LOW,APPROVE,36.0,0.0,0.5,Inactive
b0ac266c-14c1-4c6a-8242-325bd3133102,0.0,VERY LOW,APPROVE,34.96666666666667,0.0,0.5,Active
7672df1f-2cf1-4772-af0b-40e06f2fac86,0.0,VERY LOW,APPROVE,28.3,0.0,0.5,Inactive
01b742b6-ed36-43bf-b658-67b64a052739,0.0,VERY LOW,APPROVE,31.866666666666667,3.0,1.0,Active
c60299b3-bb30-4d7e-a638-df227d82adee,0.13,VERY LOW,APPROVE,23.266666666666666,1.0,1.0,Active
01dae9ab-e74b-4518-9bd6-7f81294b590f,0.0,VERY LOW,APPROVE,56.36666666666667,1.0,1.0,Active
b4f1a380-cddd-424c-bb39-672e8f34e8f1,0.0,VERY LOW,APPROVE,41.266666666666666,0.0,0.5,Inactive
b1c47bda-f1a5-4f85-b325-fedaac7287a1,65.13,HIGH,APPROVE WITH STRICT TERMS,75.9,2.0,0.5,Active
03951a0e-47ef-4470-a4ff-2209da3ba525,0.0,VERY LOW,APPROVE,45.13333333333333,1.0,1.0,Active
fc8d4202-e5bb-4f29-b76c-bd378fcb8dee,88.23,VERY HIGH,REJECT,29.7,1.0,0.0,Active
0fdf4345-0bd9-49b7-84cf-5495ca67f4da,0.0,VERY LOW,APPROVE,61.96666666666667,1.0,1.0,Active
614fd5bd-a5a6-4004-bfcf-66d44e32d2b0,0.0,VERY LOW,APPROVE,40.06666666666667,0.0,0.5,Active
778cc468-088a-4dbb-a900-6f5b714faf03,0.0,VERY LOW,APPROVE,40.1,0.0,0.5,Active
2682a83e-b51c-4f7c-9edb-c974458d2924,69.76,HIGH,APPROVE WITH STRICT TERMS,70.4,1.0,0.0,Active
7f3ee733-db31-4e6a-9037-6c27d289f9d0,0.0,VERY LOW,APPROVE,57.233333333333334,0.0,0.5,Inactive
4d8d17d5-c460-4026-a264-36fc2030991b,0.0,VERY LOW,APPROVE,65.43333333333334,0.0,0.5,Inactive
e15496b3-e7d4-4f1a-918d-d36b58fa07df,0.43,VERY LOW,APPROVE,42.666666666666664,1.0,1.0,Active
a11f11c1-e00e-45d0-9b4f-1a2259cbbd71,0.26,VERY LOW,APPROVE,28.366666666666667,1.0,1.0,Active
cef7d97f-18ce-42da-a52d-6cf8d3917050,0.0,VERY LOW,APPROVE,47.766666666666666,1.0,1.0,Active
af923f16-8a6e-4b47-a78b-5c2fdb6aae91,0.34,VERY LOW,APPROVE,74.96666666666667,2.0,1.0,Active
b031663c-5b88-4761-86a3-d2e7e21802f2,0.0,VERY LOW,APPROVE,45.6,0.0,0.5,Terminated
1cab119d-b24b-4843-8a06-9ccb65021194,0.0,VERY LOW,APPROVE,74.23333333333333,0.0,0.5,Inactive
f957ffbb-76ed-4d4c-9dd6-876beed0fd9f,0.0,VERY LOW,APPROVE,67.23333333333333,0.0,0.5,Inactive
ed74804d-384c-4629-ae18-614a4e873ff9,0.0,VERY LOW,APPROVE,33.833333333333336,0.0,0.5,Inactive
382d6ff0-97a2-424d-9f6d-d32467439654,77.27,VERY HIGH,REJECT,21.166666666666668,3.0,0.6666666666666666,Active
cc63932f-2988-4768-9e02-80face874daf,0.0,VERY LOW,APPROVE,22.7,3.0,1.0,Active
9200fa3d-9376-4baa-b8fe-9506b6fd04c8,88.63,VERY HIGH,REJECT,73.66666666666667,4.0,0.5,Active
b3dc6933-1461-4f5b-8600-f7c1d4b063dc,0.0,VERY LOW,APPROVE,19.466666666666665,0.0,0.5,Active
55bafe47-e67c-4ef1-a2fb-933d8830efdb,81.05,VERY HIGH,REJECT,31.666666666666668,1.0,0.0,Active
04ab2b55-9321-42c0-a672-25129158de44,0.27,VERY LOW,APPROVE,69.16666666666667,1.0,1.0,Active
839d7b0e-e8b0-448a-ab6f-1cee366311af,0.0,VERY LOW,APPROVE,18.533333333333335,1.0,1.0,Active
1d9ddf50-2fbf-409f-9426-a4aef5663194,0.0,VERY LOW,APPROVE,30.1,1.0,1.0,Active
7d15e176-1334-43c0-b111-e22d1ab0aa0e,0.0,VERY LOW,APPROVE,57.86666666666667,2.0,1.0,Active
3a89fecd-89e8-4f84-aa9f-a5e00e165cf0,0.0,VERY LOW,APPROVE,34.2,0.0,0.5,Inactive
31fc6021-5e68-4eb1-89f2-a730205a9aca,0.0,VERY LOW,APPROVE,43.7,0.0,0.5,Inactive
948809c0-7745-4dc6-a3f3-84bcce187754,56.68,HIGH,APPROVE WITH STRICT TERMS,54.86666666666667,3.0,0.6666666666666666,Active
273ab91a-f28a-4eae-8805-c37a94bf4935,61.54,HIGH,APPROVE WITH STRICT TERMS,19.666666666666668,3.0,0.6666666666666666,Active
93127ee1-4dc6-44a5-80ed-24a5052ea7f4,74.75,VERY HIGH,REJECT,24.366666666666667,1.0,0.0,Active
524cc3e6-c404-4ad9-86df-fa6d8f839ae0,0.0,VERY LOW,APPROVE,60.333333333333336,0.0,0.5,Inactive
77caa956-5215-4f07-aee5-2b3e5e6e1449,0.0,VERY LOW,APPROVE,67.36666666666666,1.0,1.0,Active
cdf17683-63b7-4d45-87c4-ff0741d421ba,0.0,VERY LOW,APPROVE,41.96666666666667,0.0,0.5,Active
85dcdf17-a05d-4ecd-9ef3-3971757a6b6e,68.41,HIGH,APPROVE WITH STRICT TERMS,29.9,1.0,0.0,Active
69f31669-b839-4054-bed1-0b03fb58c06b,56.71,HIGH,APPROVE WITH STRICT TERMS,36.86666666666667,2.0,0.5,Active
35b6ccfd-7430-4a8a-8588-8ee7c9a181a8,73.49,VERY HIGH,REJECT,29.1,1.0,0.0,Active
78aeca08-6a49-49cd-a262-048ef7385b9a,0.0,VERY LOW,APPROVE,21.2,3.0,1.0,Active
60980077-e3e4-4f5a-be6b-7c8feb09b086,0.0,VERY LOW,APPROVE,41.96666666666667,1.0,1.0,Active
edf72342-4010-43f5-8e48-c6ece5085702,0.0,VERY LOW,APPROVE,55.766666666666666,1.0,1.0,Active
f8f7af11-3f19-472d-b65d-9e54a9b9b18c,0.0,VERY LOW,APPROVE,66.73333333333333,1.0,1.0,Active
ed012e96-39e4-456c-a17d-976c7541c82b,0.0,VERY LOW,APPROVE,20.466666666666665,0.0,0.5,Active
08a508ce-49dd-4b75-82c2-7ed345a9c90d,0.0,VERY LOW,APPROVE,49.2,0.0,0.5,Inactive
98c9326f-a69d-45ce-b8ed-383d4a3cdb69,82.38,VERY HIGH,REJECT,67.86666666666666,3.0,0.6666666666666666,Active
413b9874-e734-4950-8a1d-2e055fc7c302,71.71,VERY HIGH,REJECT,62.43333333333333,2.0,0.5,Active
5255955d-b068-4b06-8079-1f3661cf3cc9,0.0,VERY LOW,APPROVE,72.36666666666666,0.0,0.5,Active
6f0dfbb4-c2b1-46e6-a0ed-7387e80b4b04,0.0,VERY LOW,APPROVE,58.13333333333333,0.0,0.5,Active
f4d5f1ed-6e14-42a8-bf02-4fc1052e2146,0.0,VERY LOW,APPROVE,49.46666666666667,2.0,1.0,Active
8533032c-438e-4385-8960-d0d628f8f856,0.0,VERY LOW,APPROVE,38.9,2.0,1.0,Active
c3887e34-8a6d-4b89-8aba-c608d20ad899,0.0,VERY LOW,APPROVE,49.266666666666666,1.0,1.0,Active
0b6e2324-82f8-4bb2-8873-175d7aed826f,92.01,VERY HIGH,REJECT,22.433333333333334,1.0,0.0,Active
4233d782-46b7-4c24-998e-cf082529bb82,0.0,VERY LOW,APPROVE,26.2,0.0,0.5,Terminated
e83b5b97-4786-43cc-9362-9e3bbe89de4a,0.0,VERY LOW,APPROVE,38.3,1.0,1.0,Active
cca71277-68e3-4f36-8c3a-c30832f8bbcc,66.97,HIGH,APPROVE WITH STRICT TERMS,29.833333333333332,1.0,0.0,Active
43fc6846-faf3-4cdc-9487-e0ef86c14811,0.0,VERY LOW,APPROVE,34.766666666666666,1.0,1.0,Active
ce2d2ee4-82f2-4a86-bae0-1f8da089b95a,61.17,HIGH,APPROVE WITH STRICT TERMS,46.3,3.0,0.6666666666666666,Active
ca2ffde4-8579-4765-a7d3-515120209f36,0.0,VERY LOW,APPROVE,64.7,0.0,0.5,Active
eec927b6-f299-45fd-9a03-c3d6e7c93c75,0.0,VERY LOW,APPROVE,20.066666666666666,0.0,0.5,Inactive
aee1ecbc-021c-4ff1-ac6f-5f34b2ed3359,0.0,VERY LOW,APPROVE,34.63333333333333,0.0,0.5,Active
30eef110-b149-496e-83c5-5385c7792a21,0.0,VERY LOW,APPROVE,59.1,0.0,0.5,Inactive
aad7dbf8-7fcd-4ba4-8f84-45a789bb3689,0.0,VERY LOW,APPROVE,18.433333333333334,2.0,1.0,Active
88c7750a-d044-4e36-9f8d-2909d1956a2b,0.0,VERY LOW,APPROVE,24.466666666666665,0.0,0.5,Active
f16a2cfe-6ded-4319-9db4-95299e118676,0.0,VERY LOW,APPROVE,75.43333333333334,1.0,1.0,Active
2f454681-0c80-4f8e-9ee0-5c53b82eb3c7,0.0,VERY LOW,APPROVE,36.166666666666664,0.0,0.5,Terminated
f6534165-7ee6-4b50-b43e-e360a91c0f3d,0.0,VERY LOW,APPROVE,57.7,0.0,0.5,Active
f24a9a81-f15f-4806-8c24-1c27e1fd5373,64.64,HIGH,APPROVE WITH STRICT TERMS,52.5,1.0,0.0,Active
882290e0-085d-4f1b-a63e-9d4eed472cb6,1.23,VERY LOW,APPROVE,27.0,3.0,1.0,Active
8bed7a7c-42fe-4dfc-8492-c8b2e50af695,0.0,VERY LOW,APPROVE,56.5,0.0,0.5,Inactive
0e8bd072-9818-4886-821b-18ce4b2023d5,0.0,VERY LOW,APPROVE,33.03333333333333,0.0,0.5,Active
5a56e034-8c8d-4bdb-872c-a504ebea07ba,0.0,VERY LOW,APPROVE,28.033333333333335,0.0,0.5,Terminated
fef5df39-4df5-4893-a7a6-5eb88801580c,0.0,VERY LOW,APPROVE,22.9,1.0,1.0,Active
c40521e3-38c8-4069-9e1c-de4a5ffadfc2,77.33,VERY HIGH,REJECT,58.03333333333333,2.0,0.5,Active
c83d1651-88dd-4075-8fca-2ef25aab1eec,71.72,VERY HIGH,REJECT,58.666666666666664,1.0,0.0,Active
c7f9b33a-7b14-411a-bfa8-28758420cfda,0.66,VERY LOW,APPROVE,58.36666666666667,3.0,1.0,Active
62887133-474d-4bdb-a7b5-622665a18d23,75.55,VERY HIGH,REJECT,58.166666666666664,4.0,0.75,Active
2fee7984-722b-47a8-8cd1-555060430962,0.0,VERY LOW,APPROVE,32.46666666666667,1.0,1.0,Active
1d8b27c7-84c1-46c7-bbb6-ae5cb9825ba4,0.0,VERY LOW,APPROVE,29.166666666666668,1.0,1.0,Active
a15be1b1-024f-4f5d-b4de-67098ba262bd,0.0,VERY LOW,APPROVE,45.233333333333334,0.0,0.5,Inactive
c4064342-a8be-49ad-9a72-9f9b2eea7c80,0.0,VERY LOW,APPROVE,60.4,0.0,0.5,Inactive
0b64ca81-d3ea-4f04-b221-c3ad824a974b,0.0,VERY LOW,APPROVE,16.433333333333334,1.0,1.0,Active
a0f10ade-4f82-43c0-8928-eb67013012e8,0.34,VERY LOW,APPROVE,73.16666666666667,3.0,1.0,Active
24f74532-71b8-40e5-a0ce-46624cc3ffa4,0.0,VERY LOW,APPROVE,33.6,0.0,0.5,Inactive
ff5f8f93-3c96-494f-9d64-51c37cea6610,98.99,VERY HIGH,REJECT,56.733333333333334,4.0,0.25,Active
4ae4d3a0-e9ef-4cf6-bc98-fd5eccf1d4ab,0.0,VERY LOW,APPROVE,38.833333333333336,1.0,1.0,Active
aed29f14-8f49-46a7-a0fc-784a2ad1491b,61.17,HIGH,APPROVE WITH STRICT TERMS,16.833333333333332,3.0,0.3333333333333333,Active
e0629f7b-51a0-4caa-8a25-95e1cfa5ac31,0.0,VERY LOW,APPROVE,51.666666666666664,1.0,1.0,Active
0d37d30d-2002-4a4a-9c44-f4118ff7ba59,93.44,VERY HIGH,REJECT,41.5,4.0,0.5,Active
f1c330e9-cfed-4ad2-be19-a3add3ef49a2,77.45,VERY HIGH,REJECT,76.06666666666666,2.0,0.5,Active
477a194f-ce7c-463e-90dc-f92d8e35a127,0.0,VERY LOW,APPROVE,25.6,1.0,1.0,Active
c56f981f-ad55-4cf8-8a5c-f7e13126b7cd,0.27,VERY LOW,APPROVE,55.36666666666667,4.0,1.0,Active
d5fad57b-3cd3-4422-b8ef-912f4ac2af44,0.0,VERY LOW,APPROVE,59.1,0.0,0.5,Inactive
17a82925-12f7-4346-8120-27332ff095f8,0.0,VERY LOW,APPROVE,61.766666666666666,1.0,1.0,Active
6a7ca794-4f4d-4957-89de-688b60541f63,0.0,VERY LOW,APPROVE,56.86666666666667,1.0,1.0,Active
f6b7ddfd-c0ba-4227-a3d3-39d6d87eb5a1,88.52,VERY HIGH,REJECT,31.133333333333333,1.0,0.0,Active
980962d3-9eef-4e13-9d24-1eeeedb36d55,0.0,VERY LOW,APPROVE,25.7,0.0,0.5,Active
e9d75d89-6fae-4eeb-8f21-4ba4e235baf0,0.0,VERY LOW,APPROVE,28.333333333333332,1.0,1.0,Active
a0e3e2b6-8aa1-467d-b926-6f4737708655,0.0,VERY LOW,APPROVE,76.46666666666667,0.0,0.5,Terminated
ab50672b-79cc-4ac4-bb0c-41e901841ebb,29.58,LOW,APPROVE,58.0,1.0,0.0,Active
bb08ca79-e0f1-4dfd-be35-d8a503d305d0,0.0,VERY LOW,APPROVE,72.93333333333334,2.0,1.0,Active
4286467d-9e7d-4395-aff6-c7ca27420c1d,76.61,VERY HIGH,REJECT,35.56666666666667,1.0,0.0,Active
4fa1ff4a-f622-409b-a8b1-368a874b64de,0.0,VERY LOW,APPROVE,63.333333333333336,0.0,0.5,Active
4771764a-0b39-4642-8f47-22f62b4a58f8,0.43,VERY LOW,APPROVE,74.03333333333333,1.0,1.0,Active
b5f1efc6-98e9-4905-9f6a-4a2c748dbbee,0.0,VERY LOW,APPROVE,38.833333333333336,1.0,1.0,Active
17b5f165-d28e-4e42-8937-27065289ac08,0.0,VERY LOW,APPROVE,39.03333333333333,0.0,0.5,Active
4c1bf653-2945-4a0b-acd5-77e011ad042a,0.0,VERY LOW,APPROVE,35.03333333333333,0.0,0.5,Inactive
58cd3a67-d035-40a6-8c5d-1f5c94eaedc9,65.32,HIGH,APPROVE WITH STRICT TERMS,46.46666666666667,3.0,0.6666666666666666,Active
21d359bb-9be6-44a8-be86-4ca0f88d6e90,0.0,VERY LOW,APPROVE,40.166666666666664,0.0,0.5,Active
334abe90-d874-45c9-94ef-a0428df6b56d,0.0,VERY LOW,APPROVE,56.46666666666667,0.0,0.5,Active
5f3bf4c7-3cb0-49a9-b327-6457f8618084,0.0,VERY LOW,APPROVE,29.7,0.0,0.5,Inactive
8bb9a1fe-b92a-4981-a2ae-9fc312b78b2b,0.0,VERY LOW,APPROVE,50.666666666666664,0.0,0.5,Terminated
496cc4d9-67ec-4a34-abdd-69bf227c3cb0,63.32,HIGH,APPROVE WITH STRICT TERMS,74.03333333333333,1.0,0.0,Active
04b1ff8b-510a-4023-8ee2-9079f48a3cc8,0.0,VERY LOW,APPROVE,30.066666666666666,0.0,0.5,Active
f119d59f-a46d-46f1-979d-6496aa46a273,0.0,VERY LOW,APPROVE,70.8,1.0,1.0,Active
d27d0b06-a613-4482-aac0-9b5d4a09a70c,93.26,VERY HIGH,REJECT,73.5,3.0,0.3333333333333333,Active
4d608415-4e03-4ea8-a2df-a509c9a18ea3,55.18,HIGH,APPROVE WITH STRICT TERMS,38.06666666666667,1.0,0.0,Active
276046b7-6217-4430-824c-cc652525be66,75.66,VERY HIGH,REJECT,35.233333333333334,1.0,0.0,Active
5500f283-7581-4b5f-a08b-292674fd371a,0.0,VERY LOW,APPROVE,41.56666666666667,0.0,0.5,Active
66f2ae17-bec7-4fde-819a-13e1d8459eda,0.0,VERY LOW,APPROVE,48.7,1.0,1.0,Active
4c5d5f80-659d-4a00-bbfd-4b5754e9a76d,0.0,VERY LOW,APPROVE,42.3,0.0,0.5,Active
fdcbf9da-b3e4-4431-a169-eaf2eeaf8ca3,0.0,VERY LOW,APPROVE,39.4,0.0,0.5,Inactive
4f8b2169-cc5e-4942-82cc-a349313ffc29,82.94,VERY HIGH,REJECT,22.433333333333334,2.0,0.5,Active
2aa4b576-b26a-4587-994a-618ec0491ca5,1.09,VERY LOW,APPROVE,62.5,2.0,1.0,Active
567018b7-5cb7-4e9a-bf70-84a64641f8f7,0.0,VERY LOW,APPROVE,23.266666666666666,0.0,0.5,Active
a999e339-292d-46b8-9b90-bfc632adab06,63.1,HIGH,APPROVE WITH STRICT TERMS,61.733333333333334,1.0,0.0,Active
e5f2ad2a-2829-4cd4-8fdc-b60441c31594,0.0,VERY LOW,APPROVE,42.233333333333334,0.0,0.5,Terminated
6e6fef51-e2b5-40dc-8b69-9e83809a0b67,0.0,VERY LOW,APPROVE,33.8,1.0,1.0,Active
6852d76c-19e7-4e57-9353-50dd9468802c,0.0,VERY LOW,APPROVE,40.03333333333333,1.0,1.0,Active
4321b170-3230-42e9-b550-6b9cf320dfdd,0.0,VERY LOW,APPROVE,26.666666666666668,0.0,0.5,Active
e6cf4adf-df24-4fd4-bf57-72e57bfc23e0,0.43,VERY LOW,APPROVE,65.6,1.0,1.0,Active
a0432c30-5cb9-4d5d-a388-bb17b87a52c8,0.0,VERY LOW,APPROVE,66.73333333333333,0.0,0.5,Active
46b47ada-918d-4d48-9980-1ff7ce6474f5,0.0,VERY LOW,APPROVE,68.86666666666666,0.0,0.5,Active
a43d1080-15b5-4e9c-944c-81dbf2378ba0,98.7,VERY HIGH,REJECT,44.5,3.0,0.3333333333333333,Active
dce200c7-08d4-465e-8de7-39a941a6c8b0,51.87,HIGH,APPROVE WITH STRICT TERMS,27.433333333333334,1.0,0.0,Active
75af85b4-5c70-4814-87c2-fd789e076262,88.47,VERY HIGH,REJECT,25.9,3.0,0.3333333333333333,Active
c9622f49-a0d9-4000-92c9-f654cfa749ab,0.0,VERY LOW,APPROVE,72.73333333333333,0.0,0.5,Inactive
defc39bb-2cf3-440f-a337-3d93ef3056a8,0.0,VERY LOW,APPROVE,70.63333333333334,0.0,0.5,Inactive
3925e580-1796-40bc-8ec5-74dd93f1b627,0.0,VERY LOW,APPROVE,55.266666666666666,0.0,0.5,Active
fa848827-4142-46b6-b86e-149113a654a7,0.0,VERY LOW,APPROVE,74.1,1.0,1.0,Active
ac6d76e4-08ab-4109-9162-f6b92b16c710,42.99,MEDIUM,APPROVE WITH CAUTION,59.5,2.0,0.5,Active
c310c7b8-05d8-48f1-ba02-1f84ef606275,0.37,VERY LOW,APPROVE,26.866666666666667,3.0,1.0,Active
2d449bd8-985a-4c13-b5f4-e8c768c36a29,0.04,VERY LOW,APPROVE,67.36666666666666,1.0,1.0,Active
8df39922-5640-4d85-85f2-3adea35ef7cc,56.94,HIGH,APPROVE WITH STRICT TERMS,29.866666666666667,1.0,0.0,Active
0d06f84b-afad-47bf-b861-416efb0aad71,0.0,VERY LOW,APPROVE,28.133333333333333,0.0,0.5,Active
5b6ff069-6369-4032-86b7-353d198cd36f,0.0,VERY LOW,APPROVE,62.833333333333336,1.0,1.0,Active
f7ed81ab-4f41-4af2-9658-91036b9b314a,2.04,VERY LOW,APPROVE,77.13333333333334,1.0,1.0,Active
651e6a9c-f4c6-4472-95c2-56dc44de58d3,0.0,VERY LOW,APPROVE,20.5,0.0,0.5,Active
45f1d4f1-b526-4967-9cd0-bfa2762f89a3,87.48,VERY HIGH,REJECT,60.233333333333334,1.0,0.0,Active
922b512d-7a61-4d13-888b-988c4c9674e3,0.0,VERY LOW,APPROVE,73.93333333333334,2.0,1.0,Active
5a276cdc-ece1-4c3c-b6a4-93ffed297726,80.24,VERY HIGH,REJECT,16.766666666666666,1.0,0.0,Active
08cec923-97d7-4838-804b-605d5617ef63,0.0,VERY LOW,APPROVE,63.46666666666667,0.0,0.5,Inactive
a77e0704-0971-4c1c-9c70-7ec4fb03da1d,0.0,VERY LOW,APPROVE,50.13333333333333,1.0,1.0,Active
0d5a1c6a-3f1c-4783-896f-5a2bca817c2f,74.36,VERY HIGH,REJECT,34.333333333333336,2.0,0.5,Active
fbef02be-0605-4a98-bad4-ccde1b3d9d90,0.0,VERY LOW,APPROVE,65.56666666666666,1.0,1.0,Active
0609791a-727d-41f8-af62-6c49d63ae40c,0.41,VERY LOW,APPROVE,51.4,2.0,1.0,Active
70237808-b34a-4864-9fd5-17579a995a7a,0.0,VERY LOW,APPROVE,53.766666666666666,1.0,1.0,Active
18b8e550-8962-49a0-a2d2-be692179bb07,85.7,VERY HIGH,REJECT,75.9,1.0,0.0,Active
f0b27fb9-a6c4-44d9-9338-489b68c4e87a,0.0,VERY LOW,APPROVE,39.266666666666666,1.0,1.0,Active
e1786a8d-f487-4a7b-accc-69ec0a1f06ee,99.17,VERY HIGH,REJECT,42.43333333333333,3.0,0.3333333333333333,Active
4ef7a43e-daec-4ea7-a9b9-fb356f86a355,0.0,VERY LOW,APPROVE,25.066666666666666,0.0,0.5,Active
0fa75dac-f4fb-404e-838b-e244f98d2fa6,66.95,HIGH,APPROVE WITH STRICT TERMS,34.3,1.0,0.0,Active
b25180bf-0587-4a9a-a43e-0a7f48affbf7,0.0,VERY LOW,APPROVE,76.36666666666666,1.0,1.0,Active
36c328a3-84d6-4346-95fd-eae203a56aac,0.0,VERY LOW,APPROVE,71.3,0.0,0.5,Active
0eef0f4c-7ea8-4fa5-8b2a-14740796acfa,0.0,VERY LOW,APPROVE,16.933333333333334,0.0,0.5,Inactive
56553b27-9cab-42c4-af4a-e4a618eca69b,71.82,VERY HIGH,REJECT,36.63333333333333,1.0,0.0,Active
12f5e516-2b96-4903-a0bf-a3387445ddc0,0.0,VERY LOW,APPROVE,39.03333333333333,1.0,1.0,Active
7f72d7d9-4631-4cec-8a0b-5116fa5d0bbf,92.21,VERY HIGH,REJECT,57.2,4.0,0.75,Active
1b3bc7c4-45a6-410c-a168-d1515c803374,0.0,VERY LOW,APPROVE,39.06666666666667,1.0,1.0,Active
453b0f3a-0349-48f0-87ee-9eb23d2c9cfa,0.0,VERY LOW,APPROVE,64.66666666666667,0.0,0.5,Inactive
2e6d18d8-3359-4e04-9129-5cb8408c2acc,0.0,VERY LOW,APPROVE,35.0,1.0,1.0,Active
41b73df1-2680-4d23-9507-1b1455a049c9,0.0,VERY LOW,APPROVE,32.333333333333336,1.0,1.0,Active
a22d92fb-dcf5-4607-987f-ed97ce70b60c,83.63,VERY HIGH,REJECT,54.833333333333336,1.0,0.0,Active
4e2b7dd0-a9dc-43f3-8992-1076988a0818,0.0,VERY LOW,APPROVE,70.63333333333334,0.0,0.5,Inactive
fed804bb-d2f3-4c1e-bbc6-b1f8d4a7bd4f,0.0,VERY LOW,APPROVE,26.233333333333334,0.0,0.5,Active
8e09f132-b68b-40a2-a759-f40fc84b7175,77.98,VERY HIGH,REJECT,69.13333333333334,4.0,0.75,Active
02582e15-9ece-4752-b993-0294f376fd09,0.0,VERY LOW,APPROVE,61.13333333333333,0.0,0.5,Inactive
16c0a691-9056-4717-b496-925ad542f22b,0.13,VERY LOW,APPROVE,32.766666666666666,1.0,1.0,Active
13859a10-7677-4985-a3b5-54c263f7bc8e,97.55,VERY HIGH,REJECT,29.3,2.0,0.0,Active
a7085af6-bf02-4a12-a8c9-a1854afb9bd1,0.0,VERY LOW,APPROVE,23.466666666666665,1.0,1.0,Active
4917e8ab-8787-460b-aaac-aaff1ae318d9,0.0,VERY LOW,APPROVE,51.03333333333333,2.0,1.0,Active
77ec55c6-b736-44a3-9953-bb3c1c432626,0.0,VERY LOW,APPROVE,16.433333333333334,1.0,1.0,Active
6c2528b2-e542-4297-b46d-5ff9c164f4de,0.0,VERY LOW,APPROVE,71.06666666666666,2.0,1.0,Active
eae4ef63-f30c-485a-b0c1-36b1b1b682c3,0.0,VERY LOW,APPROVE,31.566666666666666,0.0,0.5,Active
240dae36-6ca0-4d1b-8727-f8e77733dacd,87.19,VERY HIGH,REJECT,74.93333333333334,1.0,0.0,Active
0b23a280-3aff-40af-887b-2fa3ea40004d,0.0,VERY LOW,APPROVE,53.1,0.0,0.5,Inactive
2fda8731-d22c-49bf-9f48-a7482c4af55c,76.5,VERY HIGH,REJECT,49.166666666666664,2.0,0.5,Active
6b2ee56d-d395-4b6e-96d7-1b662d54725b,0.0,VERY LOW,APPROVE,56.4,4.0,1.0,Active
9f538168-f7ce-4dd2-af44-88d58d910c95,77.83,VERY HIGH,REJECT,30.066666666666666,1.0,0.0,Active
256d9114-58e1-4ef6-8fef-3a82917b14b0,0.0,VERY LOW,APPROVE,51.03333333333333,1.0,1.0,Active
393d38c1-46f2-4950-89fc-27ce4689bb23,73.3,VERY HIGH,REJECT,51.36666666666667,1.0,0.0,Active
dc05ba5c-c6a5-4dd0-835e-6f454359361d,84.56,VERY HIGH,REJECT,36.1,3.0,0.6666666666666666,Active
d985b6bd-5a63-4000-b6ed-43d0d77c3042,0.0,VERY LOW,APPROVE,77.2,1.0,1.0,Active
c23647c6-e457-4035-811f-e10c8b349073,0.0,VERY LOW,APPROVE,34.96666666666667,3.0,1.0,Active
4c0a9748-c54b-4b3c-8848-5dd194810187,0.0,VERY LOW,APPROVE,35.0,0.0,0.5,Inactive
1c759b6a-0b4f-4e99-8e71-ae7b2f24a228,0.0,VERY LOW,APPROVE,43.93333333333333,0.0,0.5,Inactive
f3934700-757a-4b02-8486-8ec69de6fa4b,80.38,VERY HIGH,REJECT,55.666666666666664,2.0,0.5,Active
31afddca-d69d-4ffe-a67f-8d2e0b044cf1,0.0,VERY LOW,APPROVE,74.96666666666667,0.0,0.5,Active
3dcd95d1-359f-433b-8153-9247882e50b5,60.28,HIGH,APPROVE WITH STRICT TERMS,68.36666666666666,1.0,0.0,Active
f36132ff-4d90-49b3-885a-478d2e0248a6,74.55,VERY HIGH,REJECT,60.7,1.0,0.0,Active
9e2b1d2d-f696-487f-ae93-e133a9b48192,0.0,VERY LOW,APPROVE,33.46666666666667,2.0,1.0,Active
d3c89238-ada4-4761-bf4b-828e09fa949e,78.8,VERY HIGH,REJECT,34.833333333333336,2.0,0.5,Active
bebc129f-b438-42c1-a70b-833b858b7e62,0.0,VERY LOW,APPROVE,59.43333333333333,1.0,1.0,Active
e66444d5-270e-4c73-a609-8b15a74c16c6,0.0,VERY LOW,APPROVE,19.233333333333334,1.0,1.0,Active
42a8606b-6ba9-4a0f-bd5c-629621a4d0ad,0.0,VERY LOW,APPROVE,50.9,1.0,1.0,Active
7a7ff835-21b0-4f79-9a25-ee0183c55bda,0.0,VERY LOW,APPROVE,76.26666666666667,0.0,0.5,Inactive
97668d45-3936-4211-b1a7-b9d28dc23f4c,0.0,VERY LOW,APPROVE,35.3,0.0,0.5,Inactive
e817bd76-d937-4ebf-bbc9-296d54e9db4e,0.0,VERY LOW,APPROVE,69.7,1.0,1.0,Active
80dd0563-54f3-4358-bac2-b9a76cec822a,0.0,VERY LOW,APPROVE,36.666666666666664,0.0,0.5,Inactive
cb61e86c-045c-4284-83cc-4ba3695c44dc,82.27,VERY HIGH,REJECT,51.2,3.0,0.6666666666666666,Active
f8107d62-6c4a-4fb8-92ff-2a2178d57e90,0.0,VERY LOW,APPROVE,44.0,1.0,1.0,Active
f44a409b-0813-4571-b008-6cd8fda7de1c,0.0,VERY LOW,APPROVE,76.23333333333333,1.0,1.0,Active
9b3386a6-6b92-42cc-bfb3-b1523c6af4b2,95.33,VERY HIGH,REJECT,41.2,4.0,0.5,Active
9623aa08-8adc-4101-bc1a-d03b1459fe88,0.0,VERY LOW,APPROVE,42.93333333333333,0.0,0.5,Active
6c8046b9-96ec-4ec1-b8c5-202ea54d0b2e,0.04,VERY LOW,APPROVE,70.63333333333334,1.0,1.0,Active
bf211095-e3c6-4415-8458-5ede8c9ebac2,80.32,VERY HIGH,REJECT,72.7,2.0,0.5,Active
4a979fca-f1c8-4f63-97f8-f23e1e37e6bf,0.0,VERY LOW,APPROVE,17.9,0.0,0.5,Terminated
fce86dbf-5d4b-4e62-9293-15293545db8d,0.0,VERY LOW,APPROVE,54.666666666666664,1.0,1.0,Active
274849a3-26a0-49cc-ac4f-7042b6f35db9,66.75,HIGH,APPROVE WITH STRICT TERMS,57.666666666666664,1.0,0.0,Active
3a5b4876-45dd-4e67-a6f4-3cf235894330,0.0,VERY LOW,APPROVE,37.3,0.0,0.5,Active
93eca193-c675-4bcd-b543-d52cf14743ff,0.0,VERY LOW,APPROVE,58.03333333333333,0.0,0.5,Active
dfee3ff7-48ab-4609-a5ec-ca00e7696d44,0.0,VERY LOW,APPROVE,50.43333333333333,1.0,1.0,Active
c6d15ed6-c08a-4d63-b0f9-98c668067cbf,0.27,VERY LOW,APPROVE,59.1,1.0,1.0,Active
e4c32919-6955-49dd-8746-e100f44e6f80,92.28,VERY HIGH,REJECT,75.16666666666667,1.0,0.0,Active
459ceb13-19c6-47ac-a983-4afa77ae7071,0.0,VERY LOW,APPROVE,68.6,1.0,1.0,Active
0f85ac51-532f-4ab9-827c-86792deb00ea,79.33,VERY HIGH,REJECT,47.56666666666667,4.0,0.75,Active
bc36cb2f-9b42-4514-b96c-75851d2d8ec7,0.0,VERY LOW,APPROVE,37.333333333333336,0.0,0.5,Terminated
8dc38e78-af4b-409c-81e1-a21cb063aa92,0.0,VERY LOW,APPROVE,65.66666666666667,1.0,1.0,Active
cdd9ab93-3011-481c-a773-e44381b3e69d,0.27,VERY LOW,APPROVE,70.83333333333333,1.0,1.0,Active
0153a9de-2b5e-4967-9434-35b445ba95e2,0.0,VERY LOW,APPROVE,32.86666666666667,1.0,1.0,Active
1e089765-6178-45b2-9dd3-cc87697820e0,84.48,VERY HIGH,REJECT,49.63333333333333,3.0,0.6666666666666666,Active
80be4659-d5b2-4c0f-83b9-ae4ab328d351,0.0,VERY LOW,APPROVE,46.4,0.0,0.5,Active
45ca0ec3-d14f-4226-9da8-9a4e9f463608,0.0,VERY LOW,APPROVE,57.1,0.0,0.5,Terminated
1964b5b0-5940-4c43-9168-51d8c29eb2af,0.0,VERY LOW,APPROVE,19.166666666666668,2.0,1.0,Active
b6fe3711-9bbb-4f62-b4cc-c0617ca370a4,62.39,HIGH,APPROVE WITH STRICT TERMS,55.6,2.0,0.5,Active
d7c510bb-6692-4e8c-9691-47436396bc55,0.0,VERY LOW,APPROVE,36.5,0.0,0.5,Active
3bc10fa7-4ac5-407d-a0c2-c58a2f8d2b38,0.0,VERY LOW,APPROVE,43.166666666666664,1.0,1.0,Active
7ae221d6-1789-455a-bb70-6b380a153283,0.0,VERY LOW,APPROVE,19.5,0.0,0.5,Inactive
b7c50d71-98f2-4faa-b142-39a7b1f0a6b2,0.0,VERY LOW,APPROVE,53.43333333333333,0.0,0.5,Terminated
d243f176-cd72-430f-9159-a968c7ffa1fb,0.0,VERY LOW,APPROVE,21.0,0.0,0.5,Active
02839f20-36df-4279-bdee-099702985cbb,0.0,VERY LOW,APPROVE,42.4,1.0,1.0,Active
c38c0c07-fdda-4a1d-b2dc-8804dc7b6345,58.11,HIGH,APPROVE WITH STRICT TERMS,46.666666666666664,1.0,0.0,Active
b1328f6a-549a-46e4-a4cf-7dfb7d869d8b,0.0,VERY LOW,APPROVE,73.46666666666667,3.0,1.0,Active
80619341-1019-496a-9cc0-ef16866c451c,0.0,VERY LOW,APPROVE,59.666666666666664,1.0,1.0,Active
ae189032-69f3-45ec-a883-203140bb2186,39.61,MEDIUM,APPROVE WITH CAUTION,20.333333333333332,1.0,0.0,Active
d93d2e60-9a30-40fd-83bd-c0a89a69e18b,0.0,VERY LOW,APPROVE,58.333333333333336,4.0,1.0,Active
e588b53d-a447-4d60-9c05-9cfaa8468bd9,0.0,VERY LOW,APPROVE,72.16666666666667,1.0,1.0,Active
e467fc27-992f-474e-a421-93fe4a9edb72,85.28,VERY HIGH,REJECT,37.333333333333336,1.0,0.0,Active
98bbdace-4c51-4733-b35a-691b3130c330,0.0,VERY LOW,APPROVE,62.666666666666664,0.0,0.5,Active
46b0e21c-1215-4a72-8b8b-92e57ea0dad1,93.29,VERY HIGH,REJECT,50.53333333333333,2.0,0.0,Active
dc7eb5e8-7f18-44ef-a6c8-73dbb4adc46e,64.07,HIGH,APPROVE WITH STRICT TERMS,19.7,1.0,0.0,Active
26ad8427-26c2-4860-8fed-33e401d304fb,53.05,HIGH,APPROVE WITH STRICT TERMS,26.966666666666665,3.0,0.6666666666666666,Active
accd2a86-ece5-44a7-ba36-66ce35d86c28,68.11,HIGH,APPROVE WITH STRICT TERMS,17.1,1.0,0.0,Active
a1b900df-04a4-4a7c-a162-7caf4df8dffc,85.59,VERY HIGH,REJECT,52.7,1.0,0.0,Active
3bfc6773-7591-4366-a0b1-013df5dcc2bf,0.0,VERY LOW,APPROVE,66.43333333333334,0.0,0.5,Active
e009f3e1-8d54-46ca-ad95-46a0b8d8dc20,0.0,VERY LOW,APPROVE,75.16666666666667,1.0,1.0,Active
924e8943-3eb3-453d-ae9d-eb9a5dba9c64,0.0,VERY LOW,APPROVE,37.833333333333336,0.0,0.5,Terminated
063f7f58-02a8-41ad-8d74-3dd66f9e4a1f,83.68,VERY HIGH,REJECT,56.2,2.0,0.5,Active
58fa64b5-41ad-4f43-b043-f9493c26d513,0.0,VERY LOW,APPROVE,54.86666666666667,1.0,1.0,Active
719ef428-48c6-4e23-acaf-93ee9e4d50d3,0.0,VERY LOW,APPROVE,64.03333333333333,1.0,1.0,Active
dc77f7f6-2032-4979-a34a-b543e75901ee,0.0,VERY LOW,APPROVE,63.13333333333333,1.0,1.0,Active
d894275c-cd5b-4980-8cca-e30d5f624f1e,0.0,VERY LOW,APPROVE,53.63333333333333,2.0,1.0,Active
7f37e24a-0266-45c4-bb4c-3312d5ca5717,0.0,VERY LOW,APPROVE,67.66666666666667,1.0,1.0,Active
7a585597-dc6f-4e35-a5c5-f35ca5af4710,0.04,VERY LOW,APPROVE,46.233333333333334,1.0,1.0,Active
cf713ba7-dc21-48b4-9f21-d085fcdd5edd,0.0,VERY LOW,APPROVE,45.833333333333336,0.0,0.5,Active
06833bf6-e6d7-4525-80b7-67dd921efad3,85.13,VERY HIGH,REJECT,28.966666666666665,1.0,0.0,Active
bf978a69-c913-4efe-b205-86468b123300,0.0,VERY LOW,APPROVE,54.06666666666667,0.0,0.5,Active
945a7cc2-24ac-4cdf-a334-d94025905739,0.0,VERY LOW,APPROVE,74.46666666666667,0.0,0.5,Active
0d537817-63a3-4633-9fef-4116877cbf6c,0.0,VERY LOW,APPROVE,64.26666666666667,0.0,0.5,Terminated
71dcabab-3985-4fd2-940a-f0f44aec8b29,0.0,VERY LOW,APPROVE,33.06666666666667,1.0,1.0,Active
337c95bb-c46e-4d0c-a43b-0b6054b94290,0.0,VERY LOW,APPROVE,42.06666666666667,1.0,1.0,Active
d7c09603-22cf-4c2b-bdcf-aea982077c19,66.89,HIGH,APPROVE WITH STRICT TERMS,25.833333333333332,1.0,0.0,Active
f13d4a4f-2b71-4781-8608-ae8ecd712c67,0.0,VERY LOW,APPROVE,38.7,1.0,1.0,Active
26d580f7-3f58-4318-b435-5dcaec397738,0.0,VERY LOW,APPROVE,57.7,0.0,0.5,Active
7afd6485-9593-4fc1-a6ae-06768131ac61,0.0,VERY LOW,APPROVE,59.9,0.0,0.5,Terminated
c5d114d0-0762-492d-8285-94cec1612306,0.0,VERY LOW,APPROVE,69.76666666666667,2.0,1.0,Active
5b2a652d-334c-42ba-9523-df6049e2167d,0.0,VERY LOW,APPROVE,22.766666666666666,0.0,0.5,Active
0c3da795-110f-413e-911c-b831ba8c72f1,0.0,VERY LOW,APPROVE,62.06666666666667,1.0,1.0,Active
a683f0d5-41b2-4ae1-a154-e7aa1ef86b3a,0.0,VERY LOW,APPROVE,67.33333333333333,0.0,0.5,Inactive
dcc2a41a-1f94-4397-8400-d4b7230de691,0.0,VERY LOW,APPROVE,38.9,1.0,1.0,Active
73de0931-1efd-4b99-ab9f-8bdbc7fcf748,70.43,VERY HIGH,REJECT,60.63333333333333,1.0,0.0,Active
403eb4a2-d52e-4684-b2d0-f8851b9fdcc9,0.0,VERY LOW,APPROVE,43.166666666666664,1.0,1.0,Active
ebc9ef32-fe8f-469f-a3ed-b8dc6b080977,0.0,VERY LOW,APPROVE,29.133333333333333,1.0,1.0,Active
d43f1309-a279-4b22-9a92-749b556fd9f2,81.58,VERY HIGH,REJECT,48.4,1.0,0.0,Active
29686644-3122-429b-9721-f79b8a60e811,0.43,VERY LOW,APPROVE,35.266666666666666,1.0,1.0,Active
614944f0-c7f7-4b3c-b17f-7aea5b2fe864,0.0,VERY LOW,APPROVE,68.03333333333333,0.0,0.5,Inactive
d8337cb0-c025-41de-882a-d4d57d4672d6,0.0,VERY LOW,APPROVE,45.7,1.0,1.0,Active
77bd7ad6-e191-4ce0-8cec-09f89e0170f5,0.0,VERY LOW,APPROVE,56.4,2.0,1.0,Active
3e51dac7-30c6-42d8-a4c0-0f1b88d061ea,0.0,VERY LOW,APPROVE,43.13333333333333,2.0,1.0,Active
052e9309-59fe-4819-9c2b-341d0712a06c,0.63,VERY LOW,APPROVE,50.93333333333333,4.0,1.0,Active
a704a4e2-0341-44b2-95d7-0843c40d69db,0.0,VERY LOW,APPROVE,71.76666666666667,0.0,0.5,Active
163449c1-1d14-4c0f-9989-04931f1bd2cd,0.63,VERY LOW,APPROVE,70.03333333333333,3.0,1.0,Active
24bbcb74-da8d-4b69-9fef-04fab1fb5bd7,0.0,VERY LOW,APPROVE,66.6,0.0,0.5,Terminated
233bf86a-8a38-480f-a903-a7322d115ab3,0.0,VERY LOW,APPROVE,31.766666666666666,1.0,1.0,Active
cd866bbe-13d6-45dd-8d31-f131eab288ab,0.0,VERY LOW,APPROVE,69.4,2.0,1.0,Active
ad706610-1648-4a75-8605-89ff1148e373,0.0,VERY LOW,APPROVE,40.2,0.0,0.5,Inactive
5ebd5ff6-58ad-4761-9c1f-3ea3c88817fd,28.83,LOW,APPROVE,43.43333333333333,1.0,0.0,Active
2c899b14-ef62-490d-949a-906ad832a620,0.0,VERY LOW,APPROVE,54.5,0.0,0.5,Active
3c966ced-0a11-492a-97e3-0cae4cc2b12d,0.0,VERY LOW,APPROVE,61.733333333333334,0.0,0.5,Active
b97bc7f4-f19b-495a-99a7-9fb23fdd70a1,0.0,VERY LOW,APPROVE,67.03333333333333,0.0,0.5,Inactive
f5a7d4e2-acaa-4370-998f-0dd07d37ce7b,76.92,VERY HIGH,REJECT,46.46666666666667,2.0,0.5,Active
e75be63f-44ef-43c0-bbd3-89c80097ec6e,1.16,VERY LOW,APPROVE,63.36666666666667,4.0,1.0,Active
571a8989-60e1-4f05-90cc-57f2e0ea083e,0.0,VERY LOW,APPROVE,31.766666666666666,0.0,0.5,Inactive
082df4ef-5fc1-4719-a558-7f1ebb0fa1cd,0.43,VERY LOW,APPROVE,57.333333333333336,1.0,1.0,Active
b5cedad8-dbce-4ea5-9f65-c08ba57a2a2b,0.0,VERY LOW,APPROVE,28.566666666666666,2.0,1.0,Active
62d40f67-ba9e-4d17-9ca4-e9c4d6d61bd6,0.0,VERY LOW,APPROVE,65.2,1.0,1.0,Active
a439b182-26b8-4c44-bac9-da0a778f3f8c,77.32,VERY HIGH,REJECT,36.2,1.0,0.0,Active
5007f390-b128-4269-ad35-4a4798e2459e,0.0,VERY LOW,APPROVE,47.833333333333336,0.0,0.5,Inactive
620c89ce-2af8-4e36-a111-da3e133c1140,56.35,HIGH,APPROVE WITH STRICT TERMS,75.2,2.0,0.5,Active
4104ec0d-98fd-48db-969d-a7a35c52e31f,0.0,VERY LOW,APPROVE,64.9,1.0,1.0,Active
d9ddaff4-27f1-42c3-9172-c632f36a0950,0.0,VERY LOW,APPROVE,65.3,2.0,1.0,Active
4894fa78-de7c-412f-90af-16367025d987,54.03,HIGH,APPROVE WITH STRICT TERMS,27.033333333333335,1.0,0.0,Active
dd5443f3-ceac-47d2-a908-8f334c91c1fa,78.18,VERY HIGH,REJECT,58.833333333333336,3.0,0.6666666666666666,Active
1060f416-ff7d-452a-8355-f0ac0f156f6f,0.0,VERY LOW,APPROVE,55.8,1.0,1.0,Active
41779a51-ae5a-4ec2-8ba0-9a1b5726614f,0.0,VERY LOW,APPROVE,36.666666666666664,0.0,0.5,Active
7314cb16-666c-443c-923d-63cfdc80a415,0.05,VERY LOW,APPROVE,37.1,1.0,1.0,Active
8a150240-104b-45d3-88f3-fdc6a6f5a25c,0.0,VERY LOW,APPROVE,29.233333333333334,1.0,1.0,Active
38201d8a-1beb-47ef-a048-b17242778749,0.0,VERY LOW,APPROVE,50.06666666666667,1.0,1.0,Active
48c965d8-7af6-4c84-a6af-4144ee8e3db2,52.23,HIGH,APPROVE WITH STRICT TERMS,38.733333333333334,2.0,0.5,Active
7646b731-0a6f-4f9e-90a0-a16db9e8b198,44.89,MEDIUM,APPROVE WITH CAUTION,54.166666666666664,2.0,0.5,Active
36baf8f4-ab9f-4f8b-bb10-d83ef0a31fa8,0.0,VERY LOW,APPROVE,55.86666666666667,0.0,0.5,Inactive
53e9c643-c05d-409b-824b-1dc6d971feb0,0.0,VERY LOW,APPROVE,36.766666666666666,0.0,0.5,Active
ac54ff81-bbba-44af-9138-1993a9a8480d,0.0,VERY LOW,APPROVE,29.2,0.0,0.5,Inactive
61e4f426-a8e6-47d6-aca1-c0d1e528fc28,0.0,VERY LOW,APPROVE,26.633333333333333,1.0,1.0,Active
ff259524-cc98-4334-b685-1da18229ed4a,90.95,VERY HIGH,REJECT,51.43333333333333,4.0,0.5,Active
b75694ce-192a-4d0f-833b-78c205532201,57.37,HIGH,APPROVE WITH STRICT TERMS,23.933333333333334,1.0,0.0,Active
6c9a54b8-c8b0-45c2-bb9f-b4576412264e,0.0,VERY LOW,APPROVE,32.96666666666667,0.0,0.5,Terminated
81bd0c9b-3035-4f4f-83bb-775ae73a38a1,79.1,VERY HIGH,REJECT,33.333333333333336,1.0,0.0,Active
d6ebcf7b-0d09-422a-aa56-edeec0abd95b,58.53,HIGH,APPROVE WITH STRICT TERMS,76.1,2.0,0.5,Active
3fdca4a4-cd0e-4a9f-a556-4c7fde756f6a,0.0,VERY LOW,APPROVE,60.86666666666667,0.0,0.5,Inactive
3a05a578-e546-4cd4-ab8c-4d7ce322b3b6,0.0,VERY LOW,APPROVE,37.43333333333333,1.0,1.0,Active
d537314c-bc45-4343-ae8d-aa3723f9a242,0.0,VERY LOW,APPROVE,29.433333333333334,1.0,1.0,Active
8ed224a0-4b32-467b-b6b1-9180f3314101,0.0,VERY LOW,APPROVE,75.6,2.0,1.0,Active
ead27bc2-51a6-4af5-9cf7-00d1e9f7af75,0.0,VERY LOW,APPROVE,41.36666666666667,1.0,1.0,Active
bf76a143-1eb9-42f5-bfad-740cb56201be,65.57,HIGH,APPROVE WITH STRICT TERMS,44.86666666666667,1.0,0.0,Active
f4f8d742-e89f-4240-ab63-c1c61c1cb77f,0.0,VERY LOW,APPROVE,41.93333333333333,2.0,1.0,Active
70cc8065-123e-485a-aad4-7cc4f49291b0,54.61,HIGH,APPROVE WITH STRICT TERMS,57.166666666666664,1.0,0.0,Active
1ec809fb-0012-4c7a-8f2f-108642fbaa08,75.86,VERY HIGH,REJECT,34.233333333333334,1.0,0.0,Active
d8bc5763-aecf-4256-b17a-81bf76c6d2ba,84.49,VERY HIGH,REJECT,39.4,1.0,0.0,Active
6d1a0361-6402-4c27-837d-827fcf430d60,82.09,VERY HIGH,REJECT,47.63333333333333,1.0,0.0,Active
9bca6ac2-ef2e-4f4e-8d5d-083d9fb208f4,0.0,VERY LOW,APPROVE,68.2,0.0,0.5,Active
73398111-cd04-4a62-b78f-9f6ef368fcc5,78.26,VERY HIGH,REJECT,55.2,3.0,0.6666666666666666,Active
036e9b06-a6bb-4613-abc4-333207839ed7,0.0,VERY LOW,APPROVE,30.0,2.0,1.0,Active
3738267c-d030-483c-864b-c76250fc791f,81.16,VERY HIGH,REJECT,63.733333333333334,1.0,0.0,Active
741fda1e-b9c2-454a-9adf-514809db6666,0.0,VERY LOW,APPROVE,57.166666666666664,0.0,0.5,Terminated
c728fe93-fe98-4892-b7e1-9fd7c6a1e9c0,62.13,HIGH,APPROVE WITH STRICT TERMS,69.63333333333334,1.0,0.0,Active
c950daad-f325-48eb-95cc-7fa4eeb82bd4,72.61,VERY HIGH,REJECT,30.7,2.0,0.5,Active
0b6d0c89-499d-45df-85f6-6f8ddca010a6,0.0,VERY LOW,APPROVE,59.166666666666664,0.0,0.5,Active
aeeb1836-f802-4ae9-93c4-64969daf7553,0.0,VERY LOW,APPROVE,32.233333333333334,1.0,1.0,Active
17204d0b-681b-4bb0-be3d-399bfc58eb53,0.0,VERY LOW,APPROVE,17.766666666666666,1.0,1.0,Active
245b2f05-c3c4-4dc4-ae1a-b3713df59212,0.0,VERY LOW,APPROVE,41.1,1.0,1.0,Active
1f8abc49-3f66-461c-b415-02ce5de2f68c,0.0,VERY LOW,APPROVE,35.06666666666667,0.0,0.5,Active
33158086-7416-4f71-a4da-1c88fa600035,74.98,VERY HIGH,REJECT,27.266666666666666,1.0,0.0,Active
fd231dbf-5f5a-40a1-b317-0a247e959b62,0.04,VERY LOW,APPROVE,38.4,1.0,1.0,Active
50445926-1769-4b84-ac79-ec469b89c7ee,0.0,VERY LOW,APPROVE,25.466666666666665,0.0,0.5,Active
d4982aba-ad29-4382-be81-c184f1201d64,88.35,VERY HIGH,REJECT,52.166666666666664,1.0,0.0,Active
ca594dbd-17b1-4d45-8d47-14133bb058f1,2.46,VERY LOW,APPROVE,30.166666666666668,4.0,1.0,Active
970b4b9c-a3ec-4a22-b6d7-6709648344b0,0.0,VERY LOW,APPROVE,17.7,0.0,0.5,Active
e40a45b1-819b-4278-a6c1-09326e91ad62,0.0,VERY LOW,APPROVE,52.06666666666667,0.0,0.5,Active
6a960e01-20e7-48b5-890a-12168fd655e3,0.0,VERY LOW,APPROVE,46.3,0.0,0.5,Inactive
cd414f42-7519-4374-8245-b8660ebf658e,68.98,HIGH,APPROVE WITH STRICT TERMS,42.36666666666667,2.0,0.5,Active
52240707-e6aa-49f8-99a3-90dd44ccf9cc,0.04,VERY LOW,APPROVE,67.63333333333334,1.0,1.0,Active
b43b6364-cbf3-4f77-8c2c-4cb1cf74b46e,0.26,VERY LOW,APPROVE,20.333333333333332,1.0,1.0,Active
a136ff7c-80a8-423d-8443-7a1810375618,44.9,MEDIUM,APPROVE WITH CAUTION,54.2,2.0,0.5,Active
fad46b94-454d-49fe-9ec2-7a3c50f9b671,0.0,VERY LOW,APPROVE,50.166666666666664,0.0,0.5,Active
7cfcf7b0-a9e6-4f05-ba6b-15188c232deb,0.0,VERY LOW,APPROVE,38.0,0.0,0.5,Inactive
0dd7a613-cc57-4c26-a277-b663300e23d8,0.0,VERY LOW,APPROVE,24.1,0.0,0.5,Inactive
ec7e0b92-2b29-4e52-b9f2-7ca34ebe0b41,0.0,VERY LOW,APPROVE,48.733333333333334,0.0,0.5,Terminated
b90be22c-1669-4d37-8903-d64d5fd2c8a7,0.0,VERY LOW,APPROVE,22.766666666666666,0.0,0.5,Inactive
ef1ced6c-d955-47f5-afb8-0eda4c4ca686,0.0,VERY LOW,APPROVE,38.06666666666667,0.0,0.5,Inactive
48a733ba-eb54-44dd-8f7e-c77b7841c9e7,0.0,VERY LOW,APPROVE,28.833333333333332,1.0,1.0,Active
26026be0-41fa-4dab-a808-a49e8f94675c,0.0,VERY LOW,APPROVE,25.933333333333334,0.0,0.5,Active
8777d238-e4a4-4b14-bd58-0b142af5475a,0.0,VERY LOW,APPROVE,50.03333333333333,0.0,0.5,Terminated
8556344d-1ed5-4e6f-8741-1f69cabc3466,93.89,VERY HIGH,REJECT,50.63333333333333,3.0,0.6666666666666666,Active
f526e8e8-b871-415a-b4a8-11acb0d4dfc5,0.0,VERY LOW,APPROVE,21.966666666666665,1.0,1.0,Active
0d88a2f6-c8ce-42b5-ba42-9644089789fa,0.0,VERY LOW,APPROVE,39.0,1.0,1.0,Active
4df3f893-fdbf-4e74-83b5-5bfcbd4a4f7c,68.58,HIGH,APPROVE WITH STRICT TERMS,55.333333333333336,1.0,0.0,Active
56f857e8-1bd2-492d-974b-d8df07c09ebe,53.51,HIGH,APPROVE WITH STRICT TERMS,66.26666666666667,1.0,0.0,Active
f2c24762-a269-4f25-9d62-cca760e48556,0.0,VERY LOW,APPROVE,69.63333333333334,2.0,1.0,Active
8b09fb41-5360-46b6-af44-9d642dc902bd,0.0,VERY LOW,APPROVE,71.2,2.0,1.0,Active
be54d9e8-7d19-42c2-9476-7ea54f8e95bb,0.0,VERY LOW,APPROVE,46.96666666666667,1.0,1.0,Active
c02143e9-31d7-4f03-8f58-beb899129e58,0.0,VERY LOW,APPROVE,37.833333333333336,1.0,1.0,Active
510fcabf-e8e2-4138-bb49-7f014b5d5ce1,98.44,VERY HIGH,REJECT,17.766666666666666,3.0,0.0,Active
0f164ba7-117b-49e3-9179-06b4d9c60c47,0.0,VERY LOW,APPROVE,46.1,0.0,0.5,Inactive
e289162f-2875-45d9-89f8-7e04c5496068,0.0,VERY LOW,APPROVE,43.53333333333333,0.0,0.5,Terminated
dbe76ae8-248d-44e5-b34d-b3120295cce5,0.04,VERY LOW,APPROVE,59.1,1.0,1.0,Active
60be9a9f-5dfa-4a04-8db0-27884ade5961,0.0,VERY LOW,APPROVE,30.766666666666666,1.0,1.0,Active
7d27659d-f102-4a4a-b3f2-0c26e8b5ad71,0.0,VERY LOW,APPROVE,16.866666666666667,1.0,1.0,Active
1e9cbb94-e395-446c-9709-ffebede1a783,0.0,VERY LOW,APPROVE,29.5,2.0,1.0,Active
64c36d60-3866-4746-9af6-d36f2e4c3c1d,0.0,VERY LOW,APPROVE,42.06666666666667,1.0,1.0,Active
e08e69c0-0321-4808-83dd-4bc05be07dfa,0.0,VERY LOW,APPROVE,61.03333333333333,1.0,1.0,Active
19f240b5-464b-43bb-a485-f810b5b8b71a,0.0,VERY LOW,APPROVE,53.4,0.0,0.5,Inactive
28f283b2-fc89-4ec2-9a76-4f32e31b90dd,0.0,VERY LOW,APPROVE,57.2,0.0,0.5,Inactive
77ef6f79-3324-46ef-8f9d-5962b8f29e0a,0.0,VERY LOW,APPROVE,57.13333333333333,0.0,0.5,Active
285af7f6-5eb0-49e0-be07-224f6e006947,0.0,VERY LOW,APPROVE,72.56666666666666,0.0,0.5,Inactive
51e6a099-8312-454a-b80b-afad899187fd,0.0,VERY LOW,APPROVE,25.933333333333334,0.0,0.5,Inactive
3ca527d4-eb18-4d92-88da-33c4f0496db6,0.0,VERY LOW,APPROVE,42.266666666666666,1.0,1.0,Active
9cf77fb4-fdc8-4cd2-9794-f935afe65242,0.0,VERY LOW,APPROVE,30.3,1.0,1.0,Active
628feba4-76c6-4624-90aa-82ab051e9881,0.43,VERY LOW,APPROVE,65.06666666666666,1.0,1.0,Active
560dd642-1719-429f-a575-b447f0aaab10,0.0,VERY LOW,APPROVE,70.63333333333334,1.0,1.0,Active
c54fcc71-ffda-46b6-b48a-4d96f49642c5,0.04,VERY LOW,APPROVE,51.46666666666667,1.0,1.0,Active
61e2271a-5e23-406d-918f-cda8f851d1a0,0.0,VERY LOW,APPROVE,33.03333333333333,0.0,0.5,Inactive
6bb943ad-4416-49da-b78f-8e1a8352a1bf,0.0,VERY LOW,APPROVE,56.6,1.0,1.0,Active
2d441425-9b23-43d3-96c0-4c0c3f225ea1,90.11,VERY HIGH,REJECT,76.26666666666667,2.0,0.0,Active
ec5a22e9-e996-4cdb-8b0d-e2999a92ac0b,0.04,VERY LOW,APPROVE,64.5,1.0,1.0,Active
d1a725b6-a5db-4bfb-8190-e03cd62827b2,0.0,VERY LOW,APPROVE,71.73333333333333,1.0,1.0,Active
aab2ac0f-0dcf-4320-bf18-92d5e87d3b53,0.0,VERY LOW,APPROVE,56.5,0.0,0.5,Terminated
700a6efb-1a40-4f6f-942b-0214e68f7c9d,88.31,VERY HIGH,REJECT,68.66666666666667,2.0,0.5,Active
7cfdf84a-0347-46d4-b9e2-21d6d351f810,0.27,VERY LOW,APPROVE,55.266666666666666,1.0,1.0,Active
053c30c2-0e20-4002-9b32-78697e2e1fae,0.0,VERY LOW,APPROVE,54.266666666666666,0.0,0.5,Inactive
63d0a317-0357-4983-82f5-cfbea19c788d,0.0,VERY LOW,APPROVE,75.33333333333333,0.0,0.5,Inactive
0445c0dd-f40e-422d-a6eb-16f568981a9d,0.84,VERY LOW,APPROVE,63.666666666666664,4.0,1.0,Active
3d14081d-5f9f-4c08-afc9-cd33d981a918,0.0,VERY LOW,APPROVE,76.6,1.0,1.0,Active
b2b6cd8f-5b78-4c7c-889c-ca91c62c4c20,0.0,VERY LOW,APPROVE,42.4,2.0,1.0,Active
118ac431-320f-4aee-b16c-014e94e42855,0.34,VERY LOW,APPROVE,75.8,2.0,1.0,Active
091bb4d8-9c21-4acb-9fa0-e1c4e10a24dd,0.0,VERY LOW,APPROVE,59.733333333333334,2.0,1.0,Active
a0159e6b-c672-490a-bca1-23897c59133d,80.63,VERY HIGH,REJECT,44.233333333333334,1.0,0.0,Active
40c9bfd6-a19d-4678-bbd4-01c3757141c2,2.04,VERY LOW,APPROVE,69.06666666666666,1.0,1.0,Active
b818f762-53ed-4e8c-b71f-53922a4afd57,0.0,VERY LOW,APPROVE,75.2,2.0,1.0,Active
5d1dcac5-d5bd-4062-9451-d84f3f94441d,0.0,VERY LOW,APPROVE,43.5,2.0,1.0,Active
f24c5239-6e54-433c-bce6-6d1c620fc4ef,0.0,VERY LOW,APPROVE,50.733333333333334,2.0,1.0,Active
9da27340-a559-44ea-b931-626c5d312057,0.0,VERY LOW,APPROVE,48.733333333333334,1.0,1.0,Active
539a944d-e4cc-4a7e-86b4-1339e56e6779,96.61,VERY HIGH,REJECT,41.03333333333333,3.0,0.3333333333333333,Active
4b9f9169-1fb7-4a1c-8e8d-e85fe715e695,0.0,VERY LOW,APPROVE,18.033333333333335,1.0,1.0,Active
96ddc731-8037-4ece-8d95-9250dd6a97ac,0.0,VERY LOW,APPROVE,74.2,0.0,0.5,Inactive
ec339ba8-6817-4035-9a75-ebdb2e0133c3,89.01,VERY HIGH,REJECT,41.96666666666667,1.0,0.0,Active
16531840-b73c-46f2-9738-17aafd95851b,84.66,VERY HIGH,REJECT,74.23333333333333,1.0,0.0,Active
57bda81d-40bd-4e38-857a-858888396f9c,58.59,HIGH,APPROVE WITH STRICT TERMS,29.2,3.0,0.6666666666666666,Active
a4ea35bf-4134-4dfa-9c52-62dbd043cc40,0.34,VERY LOW,APPROVE,71.93333333333334,2.0,1.0,Active
11a08692-3861-487c-9771-5d5b16c66693,0.0,VERY LOW,APPROVE,65.93333333333334,1.0,1.0,Active
db6aa50b-d3c7-4fe0-89d6-2c7b243cda39,0.0,VERY LOW,APPROVE,21.733333333333334,2.0,1.0,Active
c2f95ddd-80cb-4352-9dc7-20784812cae9,0.0,VERY LOW,APPROVE,43.3,1.0,1.0,Active
b0728ea4-2521-43d6-8c2b-7fb0d44e1fe1,95.0,VERY HIGH,REJECT,18.633333333333333,3.0,0.3333333333333333,Active
96d23918-7822-482b-a0b4-526d9cc2dc63,0.0,VERY LOW,APPROVE,19.266666666666666,0.0,0.5,Inactive
7e9b5f76-84d2-4b32-ae1e-d177966818d6,0.0,VERY LOW,APPROVE,46.56666666666667,1.0,1.0,Active
9332e876-49a2-4468-b42b-7843ac470244,81.59,VERY HIGH,REJECT,70.7,1.0,0.0,Active
50a3a535-0ffb-4f5b-a372-fac12fe16739,0.0,VERY LOW,APPROVE,56.96666666666667,2.0,1.0,Active
65c78fd1-edbb-4b9b-822d-f8da072a9b0b,0.0,VERY LOW,APPROVE,71.33333333333333,1.0,1.0,Active
e8925fcf-7c48-45b6-8962-1bb5c0da3d51,0.0,VERY LOW,APPROVE,68.23333333333333,1.0,1.0,Active
e84ae40d-803b-43bd-97a2-f659a32178b3,0.0,VERY LOW,APPROVE,16.533333333333335,0.0,0.5,Inactive
929e5552-a4db-4a77-a4e1-ee1110e3488e,0.0,VERY LOW,APPROVE,40.166666666666664,0.0,0.5,Active
d958d417-0d7f-4245-8188-da0b89f00f92,0.0,VERY LOW,APPROVE,54.56666666666667,0.0,0.5,Inactive
075ce8a0-6dff-45c7-9aa6-413c16181577,0.0,VERY LOW,APPROVE,58.96666666666667,0.0,0.5,Terminated
6c8081c1-2520-45b9-8f24-b44eb80006f2,0.0,VERY LOW,APPROVE,30.233333333333334,2.0,1.0,Active
6ea74509-91fe-4bea-9e64-ede43ee78873,96.75,VERY HIGH,REJECT,32.56666666666667,2.0,0.0,Active
00a3e1dc-c50c-4242-a88a-6b5ca5c4017f,0.0,VERY LOW,APPROVE,16.5,0.0,0.5,Inactive
845faa1a-01ac-4426-bb9e-8ebc7aba4b71,0.0,VERY LOW,APPROVE,50.06666666666667,0.0,0.5,Active
dd0d64bc-57f2-4d54-a318-7d5f8293e5da,0.0,VERY LOW,APPROVE,65.93333333333334,0.0,0.5,Active
44fbd2e3-b502-4f6c-9826-a837ac52039f,61.18,HIGH,APPROVE WITH STRICT TERMS,53.53333333333333,1.0,0.0,Active
c75d662c-d08a-4b50-960f-d92b57a1265a,0.0,VERY LOW,APPROVE,26.9,0.0,0.5,Inactive
41bd1577-60b9-4d6b-8ad2-8c7baa3315aa,95.55,VERY HIGH,REJECT,37.5,2.0,0.0,Active
08cdb95b-d895-4cdb-89e3-56702cf957f1,0.0,VERY LOW,APPROVE,65.9,0.0,0.5,Inactive
d3d807d0-7c77-4414-9d5d-b1ad95a8dda9,76.64,VERY HIGH,REJECT,69.8,1.0,0.0,Active
01ee1cb9-64f3-4dc6-8c8a-1ae07c23ce56,0.7,VERY LOW,APPROVE,27.733333333333334,1.0,1.0,Active
4adc589d-34a2-4386-b56d-dabcf297d04e,87.42,VERY HIGH,REJECT,60.766666666666666,2.0,0.5,Active
95a02911-f453-4a00-a216-0bdb88a586bd,91.94,VERY HIGH,REJECT,41.13333333333333,1.0,0.0,Active
54263845-5c00-46fc-ae2f-13d9d7a01f7e,0.0,VERY LOW,APPROVE,29.533333333333335,0.0,0.5,Inactive
26d40d04-b605-4b10-abc2-5d71f6671726,68.36,HIGH,APPROVE WITH STRICT TERMS,66.56666666666666,1.0,0.0,Active
a3b5018a-e1cb-4121-b0c4-b237635e4eac,0.0,VERY LOW,APPROVE,51.266666666666666,0.0,0.5,Inactive
7a55e3c5-5cc8-4241-bf61-26cf5618e3a2,73.29,VERY HIGH,REJECT,46.63333333333333,1.0,0.0,Active
68b23c9b-46e7-4300-b43b-265b6542e55d,2.04,VERY LOW,APPROVE,66.26666666666667,1.0,1.0,Active
ff2409ea-3654-4e45-a643-732aeed8a97e,0.0,VERY LOW,APPROVE,23.9,0.0,0.5,Active
404e40db-563c-4cec-830c-fb9c925cac20,0.0,VERY LOW,APPROVE,39.233333333333334,1.0,1.0,Active
8fd2fd34-68d2-4ec5-b5b8-19dcc26a9951,92.27,VERY HIGH,REJECT,37.06666666666667,3.0,0.3333333333333333,Active
27eaee8c-9781-4db7-8c9e-33b0d7e36b77,0.0,VERY LOW,APPROVE,54.36666666666667,0.0,0.5,Inactive
15929ddd-bd70-4cb7-b95c-d89ea0f33704,0.0,VERY LOW,APPROVE,71.43333333333334,0.0,0.5,Terminated
ba7148f8-a0db-4c08-8565-bbafd7f33e0a,87.45,VERY HIGH,REJECT,72.93333333333334,1.0,0.0,Active
686cf3dc-a890-4e5a-9201-623d3c347fa2,0.0,VERY LOW,APPROVE,32.766666666666666,1.0,1.0,Active
75cf567c-17b9-4dc3-93ce-b0e36c17eafb,0.0,VERY LOW,APPROVE,27.4,3.0,1.0,Active
e7b44bd4-9e7d-43bb-890b-61763b47d899,0.04,VERY LOW,APPROVE,64.13333333333334,1.0,1.0,Active
4cad68c0-3966-4276-b6ca-d74828d6e762,82.35,VERY HIGH,REJECT,63.63333333333333,2.0,0.5,Active
5e91f88e-c9c2-44ef-859a-e5e69bbacc94,0.0,VERY LOW,APPROVE,52.9,1.0,1.0,Active
e51417ed-56ff-4cc0-8dde-7199918f1f11,91.02,VERY HIGH,REJECT,62.9,2.0,0.5,Active
dba77c69-d435-4a0d-9675-85b9a04bac57,0.26,VERY LOW,APPROVE,70.5,0.0,0.5,Active
6e316f0a-742a-4990-ae77-2adab85ca6b9,0.26,VERY LOW,APPROVE,32.0,1.0,1.0,Active
5e3b1902-c7f0-44c0-b6df-dd00745cccc0,0.0,VERY LOW,APPROVE,75.03333333333333,1.0,1.0,Active
38e57d47-e127-4328-8dae-de10a6f1b924,35.67,MEDIUM,APPROVE WITH CAUTION,21.8,1.0,0.0,Active
f3e15208-d12f-48d5-9934-a457662d0020,70.67,VERY HIGH,REJECT,38.86666666666667,4.0,0.75,Active
42428516-8466-446d-bcb3-3f4d445f98aa,0.0,VERY LOW,APPROVE,47.833333333333336,0.0,0.5,Inactive
f8c6764d-3d01-4aec-beba-9abb0214b252,0.0,VERY LOW,APPROVE,46.766666666666666,0.0,0.5,Terminated
7068ccfa-c00c-41da-be94-9cc15a86dc7a,72.93,VERY HIGH,REJECT,29.933333333333334,1.0,0.0,Active
ee8c419e-943f-496b-b1c8-e43498f649cd,0.0,VERY LOW,APPROVE,75.56666666666666,1.0,1.0,Active
b0cfbc83-302a-462b-ae54-6faf02c252f1,92.73,VERY HIGH,REJECT,38.4,3.0,0.3333333333333333,Active
1ac639ea-b839-4b92-9695-c59f0f3ca928,0.0,VERY LOW,APPROVE,30.466666666666665,2.0,1.0,Active
3b0b2e57-e7ba-4f03-af28-2f0b909f4eaa,0.05,VERY LOW,APPROVE,30.7,1.0,1.0,Active
6153f5de-0122-4d5a-81cd-f319e247942c,0.0,VERY LOW,APPROVE,24.033333333333335,1.0,1.0,Active
699d44d5-9b7c-418c-ac8a-9766e5557c7e,73.62,VERY HIGH,REJECT,59.96666666666667,2.0,0.5,Active
5e8e8c8b-7fb1-4e6d-a1eb-66c0ca5edfaf,0.0,VERY LOW,APPROVE,51.86666666666667,1.0,1.0,Active
4e4f191f-40e7-4217-b3a3-814cb958e5e0,0.0,VERY LOW,APPROVE,72.53333333333333,0.0,0.5,Inactive
8e59249d-e1f4-4eb5-bd74-e2886917a04a,0.0,VERY LOW,APPROVE,77.23333333333333,2.0,1.0,Active
5bb01eac-9496-44f5-a4cd-fbaddc0f2293,94.79,VERY HIGH,REJECT,73.7,4.0,0.25,Active
3d35dd3e-8406-4461-a727-906973d6a5b0,0.0,VERY LOW,APPROVE,45.733333333333334,0.0,0.5,Terminated
9add152a-1daa-4e0a-8082-fea8cc4727a7,85.57,VERY HIGH,REJECT,67.33333333333333,2.0,0.5,Active
9fc72b09-03aa-4997-8873-67c702bcdb24,0.0,VERY LOW,APPROVE,21.833333333333332,1.0,1.0,Active
72657eb8-a66f-4602-a50b-8a3a9cd19d7f,0.0,VERY LOW,APPROVE,65.33333333333333,2.0,1.0,Active
299e7781-cc2b-4d00-9195-58efee9ef05f,0.0,VERY LOW,APPROVE,58.03333333333333,0.0,0.5,Terminated
9b8a9f55-6f30-4b5e-8242-75de99c136c9,0.0,VERY LOW,APPROVE,50.13333333333333,3.0,1.0,Active
6bb7aa53-102f-434b-b461-5c315ed080c4,0.0,VERY LOW,APPROVE,25.633333333333333,0.0,0.5,Active
29a1bb4d-2fd2-4fb9-931c-1985e4b47ad7,0.0,VERY LOW,APPROVE,62.666666666666664,0.0,0.5,Inactive
013a6712-3b62-446d-914f-317bc0fde3e1,0.0,VERY LOW,APPROVE,70.93333333333334,2.0,1.0,Active
5bf4ed7d-4234-4f4c-a4df-37ed0921795a,0.0,VERY LOW,APPROVE,50.733333333333334,0.0,0.5,Inactive
d6f010d6-ef40-41d7-95be-0701c4d6aaca,0.0,VERY LOW,APPROVE,49.166666666666664,1.0,1.0,Active
8c009974-7a53-4f35-b180-0a6308f3516f,0.0,VERY LOW,APPROVE,38.3,1.0,1.0,Active
667c8bc1-5f7f-457e-9b30-ac5a86fcb2f5,0.43,VERY LOW,APPROVE,65.5,1.0,1.0,Active
b8cb3c6b-82f0-4b1d-8ad6-8e60ab7cc67c,0.0,VERY LOW,APPROVE,34.0,1.0,1.0,Active
937fc347-4979-4bb2-99df-c7943c83d8ac,0.0,VERY LOW,APPROVE,51.4,1.0,1.0,Active
59709960-53e1-4807-a7d2-7bff4254b09a,0.0,VERY LOW,APPROVE,29.933333333333334,0.0,0.5,Inactive
f4408747-cae3-4601-9c35-209c1cbea4c7,0.0,VERY LOW,APPROVE,25.466666666666665,0.0,0.5,Terminated
aee382a3-435a-47dd-9025-461e9d91a9fb,0.0,VERY LOW,APPROVE,40.46666666666667,0.0,0.5,Inactive
3d58aa42-947e-4991-bba5-7cf25146a5a2,90.96,VERY HIGH,REJECT,59.86666666666667,3.0,0.3333333333333333,Active
636f1395-08ac-4d1c-a633-17d9f601f18c,0.0,VERY LOW,APPROVE,54.9,1.0,1.0,Active
ceaa64aa-4c3d-49de-a522-69073bcf120c,0.0,VERY LOW,APPROVE,34.4,2.0,1.0,Active
f49e0b89-b369-437b-85cd-88a9901f392d,44.18,MEDIUM,APPROVE WITH CAUTION,59.833333333333336,2.0,0.5,Active
76615d60-5b55-45fe-b2ac-12cf640334f9,0.0,VERY LOW,APPROVE,77.0,1.0,1.0,Active
ecc52c94-b6b5-440d-a3dd-0e863d5ad596,0.04,VERY LOW,APPROVE,39.766666666666666,1.0,1.0,Active
23b907ea-b85c-43f1-9e4d-cdbccf4c418e,69.13,HIGH,APPROVE WITH STRICT TERMS,46.96666666666667,2.0,0.5,Active
10ab7fc4-b5d3-4de2-b425-2106a1d418ae,0.0,VERY LOW,APPROVE,54.93333333333333,0.0,0.5,Active
141fcaee-599d-4ce3-babb-58d68307c7a4,0.0,VERY LOW,APPROVE,72.26666666666667,0.0,0.5,Active
a5288057-683b-44d0-ba17-ee9ab6d6f992,89.25,VERY HIGH,REJECT,49.166666666666664,2.0,0.0,Active
4ed3129b-d0e3-4949-a2fc-5f6bcfe2112c,0.04,VERY LOW,APPROVE,17.066666666666666,1.0,1.0,Active
7140df5d-36ae-41be-99a1-e4574ed75278,0.0,VERY LOW,APPROVE,51.46666666666667,0.0,0.5,Active
671bb8bc-bd53-436d-89c5-94927a3f495f,0.0,VERY LOW,APPROVE,42.43333333333333,0.0,0.5,Inactive
69488cb4-e35c-4314-a4c0-e26a6fdadbca,0.0,VERY LOW,APPROVE,37.5,2.0,1.0,Active
85b53d7e-6d3e-4c42-bdeb-309c55b35b84,0.13,VERY LOW,APPROVE,24.7,1.0,1.0,Active
4d19b9df-b66b-4c04-b492-5c18ce30489c,0.0,VERY LOW,APPROVE,36.03333333333333,1.0,1.0,Active
9384f44a-2a16-4f67-a7dc-e18b8ddfee6e,0.0,VERY LOW,APPROVE,31.866666666666667,0.0,0.5,Active
7bd7df34-b752-4dee-9b22-34678baa6ea5,76.76,VERY HIGH,REJECT,77.1,2.0,0.5,Active
5e8bd5f0-d7e6-4148-92d9-e334e24bb787,0.0,VERY LOW,APPROVE,68.16666666666667,1.0,1.0,Active
30f4ce05-f131-40d9-b222-8ad3fb7be562,0.04,VERY LOW,APPROVE,69.6,2.0,1.0,Active
8f9c4582-7cf4-49fe-a084-e15675ae62b7,0.0,VERY LOW,APPROVE,69.03333333333333,1.0,1.0,Active
575aa052-c8ba-4e4f-9dfc-0526487c85e2,0.0,VERY LOW,APPROVE,16.9,0.0,0.5,Inactive
0f86a0fb-225c-4ec5-9bc9-cee3d27816f6,0.0,VERY LOW,APPROVE,33.266666666666666,1.0,1.0,Active
d999bc57-2e91-4f0a-9f98-3773f39a02f5,0.0,VERY LOW,APPROVE,48.1,1.0,1.0,Active
ae3bdd65-c8a5-4cd5-9dd6-0c20f76377e1,35.63,MEDIUM,APPROVE WITH CAUTION,52.63333333333333,3.0,0.6666666666666666,Active
f1e1e56c-2dbd-4eb3-8b72-dca9d6e4b028,0.0,VERY LOW,APPROVE,40.9,2.0,1.0,Active
73800f86-f499-4510-946a-0c5c725d1cb3,0.0,VERY LOW,APPROVE,33.9,0.0,0.5,Terminated
67bc3455-f21c-4c0a-bcf8-85260f8eeb1b,94.22,VERY HIGH,REJECT,29.2,4.0,0.5,Active
a442ceba-15a4-46d7-b4a4-ec8d41b7acc8,0.0,VERY LOW,APPROVE,33.06666666666667,0.0,0.5,Inactive
be54d8be-96a5-44a2-8ca6-c58fbcf6e067,0.0,VERY LOW,APPROVE,60.53333333333333,1.0,1.0,Active
0414e8ed-1b9b-45fe-8592-5ba8f83ba47c,0.0,VERY LOW,APPROVE,28.933333333333334,0.0,0.5,Inactive
3b0822d7-f070-42ed-a308-1b080de625ca,0.0,VERY LOW,APPROVE,23.833333333333332,2.0,1.0,Active
b31126e6-111a-48ed-84d5-e52d23427c50,0.0,VERY LOW,APPROVE,59.266666666666666,0.0,0.5,Active
1d620f47-fd57-45d7-b719-51be9b44a2a5,0.0,VERY LOW,APPROVE,51.4,0.0,0.5,Active
808b9679-a023-4cf8-99df-21f345dcf05d,78.47,VERY HIGH,REJECT,69.8,1.0,0.0,Active
5f40b473-5407-42d5-80fd-574cd9b5d204,0.0,VERY LOW,APPROVE,66.86666666666666,0.0,0.5,Inactive
535194bd-a3e1-4566-ad70-de973e76aaeb,0.0,VERY LOW,APPROVE,51.56666666666667,0.0,0.5,Inactive
ba822b40-35bc-4b2d-b39a-1c3177dfdfd4,0.0,VERY LOW,APPROVE,25.833333333333332,0.0,0.5,Active
7edd7097-d32d-4e50-89e7-143d4b425f8f,74.46,VERY HIGH,REJECT,66.76666666666667,2.0,0.5,Active
59ac836d-266d-4145-9f5d-d27c7c58cc7d,75.75,VERY HIGH,REJECT,41.13333333333333,2.0,0.5,Active
2059c709-83c1-4492-964a-9118885867c5,0.0,VERY LOW,APPROVE,38.06666666666667,1.0,1.0,Active
42c4bb56-39c3-42e8-a6ce-3b84349d68da,0.0,VERY LOW,APPROVE,43.06666666666667,0.0,0.5,Terminated
6e9d84dd-7946-4685-aa0d-9b8c3306468b,0.0,VERY LOW,APPROVE,40.53333333333333,0.0,0.5,Inactive
488d5908-766b-4395-9fb6-43a89fbd565d,0.0,VERY LOW,APPROVE,43.0,0.0,0.5,Inactive
101ae8d1-6fd7-4eee-a55f-6329563e39e2,0.0,VERY LOW,APPROVE,22.666666666666668,2.0,1.0,Active
8732172f-b8f4-44d4-aea9-512060004000,0.0,VERY LOW,APPROVE,44.666666666666664,0.0,0.5,Inactive
cb316d09-7b42-42cf-b37c-692fc36210fa,0.0,VERY LOW,APPROVE,74.43333333333334,0.0,0.5,Inactive
0eddff50-05d1-43a3-b3fd-8fb1c1bbc1da,0.0,VERY LOW,APPROVE,71.13333333333334,2.0,1.0,Active
3c083cca-6af0-4e3b-8b9e-5d26625ba035,0.0,VERY LOW,APPROVE,50.3,0.0,0.5,Inactive
79343fe5-3c95-4592-94f1-1729423a4b76,0.27,VERY LOW,APPROVE,68.43333333333334,1.0,1.0,Active
25917b1a-f46d-4849-9ee9-f66b148312af,0.0,VERY LOW,APPROVE,35.333333333333336,1.0,1.0,Active
71986dfc-861b-4160-8d7d-e48b4ac2564d,0.0,VERY LOW,APPROVE,25.833333333333332,0.0,0.5,Inactive
a3e7ebc7-328a-499b-adb3-9e054a54fbf0,0.0,VERY LOW,APPROVE,70.26666666666667,0.0,0.5,Inactive
09ca455d-7233-42a3-8101-6fb404c9a56c,0.0,VERY LOW,APPROVE,62.4,1.0,1.0,Active
5d5eb0a4-fe81-4818-ba1b-471383b41a8d,36.69,MEDIUM,APPROVE WITH CAUTION,66.0,1.0,0.0,Active
1dc5680b-7b8d-4d3d-82a6-07e51547c37b,0.0,VERY LOW,APPROVE,66.73333333333333,1.0,1.0,Active
61554d44-011d-43d9-b0ed-70a98f9281e5,52.96,HIGH,APPROVE WITH STRICT TERMS,21.6,1.0,0.0,Active
6111a38f-a2ff-441b-85c8-e0dec9347f79,0.72,VERY LOW,APPROVE,77.06666666666666,2.0,1.0,Active
c76c2bb2-9bf7-4fe5-9b05-2bc0eec7ddf9,0.0,VERY LOW,APPROVE,50.56666666666667,1.0,1.0,Active
9a2b9629-d03b-4d43-92aa-3883853d133a,0.04,VERY LOW,APPROVE,71.93333333333334,1.0,1.0,Active
2f70f3f5-0fea-4912-8c0f-95c47f96c420,0.0,VERY LOW,APPROVE,50.6,0.0,0.5,Active
46f7fb42-5c7c-4741-a34c-de45fc9ce12c,0.0,VERY LOW,APPROVE,26.233333333333334,0.0,0.5,Active
5ffae263-0c44-41c2-a9f3-557f0f7d38c6,0.0,VERY LOW,APPROVE,66.7,1.0,1.0,Active
f6b052d6-f3f9-49f0-9b1b-b7171ad3b278,50.26,HIGH,APPROVE WITH STRICT TERMS,71.76666666666667,1.0,0.0,Active
e4ec5f2a-894f-4329-b75c-99c3aff22cb4,66.14,HIGH,APPROVE WITH STRICT TERMS,75.5,3.0,0.6666666666666666,Active
97057436-7f07-4292-b939-6a0bdc594f63,0.0,VERY LOW,APPROVE,59.4,0.0,0.5,Active
cdd5e5ca-1297-4ae2-97eb-2609b6e4460b,0.0,VERY LOW,APPROVE,28.033333333333335,0.0,0.5,Terminated
1fd69cfe-2f6b-4c39-a97e-ce517a3a3904,63.62,HIGH,APPROVE WITH STRICT TERMS,29.7,1.0,0.0,Active
6c8832e0-7a78-4f18-88bb-2ccf3377bd81,0.05,VERY LOW,APPROVE,21.7,1.0,1.0,Active
86cb3f65-2f37-4209-90ac-f5e896afc9d1,0.0,VERY LOW,APPROVE,29.133333333333333,1.0,1.0,Active
6a3b106e-8395-4933-9fff-9c3640037e4f,0.0,VERY LOW,APPROVE,24.3,1.0,1.0,Active
1c0ed87e-1959-428c-bab2-8d401d9367e9,98.84,VERY HIGH,REJECT,31.7,2.0,0.0,Active
c51fdad2-7c25-400b-b835-d38b598977ea,78.41,VERY HIGH,REJECT,26.566666666666666,2.0,0.5,Active
67ae0e63-104d-4afa-a99c-288d156f9900,0.0,VERY LOW,APPROVE,52.86666666666667,1.0,1.0,Active
4757a52b-2dd0-431b-8f0d-d640cc3b8f3b,0.0,VERY LOW,APPROVE,66.63333333333334,1.0,1.0,Active
86db1354-5276-4a9c-ac25-4a6beb07b62f,0.0,VERY LOW,APPROVE,44.3,0.0,0.5,Active
59040202-fd8a-44e3-8cd8-2bf387333706,92.05,VERY HIGH,REJECT,43.5,4.0,0.5,Active
1b0eb9a4-36cb-4d2d-ac44-8da63dcd4765,0.0,VERY LOW,APPROVE,26.1,2.0,1.0,Active
a991d5e0-e36e-439a-bbf2-a8e8cfcfebbe,0.0,VERY LOW,APPROVE,49.733333333333334,1.0,1.0,Active
5e5c5ea8-6a38-48de-89ff-9c1fc1b632f6,0.0,VERY LOW,APPROVE,33.3,0.0,0.5,Terminated
acc66229-ae00-4ab8-befd-55c9791ad7e5,0.0,VERY LOW,APPROVE,42.166666666666664,0.0,0.5,Active
338cb0c2-290c-4ada-9734-d496fe99bb13,0.0,VERY LOW,APPROVE,69.73333333333333,0.0,0.5,Active
314805b5-b7e4-4341-b4de-f193fa3f70eb,0.27,VERY LOW,APPROVE,59.06666666666667,1.0,1.0,Active
f8b2cfa9-3261-468c-915a-1401550ee922,0.0,VERY LOW,APPROVE,56.9,0.0,0.5,Terminated
e0af674f-1d68-46e8-8a46-785eae66a231,84.78,VERY HIGH,REJECT,40.03333333333333,1.0,0.0,Active
5d98d5bc-a844-4f6a-a664-8175b4bc7189,74.41,VERY HIGH,REJECT,74.76666666666667,2.0,0.5,Active
0d58a42b-339d-43b2-919e-ef12c7217d2f,62.96,HIGH,APPROVE WITH STRICT TERMS,20.566666666666666,4.0,0.75,Active
57a55934-e274-4711-a05f-d72bc9af338e,61.93,HIGH,APPROVE WITH STRICT TERMS,36.766666666666666,1.0,0.0,Active
0aa4294d-9dc5-4226-b57b-e1618d2f3e00,0.0,VERY LOW,APPROVE,52.43333333333333,2.0,1.0,Active
63d10f9e-77cc-481a-98b2-28270956b2cf,0.0,VERY LOW,APPROVE,24.566666666666666,0.0,0.5,Active
7dc9ad36-3827-4931-b4ed-925018a9c3a7,0.0,VERY LOW,APPROVE,31.4,2.0,1.0,Active
266ba1fe-1798-4e33-829a-2a8d8160bc82,0.0,VERY LOW,APPROVE,71.36666666666666,0.0,0.5,Active
2541c958-b5f4-48a4-9110-0165d4b9d35b,0.04,VERY LOW,APPROVE,54.96666666666667,1.0,1.0,Active
92878734-1948-4aee-8869-a8729b89e613,0.0,VERY LOW,APPROVE,66.1,1.0,1.0,Active
a30da5bf-b6ff-457e-a1d5-122972c5349b,0.0,VERY LOW,APPROVE,53.233333333333334,1.0,1.0,Active
33d70849-cbe7-44b2-b065-33d0c2db9fb5,61.36,HIGH,APPROVE WITH STRICT TERMS,61.1,1.0,0.0,Active
49b231f8-65ec-4aeb-b7ef-1e1eaf652c80,77.65,VERY HIGH,REJECT,62.266666666666666,1.0,0.0,Active
a9f5ac28-7ec5-486a-b285-75239f9af976,0.0,VERY LOW,APPROVE,32.0,0.0,0.5,Inactive
d61f2538-e781-4669-8f9f-ff6729b785b9,0.0,VERY LOW,APPROVE,38.333333333333336,1.0,1.0,Active
7486c216-bfa3-42e2-af1e-88570b93639e,0.0,VERY LOW,APPROVE,62.766666666666666,2.0,1.0,Active
dc4ba916-82f5-4d87-b462-bd265b2bbc63,0.0,VERY LOW,APPROVE,20.266666666666666,1.0,1.0,Active
3ec33931-bdc8-4b9b-bbdd-9521568afc7a,0.27,VERY LOW,APPROVE,27.733333333333334,1.0,1.0,Active
58b4c5c9-39c1-400b-9f26-1656b58186ed,82.09,VERY HIGH,REJECT,26.633333333333333,2.0,0.5,Active
96875005-56a1-4ff6-a96d-0715328932ff,63.89,HIGH,APPROVE WITH STRICT TERMS,76.73333333333333,2.0,0.5,Active
9116ec67-0a56-46ae-bc02-195abb951a63,85.03,VERY HIGH,REJECT,24.733333333333334,2.0,0.5,Active
c8fec655-dea6-4340-a14c-e27b9e435b47,62.59,HIGH,APPROVE WITH STRICT TERMS,67.0,2.0,0.5,Active
c05c2334-9266-4731-9157-d64755451fef,0.0,VERY LOW,APPROVE,54.666666666666664,0.0,0.5,Inactive
fb3d73fc-7094-4562-a778-7a76486e502f,0.0,VERY LOW,APPROVE,70.53333333333333,1.0,1.0,Active
310e6344-e5ac-47cf-a714-cc339a8d8914,61.79,HIGH,APPROVE WITH STRICT TERMS,51.0,1.0,0.0,Active
e7953cab-d974-4941-a45f-373746931995,0.04,VERY LOW,APPROVE,19.833333333333332,1.0,1.0,Active
9ac9c713-6766-4198-82a6-c8fbb1fb109f,57.45,HIGH,APPROVE WITH STRICT TERMS,68.5,2.0,0.5,Active
3c3032a8-c435-4262-a888-337c4b0b19e5,69.64,HIGH,APPROVE WITH STRICT TERMS,37.766666666666666,2.0,0.5,Active
8e211c47-b697-4527-8d09-78b53b7660a2,57.63,HIGH,APPROVE WITH STRICT TERMS,34.233333333333334,2.0,0.5,Active
d20c1b93-f043-4652-bff1-ee0660b3a68e,78.19,VERY HIGH,REJECT,20.8,1.0,0.0,Active
0dfa0b7e-0122-4be1-acad-428b97d08cf7,84.11,VERY HIGH,REJECT,73.5,1.0,0.0,Active
c855ed77-0891-4720-a29c-5f2445192a53,0.0,VERY LOW,APPROVE,76.46666666666667,0.0,0.5,Active
da385f9f-5ba2-4135-b858-a6dd88636928,72.17,VERY HIGH,REJECT,55.53333333333333,1.0,0.0,Active
25d39113-025a-43e5-baa3-905348459e87,11.97,VERY LOW,APPROVE,32.2,3.0,0.6666666666666666,Active
e9fbc9ff-0ada-4709-b59c-b46043f214fc,0.0,VERY LOW,APPROVE,16.433333333333334,0.0,0.5,Active
1741bea7-343a-4e6f-a61d-7372e9b85778,94.46,VERY HIGH,REJECT,34.833333333333336,2.0,0.0,Active
500e040f-56ef-4543-9310-ed4763285951,0.0,VERY LOW,APPROVE,73.5,0.0,0.5,Terminated
1829cb77-f74e-44ba-ba3e-a687dcacfcda,0.0,VERY LOW,APPROVE,54.46666666666667,1.0,1.0,Active
4895e483-554a-4cad-aca1-6481f24c3799,0.0,VERY LOW,APPROVE,49.8,0.0,0.5,Inactive
03c8a50f-5765-496e-bc14-8af8e5ed5059,0.0,VERY LOW,APPROVE,67.6,0.0,0.5,Inactive
478f0b43-77e5-4a5d-bdbf-9878319f1575,80.45,VERY HIGH,REJECT,21.933333333333334,1.0,0.0,Active
2a5a936b-2c86-480e-884f-972877a1d4c6,0.0,VERY LOW,APPROVE,70.7,1.0,1.0,Active
d8cf0075-a11e-4fd7-8ed4-c2bc1de18dcb,0.0,VERY LOW,APPROVE,66.0,0.0,0.5,Active
12cfe54e-49d8-4454-a0fe-a7709f8fdee5,50.56,HIGH,APPROVE WITH STRICT TERMS,65.4,2.0,0.5,Active
a8707bd8-c8bd-4a8a-a843-63d5a97be417,0.0,VERY LOW,APPROVE,51.733333333333334,0.0,0.5,Inactive
0403168e-937b-4653-9873-a0e325ff7812,0.0,VERY LOW,APPROVE,33.0,0.0,0.5,Inactive
fd050332-48a8-405a-8139-9d313d414c95,77.42,VERY HIGH,REJECT,22.066666666666666,1.0,0.0,Active
544fc563-abe6-473a-b8b3-26852fdf3410,0.0,VERY LOW,APPROVE,27.3,1.0,1.0,Active
e87ef43c-431a-4cb2-8840-081f1025ef37,0.0,VERY LOW,APPROVE,75.26666666666667,0.0,0.5,Active
9f85643e-2094-4cf5-b65c-33a74533ad24,0.04,VERY LOW,APPROVE,60.766666666666666,1.0,1.0,Active
550cd044-d4ea-497b-9163-072b4d4041ec,0.04,VERY LOW,APPROVE,54.3,1.0,1.0,Active
a98ada2f-7988-459e-8305-29d11cf34287,0.0,VERY LOW,APPROVE,17.766666666666666,1.0,1.0,Active
f1aaa9bd-00b4-4e7c-b289-96bc70f8b123,64.04,HIGH,APPROVE WITH STRICT TERMS,69.2,1.0,0.0,Active
f2a9f98d-82e8-4e5c-83f7-7022d801df4b,0.0,VERY LOW,APPROVE,23.7,0.0,0.5,Active
d32c9225-a4c3-4c60-9efb-37778afd7f01,0.0,VERY LOW,APPROVE,57.13333333333333,1.0,1.0,Active
846eedc9-7cc5-43a6-bdd3-6bb68375e84f,0.0,VERY LOW,APPROVE,54.93333333333333,0.0,0.5,Active
e3b7fc68-89a2-4bea-b48b-f094e5c72a80,0.0,VERY LOW,APPROVE,41.63333333333333,1.0,1.0,Active
6653a879-e2b6-4894-9852-324260d99956,0.0,VERY LOW,APPROVE,29.1,0.0,0.5,Active
fa3a9145-b280-4b73-b26d-e2cd0bd3f98f,52.04,HIGH,APPROVE WITH STRICT TERMS,54.86666666666667,1.0,0.0,Active
d2e99662-b096-452b-9553-1ab60a92822c,76.88,VERY HIGH,REJECT,59.766666666666666,1.0,0.0,Active
677bfa8b-6c00-4a6e-997d-cb6afd1f05e6,0.0,VERY LOW,APPROVE,52.0,1.0,1.0,Active
968b14f5-71a1-4fdb-b634-1262eaf4eadb,0.0,VERY LOW,APPROVE,43.266666666666666,0.0,0.5,Inactive
2b9681d8-5ed3-4d64-b3ce-2ce8d80b21ca,0.0,VERY LOW,APPROVE,16.7,1.0,1.0,Active
44408120-d253-4c0f-b078-06030ad68732,0.0,VERY LOW,APPROVE,70.7,2.0,1.0,Active
ce857474-a89b-4919-9283-de48b480719e,0.0,VERY LOW,APPROVE,19.466666666666665,0.0,0.5,Inactive
2021661a-f997-43f8-be0c-18d010751038,69.31,HIGH,APPROVE WITH STRICT TERMS,45.9,3.0,0.6666666666666666,Active
a6c0e092-5a32-4fab-8d5e-e7aca0552980,60.39,HIGH,APPROVE WITH STRICT TERMS,40.43333333333333,2.0,0.5,Active
ef8088e3-2574-452d-8b80-d44099834495,59.51,HIGH,APPROVE WITH STRICT TERMS,34.8,3.0,0.6666666666666666,Active
fcc76ab7-0380-4574-84b1-8d90f977e109,0.0,VERY LOW,APPROVE,19.0,0.0,0.5,Active
37329ee6-b645-47b7-a240-6ad873e53416,74.24,VERY HIGH,REJECT,64.7,3.0,0.6666666666666666,Active
333528f8-5915-4beb-ab44-9fd843a5b07d,0.04,VERY LOW,APPROVE,48.266666666666666,1.0,1.0,Active
78304f35-f2c6-410e-9ee1-65a78072b1ec,0.12,VERY LOW,APPROVE,59.7,1.0,1.0,Active
24cecafb-ac89-46c8-8f69-0a77da1ed6df,0.0,VERY LOW,APPROVE,36.8,2.0,1.0,Active
bdd4b533-b630-476c-8068-03a3264a6f2f,75.4,VERY HIGH,REJECT,54.833333333333336,2.0,0.5,Active
d9e5ee8e-ff87-415f-ad40-886c6d85e0bf,61.1,HIGH,APPROVE WITH STRICT TERMS,32.166666666666664,2.0,0.5,Active
e5b4f6a4-67f9-4ad5-9c39-bc7e64411eb5,0.43,VERY LOW,APPROVE,32.6,1.0,1.0,Active
2f72b835-760b-4252-99d6-4f8d04bdc71a,0.0,VERY LOW,APPROVE,46.266666666666666,1.0,1.0,Active
ffe3701d-36fd-4874-b400-7a9ab583c6bc,63.69,HIGH,APPROVE WITH STRICT TERMS,48.96666666666667,2.0,0.5,Active
af856fd9-7a31-4c4d-97d1-7b766076d3d3,0.0,VERY LOW,APPROVE,53.833333333333336,0.0,0.5,Inactive
da3f1899-77a9-4237-b264-b04197c394ce,0.0,VERY LOW,APPROVE,75.2,0.0,0.5,Active
1c9bb906-dd0f-4888-9bf4-003c60bff61d,0.26,VERY LOW,APPROVE,70.36666666666666,0.0,0.5,Inactive
c58f2edf-e616-415e-92b9-bed62f5a8a0a,0.0,VERY LOW,APPROVE,48.06666666666667,0.0,0.5,Active
3fd5e0e2-c51d-4e4b-a595-5902c0a3ab9f,79.61,VERY HIGH,REJECT,26.366666666666667,3.0,0.6666666666666666,Active
0823c6b3-20d5-4e7e-9593-b56613a3c575,0.41,VERY LOW,APPROVE,27.666666666666668,1.0,1.0,Active
f001d7b1-91a2-49bb-8417-a4c4a26806bb,37.17,MEDIUM,APPROVE WITH CAUTION,34.36666666666667,2.0,0.5,Active
2d0ec1bd-7591-44c3-a3aa-ad2a8d476aec,0.27,VERY LOW,APPROVE,74.66666666666667,1.0,1.0,Active
5b461bda-ddc7-46d6-a65f-781fc0da8ef5,0.0,VERY LOW,APPROVE,43.1,1.0,1.0,Active
410fb926-baa4-4997-83b7-914f0076a962,0.0,VERY LOW,APPROVE,69.7,1.0,1.0,Active
9a9368a4-ab5d-4c69-b80a-af9fbb1eef30,0.0,VERY LOW,APPROVE,42.03333333333333,2.0,1.0,Active
82b152dd-642b-4ad9-9db4-2d27e49919b7,0.0,VERY LOW,APPROVE,43.0,1.0,1.0,Active
f001b8b9-c9a3-4dbc-b1a9-5d2e94e916a8,0.0,VERY LOW,APPROVE,57.13333333333333,0.0,0.5,Active
8c729881-4be4-4869-8177-8b360cb2782d,77.36,VERY HIGH,REJECT,72.43333333333334,2.0,0.5,Active
d3b2d716-0c5c-4cde-b295-905bd43f4a05,0.0,VERY LOW,APPROVE,45.233333333333334,0.0,0.5,Active
aed5a241-0d68-48ae-98bb-8f444d66448c,0.0,VERY LOW,APPROVE,26.433333333333334,0.0,0.5,Active
aa303e25-3918-4a22-8cde-40296525173f,0.0,VERY LOW,APPROVE,20.4,0.0,0.5,Inactive
cec3529f-881e-4ef9-9337-95fced2d1f1f,87.55,VERY HIGH,REJECT,31.266666666666666,1.0,0.0,Active
771652a4-a3b5-47be-a58a-f8d55d5f7e2c,0.0,VERY LOW,APPROVE,52.13333333333333,0.0,0.5,Active
5ba9d543-a7f5-4933-a014-551e80890dd5,0.0,VERY LOW,APPROVE,17.266666666666666,1.0,1.0,Active
49a93e08-c91a-4ed6-83db-7ddd68e78684,0.0,VERY LOW,APPROVE,62.5,1.0,1.0,Active
20d69d40-27cc-40e8-97c8-d43d64eff48b,80.87,VERY HIGH,REJECT,33.766666666666666,3.0,0.6666666666666666,Active
fb2c6e95-5770-4fd5-a4ae-e93f32a6a50a,76.77,VERY HIGH,REJECT,63.93333333333333,1.0,0.0,Active
57ab4a7b-0a1a-4d9d-9295-6d9597f7e2d5,0.0,VERY LOW,APPROVE,21.066666666666666,0.0,0.5,Active
0d0a0b99-153d-47b8-b12a-1868fded9cdf,0.0,VERY LOW,APPROVE,35.7,1.0,1.0,Active
909bcc4f-80a4-4176-b170-9ea87f0135e9,0.0,VERY LOW,APPROVE,16.433333333333334,0.0,0.5,Inactive
5ca70555-3537-4270-b699-551b4083b621,0.0,VERY LOW,APPROVE,66.9,0.0,0.5,Active
85544536-61e5-4434-9216-120d42fe2de5,0.04,VERY LOW,APPROVE,21.933333333333334,2.0,1.0,Active
3cc5be28-573d-4819-a46e-b114195f65ce,0.0,VERY LOW,APPROVE,18.666666666666668,0.0,0.5,Active
a60c46c3-4eda-42ce-881c-9a1a532d1414,0.0,VERY LOW,APPROVE,43.86666666666667,0.0,0.5,Inactive
f39c5c62-3ea2-4e51-b961-6043386d10fa,72.41,VERY HIGH,REJECT,29.0,2.0,0.5,Active
b3a27d1d-7c91-427f-aa81-db35dffa68ee,88.22,VERY HIGH,REJECT,28.633333333333333,1.0,0.0,Active
84193fe6-5672-41cd-a25d-adaaba738e8c,0.0,VERY LOW,APPROVE,65.46666666666667,1.0,1.0,Active
5f3b5848-b91a-43c8-8070-cc896ba1e62b,81.42,VERY HIGH,REJECT,21.0,3.0,0.6666666666666666,Active
9a10fa30-d80e-4b51-9059-103063b967f0,0.0,VERY LOW,APPROVE,25.266666666666666,2.0,1.0,Active
7206c655-ecb4-43f7-80fe-16593794bcd4,0.04,VERY LOW,APPROVE,60.7,1.0,1.0,Active
2019386d-63a3-466d-8138-7786b07924ef,0.0,VERY LOW,APPROVE,68.9,2.0,1.0,Active
7cd190f0-8326-4632-91e3-4ed97d17a1e9,69.74,HIGH,APPROVE WITH STRICT TERMS,48.166666666666664,1.0,0.0,Active
7a94d40a-3bee-493c-9eca-4ef93354e49a,30.66,MEDIUM,APPROVE WITH CAUTION,20.966666666666665,3.0,0.6666666666666666,Active
b5c8100f-fd7a-4ef0-a2e1-30d9dc2f1491,0.0,VERY LOW,APPROVE,57.03333333333333,2.0,1.0,Active
5d9446ba-8db5-4363-8802-6af7891858dc,0.0,VERY LOW,APPROVE,62.5,2.0,1.0,Active
04c969e3-ba0d-4bb1-922b-c8425ab21237,0.0,VERY LOW,APPROVE,29.333333333333332,2.0,1.0,Active
c9a8b558-3add-4b27-a61d-06377e29f683,74.08,VERY HIGH,REJECT,59.4,3.0,0.6666666666666666,Active
759c2172-f533-4e2c-8d10-8d1c98d32a9a,0.0,VERY LOW,APPROVE,25.2,0.0,0.5,Active
5a6dab9a-bd0b-4db9-b19f-43dda94f5078,0.0,VERY LOW,APPROVE,19.733333333333334,1.0,1.0,Active
c54b5148-86bd-4490-9dc3-c5efc9c9241f,88.18,VERY HIGH,REJECT,66.06666666666666,1.0,0.0,Active
7d02c0d3-0b30-49aa-9a8d-8a69f0cc687c,0.0,VERY LOW,APPROVE,69.13333333333334,2.0,1.0,Active
9a193c87-cd35-49ca-9fe5-263c5f3beffc,46.2,MEDIUM,APPROVE WITH CAUTION,72.6,1.0,0.0,Active
7acdbff9-80c4-4e98-b973-1a6401179142,0.0,VERY LOW,APPROVE,21.7,0.0,0.5,Inactive
4ae4949c-fe97-4db2-91f9-3b3d108b3c79,0.0,VERY LOW,APPROVE,61.03333333333333,0.0,0.5,Inactive
33e9d6de-dfc6-44cd-8dd9-f5ce981b8cfd,0.27,VERY LOW,APPROVE,74.16666666666667,1.0,1.0,Active
5b3258eb-ac9a-4e45-bdc2-05f016c1afe2,0.0,VERY LOW,APPROVE,34.266666666666666,1.0,1.0,Active
94ee5b03-c30f-4346-8cfb-9ecacc6b94f4,0.0,VERY LOW,APPROVE,62.6,2.0,1.0,Active
0eb203be-2494-4a0f-afa7-6003a540c56d,0.0,VERY LOW,APPROVE,23.166666666666668,2.0,1.0,Active
be44a2f5-637d-4fa1-9251-ce4b7ac8df98,87.23,VERY HIGH,REJECT,29.233333333333334,1.0,0.0,Active
a7f5cda5-33d2-4ae1-927e-457dbacf329f,0.0,VERY LOW,APPROVE,26.466666666666665,1.0,1.0,Active
e09a4bc6-b75d-4e82-bb4c-a67ab5d3ad22,0.0,VERY LOW,APPROVE,22.3,2.0,1.0,Active
2f0e181b-5f28-4861-9d36-165446c575eb,0.0,VERY LOW,APPROVE,20.066666666666666,0.0,0.5,Inactive
72284ba0-667d-4199-b60c-81371a3fdad7,81.84,VERY HIGH,REJECT,77.0,1.0,0.0,Active
8f1ed76f-5d66-430d-a25b-52651448020a,0.0,VERY LOW,APPROVE,54.733333333333334,2.0,1.0,Active
1820328e-25b0-470f-850d-68e25e6542b3,0.0,VERY LOW,APPROVE,24.266666666666666,2.0,1.0,Active
875f4ad4-f0c3-4b5d-a477-3312a5be6ddf,0.0,VERY LOW,APPROVE,40.63333333333333,0.0,0.5,Inactive
632504f7-38e8-4418-9106-0cf6971e2b71,76.1,VERY HIGH,REJECT,28.333333333333332,1.0,0.0,Active
7db13c56-df19-470e-b81e-c8e90c0f00b4,69.95,HIGH,APPROVE WITH STRICT TERMS,70.7,2.0,0.5,Active
5d402ae3-d070-4689-b92a-da0105be7c9e,0.0,VERY LOW,APPROVE,64.53333333333333,0.0,0.5,Inactive
6aa184d4-4a55-493a-ab30-35501c91ddda,58.53,HIGH,APPROVE WITH STRICT TERMS,59.9,1.0,0.0,Active
95915c06-3117-43b6-b544-95717e3041d1,69.05,HIGH,APPROVE WITH STRICT TERMS,57.833333333333336,2.0,0.5,Active
40337911-1290-4a19-b753-d6a0f95cc34d,0.0,VERY LOW,APPROVE,61.766666666666666,1.0,1.0,Active
a3cfafe2-a3ff-462f-b63c-08f500fccbb6,0.0,VERY LOW,APPROVE,55.8,0.0,0.5,Active
dab04689-0d31-4366-b6eb-ab654ea8b5a4,61.24,HIGH,APPROVE WITH STRICT TERMS,25.233333333333334,2.0,0.5,Active
e60ad0ce-60f2-417d-bb30-e365cae8c229,0.0,VERY LOW,APPROVE,61.03333333333333,2.0,1.0,Active
29347c10-c13e-4956-95c6-f0b64817c976,0.0,VERY LOW,APPROVE,39.13333333333333,0.0,0.5,Active
f1be1e18-68c1-4664-b71f-e13e6d5a7f1d,0.0,VERY LOW,APPROVE,64.83333333333333,2.0,1.0,Active
e107c0ee-14a7-404f-9e33-739cbba9df81,0.0,VERY LOW,APPROVE,44.7,0.0,0.5,Terminated
d78a3d64-4471-45b9-acce-9857c14ea714,0.0,VERY LOW,APPROVE,55.166666666666664,0.0,0.5,Active
23696c26-2fa7-4cc5-828a-4503af7d89f7,33.09,MEDIUM,APPROVE WITH CAUTION,76.96666666666667,2.0,0.5,Active
09be9f4b-2cb5-4fb2-9848-f31c2ef2c355,0.0,VERY LOW,APPROVE,63.13333333333333,0.0,0.5,Inactive
0564723c-8762-4f24-89fb-689b5d47ee95,95.08,VERY HIGH,REJECT,35.0,4.0,0.25,Active
7aa0810a-621b-464f-9a27-f34ab013f53f,2.22,VERY LOW,APPROVE,26.433333333333334,4.0,1.0,Active
dd570c52-7b9e-4b4c-b28f-cfdeddecafdb,0.0,VERY LOW,APPROVE,60.0,2.0,1.0,Active
0dfc153d-6291-4604-8550-31eb97b000f2,0.0,VERY LOW,APPROVE,66.53333333333333,0.0,0.5,Inactive
ce1235b9-48b1-4b6d-a173-b0e5543de3fc,0.0,VERY LOW,APPROVE,68.53333333333333,1.0,1.0,Active
7b6b9d91-a862-4c7a-80be-466f0fe76db9,0.0,VERY LOW,APPROVE,42.43333333333333,1.0,1.0,Active
6fbc7d34-892f-4ff1-baa3-eed5c5c03e31,69.05,HIGH,APPROVE WITH STRICT TERMS,61.56666666666667,1.0,0.0,Active
f9bb4ded-1276-4fd8-ba3d-7921515d51a1,97.46,VERY HIGH,REJECT,24.0,2.0,0.0,Active
128b7c8c-a0ab-4f82-9966-9ac33b188014,0.0,VERY LOW,APPROVE,74.16666666666667,0.0,0.5,Inactive
891f462e-e387-42ca-8fcb-90e1d304bd9e,0.0,VERY LOW,APPROVE,75.86666666666666,0.0,0.5,Terminated
b37f6f12-223c-46fe-bd81-1fcda8128caa,0.0,VERY LOW,APPROVE,20.833333333333332,0.0,0.5,Inactive
ad8cb018-5ee1-4c0a-b818-bfa386ea7b90,0.0,VERY LOW,APPROVE,56.833333333333336,2.0,1.0,Active
3f3363c7-4c45-4ad2-b817-4f29673f4a6f,0.0,VERY LOW,APPROVE,63.4,1.0,1.0,Active
f075a741-8871-4254-bd97-f72a2483700b,0.0,VERY LOW,APPROVE,34.233333333333334,0.0,0.5,Inactive
66b4a860-75c7-44c7-b13c-d677c15adc23,0.0,VERY LOW,APPROVE,48.36666666666667,2.0,1.0,Active
b1424246-f610-439d-81a7-f5b26c125bb2,81.32,VERY HIGH,REJECT,29.6,2.0,0.5,Active
1b125444-3acd-4198-b0a4-9283d718143d,75.61,VERY HIGH,REJECT,58.06666666666667,1.0,0.0,Active
0b762f62-928d-4f73-b713-d5f4159e0d34,0.0,VERY LOW,APPROVE,69.36666666666666,0.0,0.5,Terminated
ebfb48a9-33ec-4734-b64b-7ea95ca7110e,71.31,VERY HIGH,REJECT,37.266666666666666,3.0,0.3333333333333333,Active
8ffce3d5-6b20-41da-a243-18fa6429c5ad,98.98,VERY HIGH,REJECT,36.86666666666667,4.0,0.25,Active
16d9227c-1d5b-4c92-91a6-6050843f5b6b,0.0,VERY LOW,APPROVE,37.4,0.0,0.5,Active
a7dd737f-fb98-452b-9c2b-588e9b8c84bf,0.0,VERY LOW,APPROVE,47.233333333333334,1.0,1.0,Active
c96937f5-ab29-4457-9577-6b0aa39143af,0.0,VERY LOW,APPROVE,49.93333333333333,0.0,0.5,Active
df8737f5-bed2-49fb-81d2-5f161c6143b4,0.0,VERY LOW,APPROVE,43.2,1.0,1.0,Active
8fb8488e-23ea-40de-b8f0-ee935014b2fc,0.0,VERY LOW,APPROVE,59.86666666666667,1.0,1.0,Active
a49566f7-9b44-4283-bf92-472541f27617,0.0,VERY LOW,APPROVE,17.1,2.0,1.0,Active
15021e74-482f-4893-b51c-df190080f1ab,0.0,VERY LOW,APPROVE,26.0,1.0,1.0,Active
47f4c95c-5a2b-4665-ba58-a4a9173ec852,0.0,VERY LOW,APPROVE,53.266666666666666,0.0,0.5,Inactive
380b2c5c-2bca-4f22-81a6-daee018b56ee,0.0,VERY LOW,APPROVE,31.5,0.0,0.5,Active
64eb7698-8784-495a-a33f-bd82679aeaad,0.0,VERY LOW,APPROVE,67.96666666666667,0.0,0.5,Terminated
51292685-2be7-40b2-bb7f-37ed995cb5b5,0.0,VERY LOW,APPROVE,18.566666666666666,0.0,0.5,Inactive
43ad9793-1926-459e-908c-42b7bbf43023,65.02,HIGH,APPROVE WITH STRICT TERMS,46.43333333333333,1.0,0.0,Active
8023327a-b0b4-48ba-bcbc-0dd1c77d7595,82.69,VERY HIGH,REJECT,32.2,1.0,0.0,Active
9a841098-e739-44ba-99ba-11d6fda966e1,0.0,VERY LOW,APPROVE,41.833333333333336,2.0,1.0,Active
90aeb5ae-3dfa-49f0-9689-efcbfe75fbbe,0.0,VERY LOW,APPROVE,72.66666666666667,1.0,1.0,Active
29ae0151-1f0a-4652-afda-7a7cf01ae91d,82.08,VERY HIGH,REJECT,48.1,1.0,0.0,Active
e8890249-09da-4c21-b84f-438bc4acbf76,0.0,VERY LOW,APPROVE,56.13333333333333,2.0,1.0,Active
4985fc25-e7ee-4cff-ac81-52625d9882c0,0.27,VERY LOW,APPROVE,60.5,1.0,1.0,Active
8a59c067-6599-4001-8691-63e217296d51,34.16,MEDIUM,APPROVE WITH CAUTION,67.76666666666667,1.0,0.0,Active
e327a859-3cd1-4498-bca1-f74030871b1b,0.0,VERY LOW,APPROVE,21.0,0.0,0.5,Active
1b61ae1e-807b-4cfe-b4b9-84f668633052,0.0,VERY LOW,APPROVE,68.06666666666666,1.0,1.0,Active
b49abada-4a05-4c53-96bd-bf1f439bf3d5,0.0,VERY LOW,APPROVE,52.46666666666667,0.0,0.5,Terminated
7c7b31a9-fefa-45f6-9e3d-a7def5ab6644,0.0,VERY LOW,APPROVE,46.233333333333334,0.0,0.5,Inactive
4e869160-e88e-4d05-bd2f-b7a41545b130,54.41,HIGH,APPROVE WITH STRICT TERMS,76.63333333333334,1.0,0.0,Active
3e303cb8-491f-40ad-9f62-7fa50810f8b0,0.0,VERY LOW,APPROVE,71.03333333333333,0.0,0.5,Active
b5db3aa0-4d78-40cd-a032-6b0e15adc632,0.0,VERY LOW,APPROVE,37.06666666666667,0.0,0.5,Active
0f726d65-ac0a-49cc-be93-350ece32257e,0.0,VERY LOW,APPROVE,16.566666666666666,0.0,0.5,Inactive
0c10ea55-9249-4a3c-a35c-0fc3a27fdb73,0.0,VERY LOW,APPROVE,67.13333333333334,0.0,0.5,Inactive
ced04529-b610-40cb-9477-24de827a8ded,84.45,VERY HIGH,REJECT,55.13333333333333,1.0,0.0,Active
766ae8d9-4fcf-4937-8326-df3697ff4a75,0.0,VERY LOW,APPROVE,60.6,0.0,0.5,Active
9dc0c77b-e843-4865-835f-c6163c4d67af,0.27,VERY LOW,APPROVE,72.73333333333333,4.0,1.0,Active
20a8a8e5-4c85-40e5-89a8-3ae910decfed,0.0,VERY LOW,APPROVE,64.73333333333333,1.0,1.0,Active
535563b7-af25-4292-915f-3e2dd7a8660d,94.35,VERY HIGH,REJECT,37.0,2.0,0.0,Active
6b0af56c-4596-4cdf-a3ee-067196888390,62.87,HIGH,APPROVE WITH STRICT TERMS,30.466666666666665,2.0,0.5,Active
c399484c-2582-4659-bf77-48c1b65fc2f7,0.0,VERY LOW,APPROVE,17.066666666666666,0.0,0.5,Active
7b9555ba-2d46-466d-ac50-e69a58236e27,0.0,VERY LOW,APPROVE,75.63333333333334,0.0,0.5,Active
e421ac50-c14a-4515-81fa-a30f57b2577d,55.98,HIGH,APPROVE WITH STRICT TERMS,65.36666666666666,1.0,0.0,Active
d088f543-ebd2-4e16-8398-2503f614b8b9,0.0,VERY LOW,APPROVE,41.46666666666667,1.0,1.0,Active
083c291a-d568-4cca-83de-845b151a68e3,74.63,VERY HIGH,REJECT,60.3,2.0,0.5,Active
6845763e-2da2-41c9-b092-94967b7da646,0.0,VERY LOW,APPROVE,32.833333333333336,0.0,0.5,Active
bac5acc2-923d-461a-8ff9-4c659e125b61,0.0,VERY LOW,APPROVE,73.56666666666666,1.0,1.0,Active
6177611c-64ea-42dc-8919-eb21667b3415,0.0,VERY LOW,APPROVE,59.1,3.0,1.0,Active
f05b865e-732e-4cac-9866-1927e6eea2b4,0.0,VERY LOW,APPROVE,61.9,0.0,0.5,Inactive
7ea39eb9-2141-4732-8a93-2758e704a7b3,0.27,VERY LOW,APPROVE,75.1,1.0,1.0,Active
b89ceb6b-de72-440e-94db-571a9137e9a6,0.0,VERY LOW,APPROVE,74.86666666666666,1.0,1.0,Active
47d4f320-c0f9-43fd-806b-40056e8a4b17,67.49,HIGH,APPROVE WITH STRICT TERMS,73.46666666666667,1.0,0.0,Active
8651b669-b536-4e3f-b292-6317911df669,65.14,HIGH,APPROVE WITH STRICT TERMS,49.7,2.0,0.5,Active
af8d9788-9367-4f68-931b-615bb0d71777,0.0,VERY LOW,APPROVE,20.633333333333333,2.0,1.0,Active
fc5dc729-771d-4875-a03c-cff1abcc1867,1.73,VERY LOW,APPROVE,76.33333333333333,2.0,1.0,Active
a4683745-de02-4f1c-b3fd-150d96e582d0,72.5,VERY HIGH,REJECT,62.53333333333333,2.0,0.5,Active
d4684a66-d8e5-4260-9252-510f32e308d8,0.0,VERY LOW,APPROVE,71.53333333333333,0.0,0.5,Inactive
3a19af7b-32b9-462f-80c7-7fe7041b12ba,0.0,VERY LOW,APPROVE,57.666666666666664,1.0,1.0,Active
c26d6910-0546-4074-956f-1afb2f395901,0.0,VERY LOW,APPROVE,18.333333333333332,0.0,0.5,Active
8ebc9117-7359-4017-a529-5e74143deb47,0.0,VERY LOW,APPROVE,17.1,0.0,0.5,Active
22006c14-fc22-49ee-83fd-d4a13e7f7962,0.0,VERY LOW,APPROVE,21.833333333333332,1.0,1.0,Active
2b8a99f2-a9ed-4fd0-a3be-ad571b42a892,0.0,VERY LOW,APPROVE,39.93333333333333,0.0,0.5,Active
4e6db26d-b48a-4378-a7ed-7107911f2428,0.0,VERY LOW,APPROVE,48.9,0.0,0.5,Active
433d7213-b79f-4681-98a1-28bf829e1ae9,0.0,VERY LOW,APPROVE,41.86666666666667,0.0,0.5,Inactive
4de719c7-2e99-46e1-a2f3-9d6e35b417d0,72.29,VERY HIGH,REJECT,30.966666666666665,2.0,0.5,Active
c8fb7418-b207-48df-a0b0-044df4017749,0.0,VERY LOW,APPROVE,26.766666666666666,0.0,0.5,Active
360ffa8e-80d1-4e53-a225-3ecab28f78ba,0.0,VERY LOW,APPROVE,60.3,0.0,0.5,Active
5ddfcd87-ae5b-4e6f-9515-70e8daff4361,0.0,VERY LOW,APPROVE,52.5,1.0,1.0,Active
f219dd02-a787-44b3-8f8f-7d9003833162,0.0,VERY LOW,APPROVE,42.46666666666667,1.0,1.0,Active
89cfb86a-5af7-4acf-b182-4b5f4e5da3de,68.88,HIGH,APPROVE WITH STRICT TERMS,60.7,1.0,0.0,Active
f06c5df9-0daa-4517-bbae-2e083c58743d,0.0,VERY LOW,APPROVE,39.36666666666667,1.0,1.0,Active
6ae910f0-3573-4115-b49a-6bd27a254ab6,0.13,VERY LOW,APPROVE,30.9,1.0,1.0,Active
768363ce-04d1-4b4e-aaec-35509d07600c,0.24,VERY LOW,APPROVE,37.3,3.0,1.0,Active
d1113667-79b3-4869-882c-dda3557688bc,0.0,VERY LOW,APPROVE,68.9,0.0,0.5,Terminated
7b089667-ce1c-43e1-80c0-0d0ada2ef36c,0.0,VERY LOW,APPROVE,19.2,1.0,1.0,Active
534aabc9-1bc9-4dcb-9751-a70091217e5f,0.0,VERY LOW,APPROVE,26.533333333333335,1.0,1.0,Active
5f931e07-5fe9-4816-8dbe-5da700abe6b6,85.64,VERY HIGH,REJECT,76.86666666666666,1.0,0.0,Active
d3a2edfe-b24c-4a38-864d-ac8c97307691,0.0,VERY LOW,APPROVE,65.1,2.0,1.0,Active
b9b90259-5125-4f1e-addc-41128d5552e2,97.68,VERY HIGH,REJECT,44.733333333333334,3.0,0.3333333333333333,Active
e12d4a1b-3319-4f8d-8f44-aefbb8d5c0df,0.0,VERY LOW,APPROVE,22.2,0.0,0.5,Active
47314991-de71-4954-b17f-a23422c59448,0.0,VERY LOW,APPROVE,24.9,0.0,0.5,Active
f3964383-7f65-4ee7-a3e9-d82547086497,0.0,VERY LOW,APPROVE,58.0,1.0,1.0,Active
d85aeb6f-3c2d-4cf6-8db5-d6fe38d6b995,0.0,VERY LOW,APPROVE,72.63333333333334,1.0,1.0,Active
38cf24b0-5fb0-4555-af67-5e8a3fe1b06f,0.0,VERY LOW,APPROVE,70.1,1.0,1.0,Active
431b32ce-5b21-4a2e-a5c8-a4ae02809c52,0.0,VERY LOW,APPROVE,40.1,0.0,0.5,Active
3eae4679-3275-421f-af81-544506491e42,81.92,VERY HIGH,REJECT,20.933333333333334,3.0,0.6666666666666666,Active
cea796c1-5fda-4340-9cdd-0a8ed2356b67,0.0,VERY LOW,APPROVE,50.46666666666667,1.0,1.0,Active
52eee199-f17f-4af7-adf1-52a4ae0371c9,81.93,VERY HIGH,REJECT,74.86666666666666,2.0,0.5,Active
7fbb3186-bae5-4a79-8861-e184c28f65ba,0.0,VERY LOW,APPROVE,34.03333333333333,1.0,1.0,Active
08407ee3-ef00-4829-a472-9375275d32c2,90.72,VERY HIGH,REJECT,58.333333333333336,1.0,0.0,Active
e641716e-ddf6-474b-b6ca-6436a311eead,0.0,VERY LOW,APPROVE,24.466666666666665,0.0,0.5,Active
27933428-8c7a-4f7f-bf1e-4d5045cd5fad,0.05,VERY LOW,APPROVE,49.233333333333334,1.0,1.0,Active
7fa695f0-dfe0-4c76-b001-7e2a10180ec2,0.0,VERY LOW,APPROVE,23.066666666666666,0.0,0.5,Inactive
a97f3cac-0213-4860-9dc1-a023ba55a4c8,0.0,VERY LOW,APPROVE,73.23333333333333,2.0,1.0,Active
15fb0194-295b-4596-80a1-23b5471dfc6b,0.0,VERY LOW,APPROVE,25.533333333333335,1.0,1.0,Active
2855de99-1cfd-4632-8b85-c8e01c129eb5,0.0,VERY LOW,APPROVE,35.13333333333333,0.0,0.5,Inactive
b355c82c-565c-451f-adc8-31e662bfefcd,0.05,VERY LOW,APPROVE,19.933333333333334,1.0,1.0,Active
f861031f-563a-4b90-85f9-aeec53b327ed,0.05,VERY LOW,APPROVE,26.2,1.0,1.0,Active
44fc8960-ab84-40a4-b156-24b468cbca8c,0.0,VERY LOW,APPROVE,74.0,0.0,0.5,Terminated
46c99778-7c17-4de7-8065-cba16c725c42,0.0,VERY LOW,APPROVE,69.76666666666667,0.0,0.5,Active
e78ed81b-0bdd-46ea-ba62-a178e17df295,0.0,VERY LOW,APPROVE,60.6,0.0,0.5,Active
171d86a8-696e-414b-832c-d3d6804c2388,0.0,VERY LOW,APPROVE,32.833333333333336,1.0,1.0,Active
09c4e34c-cd4d-4c0e-b76c-9bbedf98f909,0.0,VERY LOW,APPROVE,24.933333333333334,0.0,0.5,Inactive
742c119e-6e9c-4641-bf77-ba94fef17194,0.27,VERY LOW,APPROVE,70.06666666666666,1.0,1.0,Active
9dce265f-599b-4fc7-8cb4-357266c781ac,87.87,VERY HIGH,REJECT,22.566666666666666,4.0,0.5,Active
e558d9db-487c-469a-80aa-982f30414581,59.88,HIGH,APPROVE WITH STRICT TERMS,65.4,2.0,0.5,Active
6278161d-6195-462a-a453-752f5a3963ba,0.0,VERY LOW,APPROVE,50.1,1.0,1.0,Active
9459d4d9-99f1-497f-bf06-c5bafaf7fb0f,0.0,VERY LOW,APPROVE,63.36666666666667,0.0,0.5,Inactive
2c3ad6be-c8b0-4768-8fa2-e1924c6eae0e,0.0,VERY LOW,APPROVE,55.46666666666667,0.0,0.5,Active
64d642bf-ab0c-4535-b3c8-9b6a482b0d29,0.0,VERY LOW,APPROVE,48.833333333333336,0.0,0.5,Active
6bc3cbc4-0950-428e-b80c-718b382c0ffc,0.0,VERY LOW,APPROVE,67.9,0.0,0.5,Active
86dd05ec-195a-4a68-9117-a81e71f36d88,93.6,VERY HIGH,REJECT,21.633333333333333,4.0,0.25,Active
70dc9e23-67fb-48c9-baf3-daad439f7f2f,0.0,VERY LOW,APPROVE,21.966666666666665,1.0,1.0,Active
cc50bd49-f4f9-4580-b561-3efd54b28866,0.0,VERY LOW,APPROVE,77.03333333333333,2.0,1.0,Active
9f8edf9e-88c1-4b7a-9efc-141f51c89d54,80.07,VERY HIGH,REJECT,41.93333333333333,1.0,0.0,Active
817340cb-867f-480e-9146-a6dd2e661eb2,0.0,VERY LOW,APPROVE,27.033333333333335,2.0,1.0,Active
bcc57c55-eacb-488a-982a-fa0a98f902ff,0.0,VERY LOW,APPROVE,67.03333333333333,1.0,1.0,Active
d708ac96-0e09-4acc-8ee2-0c184d11d081,0.0,VERY LOW,APPROVE,61.2,0.0,0.5,Active
386e6f0b-6b03-4b8a-a628-0385fa768dba,0.0,VERY LOW,APPROVE,73.33333333333333,1.0,1.0,Active
97184a2f-b7a7-4f63-ab74-cbd979daf8d3,0.0,VERY LOW,APPROVE,46.833333333333336,0.0,0.5,Inactive
a2e0e041-4a11-473d-972c-fdf1268d0ad2,0.0,VERY LOW,APPROVE,20.466666666666665,0.0,0.5,Inactive
ebed4588-b296-4c85-b956-dc5c3bab537d,0.0,VERY LOW,APPROVE,29.666666666666668,0.0,0.5,Inactive
5308fd18-4fbd-4d43-afbd-c8be5dc707b5,59.41,HIGH,APPROVE WITH STRICT TERMS,67.96666666666667,1.0,0.0,Active
0d630517-d068-41eb-b833-0347a291ac46,0.0,VERY LOW,APPROVE,28.6,1.0,1.0,Active
d953e02b-393b-4b77-8b4e-9d1bd406d79f,60.23,HIGH,APPROVE WITH STRICT TERMS,42.733333333333334,1.0,0.0,Active
dec18926-db74-44f9-9a62-3cc4a2233490,71.64,VERY HIGH,REJECT,40.6,1.0,0.0,Active
4e0a8239-bb01-4786-a4a6-3b13a5a1cca0,0.0,VERY LOW,APPROVE,20.3,0.0,0.5,Active
6cb35f43-e9d6-49c7-b7ea-bbe87aef7f34,0.0,VERY LOW,APPROVE,42.46666666666667,1.0,1.0,Active
25750bbe-c7cd-4596-bd8b-d655f37b8aed,69.71,HIGH,APPROVE WITH STRICT TERMS,57.43333333333333,2.0,0.5,Active
dcf28305-9a58-44ba-b6a8-42858694c58e,0.0,VERY LOW,APPROVE,67.66666666666667,1.0,1.0,Active
459d3233-5f16-4aed-b3d6-6fae2117ed1d,0.0,VERY LOW,APPROVE,23.033333333333335,0.0,0.5,Active
47c1d96a-1afe-4b49-955b-4b2b084c1e53,0.0,VERY LOW,APPROVE,41.733333333333334,0.0,0.5,Inactive
01d17eb5-99a6-451b-887f-ab5d5fd2d922,0.0,VERY LOW,APPROVE,31.166666666666668,0.0,0.5,Terminated
45f72ee0-cd16-4bf2-8c27-5db5b6bdb9d7,43.24,MEDIUM,APPROVE WITH CAUTION,21.166666666666668,4.0,0.75,Active
2531ecb6-a887-4a6f-874b-49f127ef4ffc,0.27,VERY LOW,APPROVE,27.733333333333334,3.0,1.0,Active
a8a9e6fb-6f8b-4220-9fdb-5c4352b47aaa,67.05,HIGH,APPROVE WITH STRICT TERMS,39.166666666666664,1.0,0.0,Active
9f8b7e41-07e8-45eb-8a7b-d0baa46ebe09,34.12,MEDIUM,APPROVE WITH CAUTION,45.13333333333333,1.0,0.0,Active
ad49165e-bc6d-4a86-987c-561ff55bf086,60.97,HIGH,APPROVE WITH STRICT TERMS,45.233333333333334,1.0,0.0,Active
332ed0ce-e92a-4b56-8893-f05edbe2a08f,42.97,MEDIUM,APPROVE WITH CAUTION,62.36666666666667,1.0,0.0,Active
71235778-34f0-4baf-b5d7-fce1a9bad0f4,0.0,VERY LOW,APPROVE,20.366666666666667,0.0,0.5,Inactive
903337ed-4687-4e2a-9661-2be91d299600,0.0,VERY LOW,APPROVE,16.966666666666665,0.0,0.5,Active
85f0be84-5c19-49ee-938f-86f02d1aa34e,0.0,VERY LOW,APPROVE,45.53333333333333,0.0,0.5,Active
13c0f100-4379-4f1b-ac01-7e189c29fba7,0.04,VERY LOW,APPROVE,64.0,2.0,1.0,Active
bb727397-6e85-4d80-9d76-eebc8f2e1ddf,0.0,VERY LOW,APPROVE,45.96666666666667,0.0,0.5,Active
8db0c4f7-2b1d-4017-9382-d220997b3f75,0.04,VERY LOW,APPROVE,60.06666666666667,1.0,1.0,Active
1dc2d37c-aa78-4fc7-98fd-8eeab24b08c8,0.0,VERY LOW,APPROVE,40.56666666666667,0.0,0.5,Inactive
9dafddaa-3d16-482a-a96a-8bf3848b2145,0.0,VERY LOW,APPROVE,66.4,1.0,1.0,Active
cafea4a0-d1f8-495b-89dc-a4aaaabe5c12,0.0,VERY LOW,APPROVE,72.53333333333333,0.0,0.5,Active
dc7aeded-d314-451d-b393-71963959dcc0,0.0,VERY LOW,APPROVE,29.833333333333332,0.0,0.5,Inactive
d9fff207-4389-4564-977e-71caf710a899,0.0,VERY LOW,APPROVE,43.766666666666666,1.0,1.0,Active
3ac50e74-2157-4f18-ab2b-1cdd8ced2065,0.0,VERY LOW,APPROVE,40.46666666666667,0.0,0.5,Active
91eef316-fb55-4557-8b30-2b46a25ee7a3,96.86,VERY HIGH,REJECT,16.466666666666665,2.0,0.0,Active
29765f4a-2679-4c9d-b29e-87ef3fa44b92,0.0,VERY LOW,APPROVE,61.93333333333333,1.0,1.0,Active
6f33411c-029b-4277-b8a0-41153e07f9da,0.0,VERY LOW,APPROVE,35.43333333333333,1.0,1.0,Active
4c98a04e-7d2a-4f3c-8aa8-6293621a8b66,88.21,VERY HIGH,REJECT,35.1,1.0,0.0,Active
21717125-32d1-4c78-8943-69232c0925d2,0.0,VERY LOW,APPROVE,67.26666666666667,0.0,0.5,Active
e3db4c0a-9263-44d7-bb0c-a31a14908296,0.05,VERY LOW,APPROVE,30.833333333333332,1.0,1.0,Active
37570b1b-b74c-49b5-8b66-18d673088700,0.0,VERY LOW,APPROVE,57.96666666666667,0.0,0.5,Inactive
6e4e2da7-cb16-4e6b-9ca1-29839f40e849,0.0,VERY LOW,APPROVE,71.86666666666666,1.0,1.0,Active
1adb9570-edbd-4421-8b3f-565503903236,64.82,HIGH,APPROVE WITH STRICT TERMS,32.86666666666667,2.0,0.5,Active
8e1aad8d-21b3-4534-92f9-db33ccfaa238,0.0,VERY LOW,APPROVE,46.13333333333333,0.0,0.5,Inactive
81939d6c-1f5a-4902-89cf-c829e87b3a7a,0.0,VERY LOW,APPROVE,18.366666666666667,0.0,0.5,Active
d65aa51e-5680-4e80-b870-ed78639b7f29,0.0,VERY LOW,APPROVE,42.43333333333333,0.0,0.5,Active
6609ec5a-7c55-4b6e-976f-85ca020da715,95.2,VERY HIGH,REJECT,34.166666666666664,3.0,0.3333333333333333,Active
0076c5ed-f671-4b3a-bd6d-5f96dd9def73,0.0,VERY LOW,APPROVE,60.333333333333336,2.0,1.0,Active
c2b4c538-2d5b-4f37-90df-25343f128372,0.0,VERY LOW,APPROVE,75.7,0.0,0.5,Inactive
5c601901-2afb-452f-bdd9-7a072bdd1b07,0.0,VERY LOW,APPROVE,17.0,1.0,1.0,Active
f03a1830-5b4f-44dc-ac62-92b2202ab45e,0.0,VERY LOW,APPROVE,32.7,1.0,1.0,Active
f92f9bcb-82da-437f-81a3-b03bb6667ff2,0.0,VERY LOW,APPROVE,31.333333333333332,4.0,1.0,Active
46ef8040-0d02-488f-b1bc-d4f4c9771f26,0.0,VERY LOW,APPROVE,45.733333333333334,1.0,1.0,Active
822d1875-b36b-4ef8-a316-658cb6ab56f8,0.0,VERY LOW,APPROVE,17.933333333333334,3.0,1.0,Active
b921b4ea-c56b-4891-9d56-fc5ee1dbf833,0.0,VERY LOW,APPROVE,23.833333333333332,0.0,0.5,Active
0b26b638-68de-4663-8dac-101e0611d245,0.0,VERY LOW,APPROVE,33.266666666666666,0.0,0.5,Active
d70b4db5-48a1-4030-b882-c4f9d7d9ddfa,0.0,VERY LOW,APPROVE,42.733333333333334,0.0,0.5,Active
e7e0596c-f3ee-47a6-a272-5e58fe445791,0.0,VERY LOW,APPROVE,40.666666666666664,0.0,0.5,Inactive
303938bd-6032-462a-905d-93334cd07c90,79.52,VERY HIGH,REJECT,41.333333333333336,1.0,0.0,Active
a1498a25-3401-4560-9a05-cfde030c719d,0.0,VERY LOW,APPROVE,63.46666666666667,0.0,0.5,Inactive
635cdda8-ad69-4cb0-8fb3-413e7450a3ec,0.0,VERY LOW,APPROVE,35.166666666666664,0.0,0.5,Inactive
c480047c-cce6-4127-8880-35eedff0bb83,0.0,VERY LOW,APPROVE,18.3,0.0,0.5,Active
d9abd286-e781-4a35-8851-970007fe1ff7,0.0,VERY LOW,APPROVE,66.7,0.0,0.5,Terminated
81a0a52a-11df-44b1-998f-2e1e033cdabf,58.75,HIGH,APPROVE WITH STRICT TERMS,73.9,2.0,0.5,Active
7230572a-7bea-40d2-a6d8-5a452bf76e26,89.99,VERY HIGH,REJECT,38.63333333333333,1.0,0.0,Active
c48d1493-c163-40b2-bef7-0b56a1d64def,0.0,VERY LOW,APPROVE,39.13333333333333,1.0,1.0,Active
06e26e38-8161-44cb-b094-d1e4529809c9,0.26,VERY LOW,APPROVE,70.5,0.0,0.5,Inactive
ca384b47-af61-4e06-a7d3-8774b2360a5e,0.0,VERY LOW,APPROVE,33.766666666666666,2.0,1.0,Active
b1d25e1e-b232-4609-9058-2fd0ad6b0fe6,0.0,VERY LOW,APPROVE,36.333333333333336,0.0,0.5,Active
6cfaba80-843c-4fc3-972e-c1c2b82f00a4,0.0,VERY LOW,APPROVE,29.6,2.0,1.0,Active
ad5076bb-da22-4c5e-bd3e-5b64214a8a9a,0.0,VERY LOW,APPROVE,41.3,1.0,1.0,Active
fe3e2489-dd9c-423c-b3d3-fb6eec2467a8,0.0,VERY LOW,APPROVE,18.266666666666666,0.0,0.5,Inactive
2b6f3f7e-4d62-42a0-9454-a5c5f2d016c9,79.89,VERY HIGH,REJECT,58.5,1.0,0.0,Active
c83bf3d8-4a4d-45a9-a2e5-45a0c1a4f148,0.0,VERY LOW,APPROVE,22.2,1.0,1.0,Active
cd031bcf-1b77-4f7a-a2fd-1b3ced2ff385,0.0,VERY LOW,APPROVE,37.0,0.0,0.5,Active
835f8404-c35a-4909-80f5-e03ace4faf4d,0.0,VERY LOW,APPROVE,53.56666666666667,1.0,1.0,Active
1331e472-605d-4d99-a374-e1d3946cc05e,0.0,VERY LOW,APPROVE,58.4,0.0,0.5,Inactive
d956afa2-ec38-47eb-bad2-b4464b72c12a,0.0,VERY LOW,APPROVE,41.53333333333333,1.0,1.0,Active
e262d683-2e1c-4777-bd42-2d3220de3fe5,0.0,VERY LOW,APPROVE,67.73333333333333,1.0,1.0,Active
9debc736-db95-42d0-a578-39dcb3c1063e,0.0,VERY LOW,APPROVE,47.4,0.0,0.5,Terminated
038daf33-02b9-40ee-abda-c501ba7a14f5,0.04,VERY LOW,APPROVE,39.93333333333333,1.0,1.0,Active
d3e1a7e4-8217-4d88-bc55-477292dc4303,0.0,VERY LOW,APPROVE,63.93333333333333,1.0,1.0,Active
ad28866d-a5e8-4532-ad40-d88818335103,0.0,VERY LOW,APPROVE,54.86666666666667,1.0,1.0,Active
dfec3a74-0e13-4977-94c0-9668916b9856,0.0,VERY LOW,APPROVE,39.666666666666664,1.0,1.0,Active
505cdf6b-2e21-4a6c-be84-e1c4178d9bdd,86.34,VERY HIGH,REJECT,74.56666666666666,1.0,0.0,Active
9a47d342-19cf-44eb-abb5-4242bc760635,79.11,VERY HIGH,REJECT,69.3,1.0,0.0,Active
6d59510b-8d18-48ff-aa6d-5382783af8a5,0.0,VERY LOW,APPROVE,45.266666666666666,0.0,0.5,Inactive
3975118a-a85c-4caa-82a6-ffcaeffe8c00,0.0,VERY LOW,APPROVE,76.63333333333334,0.0,0.5,Active
d72dac23-c4d5-40eb-b339-6308ea579439,0.0,VERY LOW,APPROVE,75.86666666666666,3.0,1.0,Active
aae21aa3-3abf-4bf8-8362-4c9bbc937a45,0.0,VERY LOW,APPROVE,60.333333333333336,3.0,1.0,Active
2db8b468-446b-40fa-b68e-1af787e9721a,0.43,VERY LOW,APPROVE,71.23333333333333,1.0,1.0,Active
11e67054-3d2a-4831-9a10-9815a205599a,79.65,VERY HIGH,REJECT,68.7,1.0,0.0,Active
5fb6edee-e0f0-431e-8728-14f31fa5d3ee,0.13,VERY LOW,APPROVE,26.566666666666666,1.0,1.0,Active
b079b329-5166-4aaa-939e-540a222f8e3c,91.1,VERY HIGH,REJECT,21.133333333333333,4.0,0.5,Active
8ef443ae-8c50-490d-b35f-39ad3e88c748,0.0,VERY LOW,APPROVE,36.766666666666666,0.0,0.5,Inactive
5e2a2953-9461-4022-9613-9a9bcd23ebe8,76.82,VERY HIGH,REJECT,40.733333333333334,1.0,0.0,Active
6e3d90b4-24ec-40c8-a1ed-1c575492dc36,0.0,VERY LOW,APPROVE,60.86666666666667,1.0,1.0,Active
38e166e7-7cf4-4bfe-9469-e2ac91f89b5a,0.0,VERY LOW,APPROVE,75.16666666666667,0.0,0.5,Active
1df8ad25-6893-4eb6-b094-7c4344b77f24,0.0,VERY LOW,APPROVE,32.36666666666667,0.0,0.5,Inactive
9dc71aaf-798f-4068-b2ca-d8778626c7c2,0.0,VERY LOW,APPROVE,70.16666666666667,0.0,0.5,Active
b49ef5b9-0b93-4d34-bbb7-a5ac7c012f16,69.63,HIGH,APPROVE WITH STRICT TERMS,69.46666666666667,1.0,0.0,Active
72879495-7a84-4eae-a463-a6ad21d452b0,0.0,VERY LOW,APPROVE,25.433333333333334,1.0,1.0,Active
bb4a748c-34fd-4150-ae9e-3ce7586d4a0d,0.0,VERY LOW,APPROVE,70.3,2.0,1.0,Active
78908a22-cfd0-4fa2-9e98-86f3db9df494,0.0,VERY LOW,APPROVE,67.13333333333334,1.0,1.0,Active
5af3524b-b541-4395-8c8c-58296922e4ed,0.0,VERY LOW,APPROVE,66.23333333333333,1.0,1.0,Active
96bd758c-0084-41a4-83fd-95e33046a1db,80.65,VERY HIGH,REJECT,63.36666666666667,2.0,0.5,Active
47e16e72-1665-4edf-a73a-ec85c5c594b5,95.73,VERY HIGH,REJECT,60.766666666666666,2.0,0.0,Active
64bd2b37-cf6c-4827-9529-152c26181a4d,0.0,VERY LOW,APPROVE,42.2,0.0,0.5,Active
24cce37a-08fe-4a59-8825-3253c9e3734f,1.09,VERY LOW,APPROVE,63.36666666666667,2.0,1.0,Active
921e6d1f-c714-4467-9bb6-0c1bf8c9c8a1,0.0,VERY LOW,APPROVE,49.166666666666664,0.0,0.5,Terminated
16bb1d54-3d7c-4543-b702-80bd4dcd42e5,0.0,VERY LOW,APPROVE,34.266666666666666,1.0,1.0,Active
8e9f059b-d4ec-43a4-8b7a-d6f8205a0cd9,92.87,VERY HIGH,REJECT,66.4,2.0,0.0,Active
39e21e78-b4fa-4f95-a018-24b3b8c1f07e,86.25,VERY HIGH,REJECT,76.26666666666667,4.0,0.75,Active
9b142868-afc4-4c71-8ff0-20529544bf89,0.0,VERY LOW,APPROVE,35.8,0.0,0.5,Inactive
e68465ae-6286-46c2-8310-63e86b10b87c,71.44,VERY HIGH,REJECT,18.3,1.0,0.0,Active
bbabf680-dc11-4617-aeb6-6268d8e13f2c,0.0,VERY LOW,APPROVE,58.2,0.0,0.5,Inactive
c94e4614-2f4f-451b-8134-3a6c0fb18dfe,0.0,VERY LOW,APPROVE,41.36666666666667,1.0,1.0,Active
264232a3-4851-4e1f-aec9-7e765f48f78d,0.0,VERY LOW,APPROVE,20.366666666666667,0.0,0.5,Active
b488fb6d-d505-4579-b707-d4c529657de0,0.0,VERY LOW,APPROVE,40.4,1.0,1.0,Active
ff919663-97a6-43b7-b150-d7251fc9fdf0,0.0,VERY LOW,APPROVE,19.033333333333335,1.0,1.0,Active
96641799-75d8-4b12-99fc-8ab52fd77d1a,0.0,VERY LOW,APPROVE,39.86666666666667,0.0,0.5,Inactive
4dc0e107-2b20-4e94-9996-eacfa6b676d1,94.57,VERY HIGH,REJECT,49.96666666666667,3.0,0.3333333333333333,Active
b8bfec8a-da7e-4fac-b852-07645087fc23,0.0,VERY LOW,APPROVE,28.3,1.0,1.0,Active
87cef90b-d08f-4b36-89a3-24544dad606c,0.0,VERY LOW,APPROVE,23.1,2.0,1.0,Active
aa87001b-71c5-4524-b3df-322120accce7,0.0,VERY LOW,APPROVE,21.433333333333334,0.0,0.5,Active
12e22781-ff5e-4ef8-ace6-d4ebf288232f,0.0,VERY LOW,APPROVE,74.6,0.0,0.5,Active
1be116bc-7a74-4ae7-9fcb-3fcb01a9f522,0.0,VERY LOW,APPROVE,58.266666666666666,0.0,0.5,Inactive
59589545-3d22-45ff-be47-942bbd3b45b8,92.42,VERY HIGH,REJECT,31.166666666666668,3.0,0.3333333333333333,Active
3b62236f-de73-4516-8292-17236129e2bd,90.55,VERY HIGH,REJECT,50.3,4.0,0.5,Active
3de5b4a6-1e4b-4672-afd0-a634282c9287,0.0,VERY LOW,APPROVE,28.266666666666666,1.0,1.0,Active
9b546478-a1f0-49c5-8fd9-1878e83ca8b1,0.0,VERY LOW,APPROVE,60.13333333333333,0.0,0.5,Inactive
b9adb277-9bf2-48c6-b776-3530c043681c,93.02,VERY HIGH,REJECT,31.466666666666665,1.0,0.0,Active
73384958-9a21-4b7e-9ef1-1a9c2cf2c99f,0.0,VERY LOW,APPROVE,42.8,0.0,0.5,Inactive
fa777980-f860-41d9-a7ef-5434ddb0d3f7,0.0,VERY LOW,APPROVE,48.2,1.0,1.0,Active
3b414c2d-03b0-4cab-8314-e3c684f03105,69.44,HIGH,APPROVE WITH STRICT TERMS,18.6,2.0,0.5,Active
494c7e9b-9d97-47d8-9233-9e7c8b03cc08,0.0,VERY LOW,APPROVE,23.266666666666666,0.0,0.5,Active
3ba9ada5-faec-4fe3-813a-0afc0ca50ce4,40.16,MEDIUM,APPROVE WITH CAUTION,19.8,1.0,0.0,Active
0fe788a1-9d6b-4b96-9f8e-c86805150ac2,0.0,VERY LOW,APPROVE,26.566666666666666,0.0,0.5,Terminated
2684dfe5-530f-4f34-9e32-f40aeafbfb39,0.0,VERY LOW,APPROVE,50.36666666666667,2.0,1.0,Active
bc7452f2-23e4-4afc-9ef0-b115d16a8038,89.11,VERY HIGH,REJECT,39.56666666666667,1.0,0.0,Active
7d00e305-79e7-4118-a760-1f2e633f26b6,0.0,VERY LOW,APPROVE,57.13333333333333,0.0,0.5,Active
5e2432c7-6313-41ad-97bd-9372f36b153b,0.0,VERY LOW,APPROVE,67.96666666666667,0.0,0.5,Active
28efac3b-e69b-447f-9c71-8cfba797ce2a,0.0,VERY LOW,APPROVE,23.5,2.0,1.0,Active
7cb80e7d-189f-4500-9860-acfe962db906,0.04,VERY LOW,APPROVE,58.06666666666667,1.0,1.0,Active
ad9cc646-b90d-4a2a-9254-bff403d4cb7d,0.0,VERY LOW,APPROVE,18.8,0.0,0.5,Active
00042ac6-39e8-46f6-83e6-bafdba5ffbe8,0.0,VERY LOW,APPROVE,21.5,0.0,0.5,Active
931ce702-77b4-46da-b747-11b8b1bb33f0,0.0,VERY LOW,APPROVE,58.56666666666667,0.0,0.5,Inactive
de7ddcfd-bb34-48e6-8efc-31157853c2f7,0.0,VERY LOW,APPROVE,68.2,0.0,0.5,Inactive
30fe0e9c-6df2-46cf-998b-a869c89f8863,0.0,VERY LOW,APPROVE,42.36666666666667,0.0,0.5,Inactive
14efd550-9f44-44a1-bc15-a9f25c8d1d03,80.32,VERY HIGH,REJECT,46.4,2.0,0.5,Active
13b3aec5-72e1-4b38-88f2-f8abb1c83885,0.0,VERY LOW,APPROVE,27.133333333333333,1.0,1.0,Active
bd3ef7f0-b820-44b7-a343-a51a335381e2,48.05,MEDIUM,APPROVE WITH CAUTION,69.26666666666667,2.0,0.5,Active
a8d94458-732f-4ea4-a6f1-f71ca64266b5,0.0,VERY LOW,APPROVE,47.06666666666667,1.0,1.0,Active
bf09dda0-28c0-4986-baa6-04b08f97c10c,0.0,VERY LOW,APPROVE,32.3,0.0,0.5,Terminated
6bd92c41-fa4f-4203-92a8-801e04a38ad4,0.0,VERY LOW,APPROVE,39.43333333333333,0.0,0.5,Terminated
38ce7f1c-f812-4f4c-b47c-9dcba2f7bcfe,0.0,VERY LOW,APPROVE,66.26666666666667,1.0,1.0,Active
05d4e433-7eba-414c-b8a8-9260c47692b1,0.0,VERY LOW,APPROVE,27.4,0.0,0.5,Inactive
a32fe2df-9771-4d03-bbdc-5663f4309fbf,87.32,VERY HIGH,REJECT,50.46666666666667,1.0,0.0,Active
bf73b20a-219d-48d1-898f-069dc8e54ac7,0.0,VERY LOW,APPROVE,69.0,0.0,0.5,Active
158030e8-7c6e-44a5-a2a5-8968a6175806,69.0,HIGH,APPROVE WITH STRICT TERMS,40.56666666666667,2.0,0.5,Active
f2a254f0-f663-44e8-bc2f-a9d7562aa409,70.02,VERY HIGH,REJECT,56.56666666666667,1.0,0.0,Active
0c5e11f4-c6b6-4f5e-9764-afc3140d0da6,0.0,VERY LOW,APPROVE,56.46666666666667,0.0,0.5,Terminated
abb8f718-c31d-45d4-bb44-5b21fe6a7ba5,0.04,VERY LOW,APPROVE,47.6,1.0,1.0,Active
47ccce66-5ef7-4a0f-ada1-c4b745c765a3,68.14,HIGH,APPROVE WITH STRICT TERMS,64.5,1.0,0.0,Active
5f41c333-77f1-4df0-aecb-c0732994eb03,68.2,HIGH,APPROVE WITH STRICT TERMS,52.766666666666666,3.0,0.6666666666666666,Active
7f5433d7-2db2-414e-8dd9-df091de80045,0.04,VERY LOW,APPROVE,16.766666666666666,1.0,1.0,Active
731b9e27-256c-4a4c-9a53-9cbb6c05eac4,0.12,VERY LOW,APPROVE,54.56666666666667,1.0,1.0,Active
9dd2d519-e1f6-4113-8772-03241bf3a7c5,0.05,VERY LOW,APPROVE,31.566666666666666,1.0,1.0,Active
0d2d42db-cd7b-4513-a9a7-0261c4b058b4,0.0,VERY LOW,APPROVE,62.1,0.0,0.5,Inactive
6431659e-30c9-4a6f-bc17-0a46650fd108,86.34,VERY HIGH,REJECT,19.9,1.0,0.0,Active
167913bc-81ad-4a78-a5fb-5b5095be05db,50.82,HIGH,APPROVE WITH STRICT TERMS,32.2,1.0,0.0,Active
0405b98f-eb37-4521-a9ac-ae27ae75d314,0.0,VERY LOW,APPROVE,41.733333333333334,0.0,0.5,Terminated
0136cb41-ba02-4394-8a8a-e06be3be4bdb,0.0,VERY LOW,APPROVE,68.86666666666666,3.0,1.0,Active
cd23d660-f526-484e-8f4a-87de048c0cc1,0.0,VERY LOW,APPROVE,50.46666666666667,1.0,1.0,Active
69fde8f5-aa8f-4814-9e5b-60e8d3d0b210,0.0,VERY LOW,APPROVE,28.266666666666666,1.0,1.0,Active
77314c8b-975c-4011-8c38-6ed95b987ccf,72.49,VERY HIGH,REJECT,35.43333333333333,1.0,0.0,Active
2f1d2694-d135-4175-b9d0-ed138508392f,0.0,VERY LOW,APPROVE,73.1,0.0,0.5,Active
3c24e194-3b50-410f-bb62-ae3d7965f28f,0.0,VERY LOW,APPROVE,29.1,1.0,1.0,Active
843af0b3-abf6-4d07-9592-bf2ccc46d819,0.04,VERY LOW,APPROVE,19.4,1.0,1.0,Active
2a4321aa-c791-43e0-b58f-06e9241c3356,61.52,HIGH,APPROVE WITH STRICT TERMS,74.1,1.0,0.0,Active
7da219ba-0a10-4a52-b7da-14a5ef434d02,0.0,VERY LOW,APPROVE,59.333333333333336,1.0,1.0,Active
e1db533e-85ac-4fd4-8604-2a58b6c3c2cd,84.51,VERY HIGH,REJECT,76.63333333333334,2.0,0.5,Active
1cebc8ea-dbc6-4fde-9639-9aa538dec45d,98.31,VERY HIGH,REJECT,47.36666666666667,2.0,0.0,Active
5cba3a25-8eee-43d6-acb1-60ff34a39142,0.0,VERY LOW,APPROVE,39.2,0.0,0.5,Active
db34a3b9-4577-4dab-9291-5fda21c21caf,83.11,VERY HIGH,REJECT,55.86666666666667,2.0,0.5,Active
01d6bc66-ab64-45b5-ba37-2b6cc4cd209f,0.0,VERY LOW,APPROVE,47.3,2.0,1.0,Active
94a9d2c3-5f24-43ca-b8f7-41b203feba58,76.3,VERY HIGH,REJECT,69.7,1.0,0.0,Active
95849c90-7497-43a5-bbd8-cb0af22dcf81,55.42,HIGH,APPROVE WITH STRICT TERMS,21.8,2.0,0.5,Active
2d2f77a9-0360-490f-aeb1-72f2a36ad38a,72.57,VERY HIGH,REJECT,17.8,1.0,0.0,Active
8990469e-59ce-45e6-8e0d-45de9e00bf1f,0.0,VERY LOW,APPROVE,75.46666666666667,1.0,1.0,Active
6d3e7c9a-c3a0-4c4b-88ad-fe00848bc461,0.0,VERY LOW,APPROVE,49.1,0.0,0.5,Inactive
a0e20f7f-a9bf-449c-8e20-518205155bdd,0.0,VERY LOW,APPROVE,75.53333333333333,1.0,1.0,Active
234fc20e-8da7-4501-bf9c-b8944c4e7486,47.28,MEDIUM,APPROVE WITH CAUTION,64.83333333333333,2.0,0.5,Active
6c15822f-ccd1-4fc7-98e7-1add3ad44f9f,0.0,VERY LOW,APPROVE,58.96666666666667,0.0,0.5,Inactive
315f3600-a84e-47fe-a788-9eea3a82b4c0,0.0,VERY LOW,APPROVE,43.2,0.0,0.5,Inactive
5aed93f5-fc2b-4ada-aa33-beae426d3190,0.0,VERY LOW,APPROVE,39.333333333333336,0.0,0.5,Active
178c6b22-1113-47be-8ff3-e3edd10aad7b,0.95,VERY LOW,APPROVE,50.266666666666666,4.0,1.0,Active
f9793a9d-9f77-43c5-965e-0314ddd5c247,88.56,VERY HIGH,REJECT,30.966666666666665,1.0,0.0,Active
fb5160d5-664d-4234-9753-eeecc4540ca2,0.37,VERY LOW,APPROVE,19.733333333333334,2.0,1.0,Active
e9ee658d-2346-4da1-886b-6495ba462b38,0.0,VERY LOW,APPROVE,68.93333333333334,0.0,0.5,Active
c46fb43b-cb62-4268-a03d-1212185d5dd4,0.0,VERY LOW,APPROVE,31.466666666666665,0.0,0.5,Inactive
678ff8b5-d290-410c-9937-44486be808ce,0.0,VERY LOW,APPROVE,37.06666666666667,2.0,1.0,Active
4cc3ea2d-c7f0-462f-aa73-17f6436b2127,0.0,VERY LOW,APPROVE,36.36666666666667,1.0,1.0,Active
211c78c9-dc42-4c67-903c-ba3a2fbfac1c,0.0,VERY LOW,APPROVE,40.0,1.0,1.0,Active
f0cb36d6-3e9c-442a-953a-72f5aa64e2b0,96.7,VERY HIGH,REJECT,73.36666666666666,2.0,0.0,Active
2fc141ed-dcc5-4edd-8b69-188dcc23716c,0.0,VERY LOW,APPROVE,43.06666666666667,0.0,0.5,Active
580b2f8b-f8a1-4169-bc97-28cdda01684c,92.18,VERY HIGH,REJECT,45.733333333333334,1.0,0.0,Active
d962dd7f-f71a-4b69-89bb-cf019df3c782,0.0,VERY LOW,APPROVE,21.166666666666668,0.0,0.5,Inactive
3e47f643-62bc-4636-8c90-0843c10f4b7b,0.0,VERY LOW,APPROVE,46.9,1.0,1.0,Active
13724ba1-7b7f-4881-8745-6896e5cc2a72,0.0,VERY LOW,APPROVE,72.5,1.0,1.0,Active
5097883a-3f31-4623-9898-74cb4a223f61,0.0,VERY LOW,APPROVE,71.3,1.0,1.0,Active
69f1ab11-f69a-449e-a91c-0b599438f661,0.0,VERY LOW,APPROVE,61.266666666666666,0.0,0.5,Active
86f4ebb9-a453-456d-bf67-68c5638f5948,0.05,VERY LOW,APPROVE,26.033333333333335,1.0,1.0,Active
86695ec6-c0f2-4b93-b001-8a0d4372bde6,0.0,VERY LOW,APPROVE,77.23333333333333,0.0,0.5,Inactive
88648ff3-2568-4d90-8599-ab9b8ea2c5a7,0.0,VERY LOW,APPROVE,61.53333333333333,2.0,1.0,Active
9de42699-fb15-46c2-ac4a-06831d741b0b,0.0,VERY LOW,APPROVE,19.1,1.0,1.0,Active
1fa605a7-0025-48c2-94bc-ee624cd45d33,0.0,VERY LOW,APPROVE,21.8,0.0,0.5,Active
87274d6d-3ef7-4e3f-9b6e-496b3bc45663,0.0,VERY LOW,APPROVE,73.73333333333333,0.0,0.5,Inactive
ebce6302-a0e8-4a0c-9c0b-0278ae42e03b,0.0,VERY LOW,APPROVE,47.333333333333336,0.0,0.5,Active
fbcbff16-5f16-4103-90db-10b75f0f3bc1,65.87,HIGH,APPROVE WITH STRICT TERMS,72.93333333333334,2.0,0.5,Active
1e65c7ac-a268-4018-b25f-7357392c9c8a,0.0,VERY LOW,APPROVE,34.833333333333336,1.0,1.0,Active
66b779b7-b71e-4dc7-97ed-e40901c3a234,0.0,VERY LOW,APPROVE,23.3,2.0,1.0,Active
545db3eb-0e60-4821-b627-c7e713dfd663,0.05,VERY LOW,APPROVE,22.033333333333335,1.0,1.0,Active
5a9c13d5-dfa2-4fd4-9a80-52c5eb1dee37,0.0,VERY LOW,APPROVE,45.7,1.0,1.0,Active
54f140d1-e1cb-4259-996b-070412ad26af,0.0,VERY LOW,APPROVE,62.833333333333336,0.0,0.5,Inactive
6b60d98d-9d0d-4ccd-9ac6-bc90ed160810,0.0,VERY LOW,APPROVE,63.46666666666667,1.0,1.0,Active
a5bd8187-6eee-450f-a628-d594a8fd2274,0.0,VERY LOW,APPROVE,31.766666666666666,0.0,0.5,Inactive
83a76cbd-94f7-46e7-ad26-f4368a83a336,0.0,VERY LOW,APPROVE,69.63333333333334,0.0,0.5,Inactive
43efa522-be1e-4dc2-8184-afe2ba93f441,0.13,VERY LOW,APPROVE,26.4,1.0,1.0,Active
7d8c4b06-75ba-4fe3-8132-a94a19647a25,85.25,VERY HIGH,REJECT,39.63333333333333,3.0,0.6666666666666666,Active
3bc21f41-6d00-4288-96f4-52b21a01c7cd,95.48,VERY HIGH,REJECT,46.7,2.0,0.0,Active
198a6a1a-5d6c-4d6f-8d10-80a065c7c40e,0.05,VERY LOW,APPROVE,28.466666666666665,1.0,1.0,Active
bb41ce29-dea8-4f69-a8dd-bd55af24d5a2,0.0,VERY LOW,APPROVE,70.96666666666667,0.0,0.5,Active
0c70a024-b3f0-4bf2-893d-413540867e57,62.08,HIGH,APPROVE WITH STRICT TERMS,28.566666666666666,1.0,0.0,Active
7a42eca2-2cdf-4a9d-82f3-0e159d91a07b,0.04,VERY LOW,APPROVE,27.833333333333332,1.0,1.0,Active
b62da3cd-d9a4-4cb4-8b1d-c912f8158a4c,70.3,VERY HIGH,REJECT,47.43333333333333,2.0,0.5,Active
c116fa61-d33f-4414-a2fd-36bd9fc90e3b,86.14,VERY HIGH,REJECT,32.56666666666667,1.0,0.0,Active
86cdc773-2cf7-41c4-84bc-0e55655e0679,0.0,VERY LOW,APPROVE,56.8,0.0,0.5,Inactive
2935e6a0-18ff-4e4a-9437-8f5ee5c74ba4,0.0,VERY LOW,APPROVE,65.8,0.0,0.5,Active
18fdd80f-3c6f-4fbc-9355-7317ee5bd416,96.89,VERY HIGH,REJECT,41.2,3.0,0.3333333333333333,Active
70f59d67-a172-466f-87e0-f985a6ac55ac,71.37,VERY HIGH,REJECT,62.46666666666667,4.0,0.75,Active
857a667d-12ad-465c-91cf-08f97a3c5ff4,54.86,HIGH,APPROVE WITH STRICT TERMS,36.9,1.0,0.0,Active
e124f54a-d973-4903-a4d7-93805b9088fe,2.04,VERY LOW,APPROVE,76.03333333333333,1.0,1.0,Active
73916cca-71ff-47fc-a75c-80f55df77ffa,0.0,VERY LOW,APPROVE,74.03333333333333,0.0,0.5,Active
230ef5ab-f31c-4e80-bfe6-721adab2974c,0.0,VERY LOW,APPROVE,62.333333333333336,2.0,1.0,Active
61485dde-93cd-4f7b-90af-642e48333bd4,0.0,VERY LOW,APPROVE,53.266666666666666,3.0,1.0,Active
47f38326-10e5-443f-ae32-33c36b376c45,0.0,VERY LOW,APPROVE,42.733333333333334,3.0,1.0,Active
cb8a1976-9b03-4db4-aea0-f88b62a1271d,0.0,VERY LOW,APPROVE,72.5,0.0,0.5,Inactive
46b51151-9aec-494d-90ed-36b8e20247f4,96.06,VERY HIGH,REJECT,50.5,2.0,0.0,Active
6a2f1516-cf97-41ff-80ba-ef96e3d478ab,0.0,VERY LOW,APPROVE,47.666666666666664,2.0,1.0,Active
07c089f8-8641-435f-849c-182a4af25e48,0.0,VERY LOW,APPROVE,64.66666666666667,0.0,0.5,Inactive
d1509de6-6ea2-420e-aaf6-400750049540,0.0,VERY LOW,APPROVE,31.133333333333333,1.0,1.0,Active
b8ee92d8-6c69-4f6d-bea6-0f78230698d8,0.0,VERY LOW,APPROVE,66.83333333333333,1.0,1.0,Active
012e6261-02a4-42e9-b764-80d54722282a,0.0,VERY LOW,APPROVE,61.8,0.0,0.5,Active
eff68617-f488-47b5-bf56-778de9e90dc7,37.34,MEDIUM,APPROVE WITH CAUTION,74.1,2.0,0.5,Active
70144f06-e5fd-478d-b557-2a67d884f598,0.04,VERY LOW,APPROVE,43.333333333333336,1.0,1.0,Active
035fcf77-c717-4652-bb52-faf0b69b2a69,93.39,VERY HIGH,REJECT,40.36666666666667,4.0,0.25,Active
a94d10b5-1171-4b2b-a4fc-52a74969ca28,0.43,VERY LOW,APPROVE,41.13333333333333,1.0,1.0,Active
890ef585-fc12-4a56-a4f9-bbd57d4b3b6f,0.0,VERY LOW,APPROVE,43.43333333333333,0.0,0.5,Terminated
128878c0-70a4-41f5-bae0-b042b9e97b74,0.0,VERY LOW,APPROVE,65.73333333333333,1.0,1.0,Active
3831f444-b42c-4b38-a615-09473eb64b41,0.0,VERY LOW,APPROVE,28.133333333333333,3.0,1.0,Active
e79331f9-9e26-486d-83b2-6296b10e1b1b,92.03,VERY HIGH,REJECT,21.666666666666668,3.0,0.3333333333333333,Active
7a997251-f1c7-4f04-b58b-dd3d953140f9,0.0,VERY LOW,APPROVE,64.2,0.0,0.5,Active
d57f0c81-37e6-4252-b23f-b54a683e0daa,0.0,VERY LOW,APPROVE,71.4,2.0,1.0,Active
d7ef9f6e-e2ec-4177-814b-a46c879a24d1,0.0,VERY LOW,APPROVE,41.56666666666667,0.0,0.5,Active
da7f662a-50e2-427c-b4a3-4bfab8f99bdc,38.27,MEDIUM,APPROVE WITH CAUTION,38.13333333333333,2.0,0.5,Active
bd1689d5-2a18-4f4d-8179-15c1b168d5a3,0.27,VERY LOW,APPROVE,27.666666666666668,0.0,0.5,Inactive
813be66f-6619-45d3-b85e-7f165ca9a6a6,39.89,MEDIUM,APPROVE WITH CAUTION,44.7,2.0,0.5,Active
248116f1-afcc-4942-ab6c-54e708ba56f9,89.93,VERY HIGH,REJECT,41.833333333333336,1.0,0.0,Active
3841c78f-24d0-4835-bd96-d88f8e40374a,69.38,HIGH,APPROVE WITH STRICT TERMS,66.03333333333333,1.0,0.0,Active
ef4f31a8-f927-4122-a816-597ac3f6e2d2,0.0,VERY LOW,APPROVE,61.6,0.0,0.5,Inactive
2b072469-825e-452b-8c04-1c731637eacd,0.0,VERY LOW,APPROVE,21.9,0.0,0.5,Inactive
01515b72-c8f8-47c8-a235-f3c0bfd11c11,0.0,VERY LOW,APPROVE,75.53333333333333,0.0,0.5,Inactive
212f9168-67f4-4e79-98fb-f5e9e0c8c92a,0.0,VERY LOW,APPROVE,17.366666666666667,1.0,1.0,Active
6f3df730-ba2a-421a-bf1a-89f9fa23683c,0.0,VERY LOW,APPROVE,32.63333333333333,0.0,0.5,Terminated
4fd52918-58c8-4068-92e6-88c28467c32c,0.0,VERY LOW,APPROVE,18.333333333333332,2.0,1.0,Active
b5b0e451-441c-407c-b111-77c4380ab6e4,0.0,VERY LOW,APPROVE,21.533333333333335,0.0,0.5,Active
0f23cbee-0a17-4393-a078-def163267ae6,0.0,VERY LOW,APPROVE,71.03333333333333,0.0,0.5,Inactive
4c4e7741-5b5b-4821-971a-813c08a46fb9,0.0,VERY LOW,APPROVE,67.96666666666667,3.0,1.0,Active
05fe81b3-32dd-4221-a0ca-254f2ad88779,0.0,VERY LOW,APPROVE,21.166666666666668,0.0,0.5,Active
70484c18-4d90-47e3-829d-d3593f2fe161,0.0,VERY LOW,APPROVE,41.53333333333333,2.0,1.0,Active
71df7cb1-16c6-43a1-b078-0350524e3ddf,66.14,HIGH,APPROVE WITH STRICT TERMS,23.066666666666666,3.0,0.6666666666666666,Active
6b01effe-d960-432f-8f78-46c82bec008c,42.89,MEDIUM,APPROVE WITH CAUTION,67.3,2.0,0.5,Active
2e86cbfb-5702-4e5b-82c5-f3f7857013f5,81.76,VERY HIGH,REJECT,34.13333333333333,1.0,0.0,Active
0a8f0c1b-c30f-4b7f-9eef-7fd55cc5baba,0.0,VERY LOW,APPROVE,57.9,1.0,1.0,Active
ce09949d-07d3-4405-b0a6-95eb4f719418,0.0,VERY LOW,APPROVE,25.766666666666666,0.0,0.5,Inactive
beb03ea5-e5d2-47fb-a591-fd36bec7f141,57.31,HIGH,APPROVE WITH STRICT TERMS,73.73333333333333,1.0,0.0,Active
e4a64e3c-8abf-4738-95b4-ad6c29fbdc50,0.0,VERY LOW,APPROVE,21.633333333333333,0.0,0.5,Terminated
e2fd5d24-cc10-4a2e-a94e-83dd8313d2c9,0.0,VERY LOW,APPROVE,46.8,0.0,0.5,Inactive
e2f0eea5-0d3f-464b-8f16-73e7a4a00ec1,0.27,VERY LOW,APPROVE,67.16666666666667,1.0,1.0,Active
26ea3ab0-bf8b-4e25-84b9-fa09c1932d8c,0.0,VERY LOW,APPROVE,67.46666666666667,0.0,0.5,Active
6ab2b689-8d3b-4d63-8948-87c2a8041207,0.0,VERY LOW,APPROVE,46.7,2.0,1.0,Active
8b7557ee-5fd0-441a-82c4-2345ccf49c4c,29.95,LOW,APPROVE,74.8,1.0,0.0,Active
4efc7377-664c-4f49-a6f4-72f58e017f12,81.08,VERY HIGH,REJECT,45.266666666666666,2.0,0.5,Active
8fc1301a-a512-4c25-9842-b200ee573490,0.0,VERY LOW,APPROVE,59.36666666666667,3.0,1.0,Active
3ec02237-0d75-40c4-81fb-a8bd78380615,0.0,VERY LOW,APPROVE,30.2,0.0,0.5,Active
a7f5e643-5b99-4db8-b4df-e0678fde7ca0,0.0,VERY LOW,APPROVE,56.9,0.0,0.5,Inactive
484a46f2-ebd2-4b91-a038-8ff64af5ba05,0.0,VERY LOW,APPROVE,30.8,0.0,0.5,Active
d4ab51f4-fa20-43b6-bd6e-59238151c547,0.0,VERY LOW,APPROVE,43.333333333333336,0.0,0.5,Inactive
39cb806d-4b13-42e6-b864-242712b475b6,0.39,VERY LOW,APPROVE,57.3,4.0,1.0,Active
2969d438-2297-471b-a5d7-54525d6edd17,0.0,VERY LOW,APPROVE,67.93333333333334,1.0,1.0,Active
a7a79c0d-2f5a-4d54-af7b-cff3e0d2d342,53.92,HIGH,APPROVE WITH STRICT TERMS,29.733333333333334,1.0,0.0,Active
af12d83f-8c47-46da-8de5-c7e926a5dc8c,0.0,VERY LOW,APPROVE,56.3,1.0,1.0,Active
49d5f29e-f03f-4855-9380-37985ff4f619,39.51,MEDIUM,APPROVE WITH CAUTION,48.9,2.0,0.5,Active
87079ede-60ac-44aa-acf5-90aaa274eb6e,0.0,VERY LOW,APPROVE,60.13333333333333,1.0,1.0,Active
125a326a-f4ea-4ed5-9943-bd913ad302a5,0.0,VERY LOW,APPROVE,20.733333333333334,1.0,1.0,Active
760126c0-1fd6-450b-b022-8fde93b84947,95.56,VERY HIGH,REJECT,62.53333333333333,4.0,0.5,Active
597fd4b0-c760-4043-b1a2-923103a984bf,0.0,VERY LOW,APPROVE,39.63333333333333,0.0,0.5,Active
7fef5c01-60b8-4dc7-9824-3f5fe9586820,0.0,VERY LOW,APPROVE,70.8,0.0,0.5,Terminated
ea54da55-6c08-481b-a3e4-3b2adc83e0d8,0.0,VERY LOW,APPROVE,54.96666666666667,0.0,0.5,Inactive
31637c17-7165-47f9-806b-54d4d6a2dff6,0.0,VERY LOW,APPROVE,59.6,0.0,0.5,Terminated
e6409282-98ac-4fd6-8ae2-e84ce041e692,38.78,MEDIUM,APPROVE WITH CAUTION,70.4,3.0,0.6666666666666666,Active
72aabfe3-b9f4-4720-a2b4-229490ea6d0d,0.0,VERY LOW,APPROVE,32.96666666666667,2.0,1.0,Active
f27a41ff-1a12-4538-8960-03595b72eccc,0.65,VERY LOW,APPROVE,38.233333333333334,4.0,1.0,Active
ec6ba34b-d7fa-440e-9209-b8436f703ba6,0.0,VERY LOW,APPROVE,32.43333333333333,0.0,0.5,Active
35418bad-5584-4cee-848f-bd0e602bb60e,0.0,VERY LOW,APPROVE,55.1,0.0,0.5,Active
1774e413-57a0-43c6-83d9-2275dd9bfe81,0.0,VERY LOW,APPROVE,28.7,0.0,0.5,Active
c9e73b05-70af-4b7c-a3af-6850c3229420,92.34,VERY HIGH,REJECT,52.86666666666667,4.0,0.75,Active
386c1075-5610-4893-8501-c8fb57864f3a,0.04,VERY LOW,APPROVE,27.033333333333335,1.0,1.0,Active
73a1b9a6-c5e7-4358-be30-fdb75155a50e,0.0,VERY LOW,APPROVE,22.9,1.0,1.0,Active
579a99b0-3b9e-466e-84bf-65ebf2f459f6,0.0,VERY LOW,APPROVE,61.7,0.0,0.5,Active
7a570aac-caef-47bf-a28a-419ce948e490,0.04,VERY LOW,APPROVE,33.8,1.0,1.0,Active
2383c8e7-db1a-4eb4-aacb-b9c1dfe0e675,0.0,VERY LOW,APPROVE,62.2,0.0,0.5,Active
f569280c-513c-4f61-97d3-a134287d134a,0.0,VERY LOW,APPROVE,36.6,1.0,1.0,Active
00b6f189-99e9-4f81-bc20-77ae55b6cc27,71.56,VERY HIGH,REJECT,71.93333333333334,2.0,0.5,Active
849d1ecd-3efc-4a6e-a2b0-f9e0379ab1f1,0.0,VERY LOW,APPROVE,62.06666666666667,0.0,0.5,Inactive
6ec77278-da61-4924-ba98-6907cec4fe74,0.0,VERY LOW,APPROVE,49.0,1.0,1.0,Active
522e052d-bebe-4bd8-8c21-aa032df51d34,0.0,VERY LOW,APPROVE,24.033333333333335,0.0,0.5,Active
8bd7a7b2-181f-4509-82e3-5759229c27e8,0.04,VERY LOW,APPROVE,24.833333333333332,1.0,1.0,Active
90557fc0-389c-4fde-ada7-4ec450e35dbd,0.0,VERY LOW,APPROVE,41.0,0.0,0.5,Inactive
e597c9ce-3bc7-42e0-921b-b3dd5777447b,0.0,VERY LOW,APPROVE,26.766666666666666,0.0,0.5,Inactive
7237e32d-a464-4560-a317-853d2cbe24b8,0.0,VERY LOW,APPROVE,72.83333333333333,0.0,0.5,Active
fe8c9663-1d96-4c2d-a7ed-5be2d1ed874f,0.0,VERY LOW,APPROVE,27.866666666666667,0.0,0.5,Terminated
662fa376-9831-427c-931c-77b2b377e5d5,0.0,VERY LOW,APPROVE,19.0,0.0,0.5,Active
ea15e4bc-dbbc-4f03-b1eb-44ec7bd5ab70,0.43,VERY LOW,APPROVE,30.9,1.0,1.0,Active
9d7d7696-bd53-4854-bb5c-60a8fa3105d0,34.79,MEDIUM,APPROVE WITH CAUTION,34.266666666666666,4.0,0.75,Active
ca685001-e712-459f-a806-8734db0b4f8b,0.0,VERY LOW,APPROVE,24.833333333333332,2.0,1.0,Active
dbd7b2e6-5baa-4ad5-9228-8d8d3414ddd4,0.0,VERY LOW,APPROVE,37.56666666666667,1.0,1.0,Active
4a3e56e8-b785-4f13-9848-704b6786f9c4,0.0,VERY LOW,APPROVE,28.533333333333335,0.0,0.5,Active
d8e21250-cee8-44bf-91ce-f3a7a64c079a,0.0,VERY LOW,APPROVE,44.9,2.0,1.0,Active
d9358a5c-3d22-4996-9302-bfd72f05bab7,0.0,VERY LOW,APPROVE,26.8,0.0,0.5,Inactive
288d22ab-78af-4c10-8aab-b6fa2b7448f4,94.55,VERY HIGH,REJECT,51.63333333333333,4.0,0.5,Active
f3eef90c-1d68-4ed6-85ae-8bee7900dc3f,89.63,VERY HIGH,REJECT,40.666666666666664,1.0,0.0,Active
98c9f2b6-09e3-4c01-9eb3-7c611dab49bf,0.0,VERY LOW,APPROVE,36.666666666666664,1.0,1.0,Active
57988b8f-8612-4603-b1b6-ae7bb57db6d9,0.0,VERY LOW,APPROVE,47.7,2.0,1.0,Active
5284b4c9-78fa-402f-91cf-23d82ec6600a,0.43,VERY LOW,APPROVE,67.4,1.0,1.0,Active
a386b2cb-1735-4313-87ee-9f6fb041b62c,27.78,LOW,APPROVE,60.0,1.0,0.0,Active
85fb3bf2-1ad8-48f3-bfd4-04335ff10578,0.0,VERY LOW,APPROVE,26.8,0.0,0.5,Terminated
ac3c5837-56f0-42c2-aa04-a4ddded2e636,78.69,VERY HIGH,REJECT,59.0,1.0,0.0,Active
d6a29854-33fa-41a3-9dfb-da2406c81fed,0.0,VERY LOW,APPROVE,32.9,1.0,1.0,Active
2d6a7acd-d41a-44a5-b719-9e23aa0e607e,0.0,VERY LOW,APPROVE,74.86666666666666,0.0,0.5,Terminated
f0c0e49b-f95c-4a14-8d1a-427c46b5c60b,0.0,VERY LOW,APPROVE,17.3,0.0,0.5,Active
9978a5a0-6ede-4dab-9ce9-11611268db8c,0.0,VERY LOW,APPROVE,26.7,1.0,1.0,Active
39c8d50c-7193-4bb8-96e3-1b68782c2ba7,0.0,VERY LOW,APPROVE,74.6,0.0,0.5,Inactive
81aaad02-5b82-4baf-b96a-b45d525bfc05,0.0,VERY LOW,APPROVE,26.933333333333334,0.0,0.5,Active
004401f9-6cb3-4444-b7f9-4a57688befdb,0.0,VERY LOW,APPROVE,50.666666666666664,2.0,1.0,Active
92e35cce-65e8-4318-9519-e2aac18ed707,0.04,VERY LOW,APPROVE,45.833333333333336,1.0,1.0,Active
df2f5d37-d914-4340-9f5c-ff8251fbe0e9,97.01,VERY HIGH,REJECT,45.6,2.0,0.0,Active
73434911-e78c-4849-85e9-c3a776f6e652,0.0,VERY LOW,APPROVE,42.03333333333333,2.0,1.0,Active
a9476ed6-8147-4de1-af73-30295074ca2f,75.49,VERY HIGH,REJECT,67.26666666666667,2.0,0.5,Active
430e9f43-7cae-491c-955d-039cbd2c101e,0.0,VERY LOW,APPROVE,50.36666666666667,1.0,1.0,Active
39858e6c-2cb4-4870-8ebb-c09828b2c39b,86.39,VERY HIGH,REJECT,30.866666666666667,1.0,0.0,Active
8c329da4-1d82-496b-9f76-bc2af3420d53,0.0,VERY LOW,APPROVE,38.233333333333334,0.0,0.5,Inactive
7658e423-e961-4490-a96d-e76c2f676f32,0.0,VERY LOW,APPROVE,18.7,1.0,1.0,Active
17ca7e9c-fbcc-4741-a8f4-3f2d2380c777,0.0,VERY LOW,APPROVE,62.43333333333333,1.0,1.0,Active
cabf5e73-ca15-49b2-a7df-6f0c98ee395b,0.0,VERY LOW,APPROVE,45.43333333333333,0.0,0.5,Inactive
310afaa8-64a2-4bee-a002-e1667e631e3e,0.0,VERY LOW,APPROVE,38.63333333333333,0.0,0.5,Active
636a2537-6ee8-4fa9-8e18-3cbf34b65c29,0.0,VERY LOW,APPROVE,36.2,0.0,0.5,Active
90d73f3c-cc75-41e0-a27f-99be35d45991,0.0,VERY LOW,APPROVE,37.166666666666664,0.0,0.5,Inactive
f2f13a8c-c7b6-4413-aca5-a15905d8fc02,0.0,VERY LOW,APPROVE,28.166666666666668,0.0,0.5,Terminated
d46d64b9-fb1c-4d50-b9a0-94814ace1657,59.71,HIGH,APPROVE WITH STRICT TERMS,51.233333333333334,1.0,0.0,Active
94b98621-e07e-4aa5-b915-e92c71807e74,82.27,VERY HIGH,REJECT,40.333333333333336,4.0,0.75,Active
bf0e866b-e6fe-470f-865c-0301f5c547b9,0.04,VERY LOW,APPROVE,44.2,1.0,1.0,Active
5a900ff6-327c-4c93-b046-fa14edb79db0,0.0,VERY LOW,APPROVE,20.7,0.0,0.5,Terminated
e3a91d43-b858-4bba-8535-704fdbd6dc5a,69.96,HIGH,APPROVE WITH STRICT TERMS,21.0,1.0,0.0,Active
6250a6cf-1368-462b-a594-278d69c2d185,0.34,VERY LOW,APPROVE,74.03333333333333,2.0,1.0,Active
3ec0a70e-dea4-432a-bfbe-3a0e2d6f4505,0.0,VERY LOW,APPROVE,33.266666666666666,1.0,1.0,Active
2c7811bb-19a6-43d2-8855-1dd445cd003d,0.0,VERY LOW,APPROVE,75.73333333333333,3.0,1.0,Active
bbe2a542-dbb0-43e2-b23d-f5634a2a8d88,0.04,VERY LOW,APPROVE,33.13333333333333,1.0,1.0,Active
2c6d5abf-0581-450f-b1b8-892d245c3340,0.0,VERY LOW,APPROVE,18.333333333333332,0.0,0.5,Terminated
26614de5-95b4-4769-b920-bf88f59f2f9a,0.0,VERY LOW,APPROVE,50.666666666666664,1.0,1.0,Active
4146b453-8350-4e1c-a773-9389e61cccea,74.66,VERY HIGH,REJECT,31.7,2.0,0.5,Active
5218a00e-a0f5-4ffe-a5aa-4d3399fb93d6,0.0,VERY LOW,APPROVE,73.36666666666666,0.0,0.5,Active
56e6122b-9d02-4437-8d36-cec38b392c42,0.0,VERY LOW,APPROVE,39.3,1.0,1.0,Active
37fd7ad0-56d3-4b03-bed7-2ef3bcb25973,48.76,MEDIUM,APPROVE WITH CAUTION,76.03333333333333,1.0,0.0,Active
738f17ea-4b93-45bb-b585-fd5e13484b77,69.97,HIGH,APPROVE WITH STRICT TERMS,47.36666666666667,1.0,0.0,Active
07bedd85-7a71-4be3-9357-25ac78dd7d68,0.0,VERY LOW,APPROVE,52.233333333333334,1.0,1.0,Active
a17acac3-9337-4322-a10b-469ecb67e8ac,77.43,VERY HIGH,REJECT,39.8,2.0,0.5,Active
87b543b6-c1bd-42f7-9e59-565ffb979e6d,78.32,VERY HIGH,REJECT,73.63333333333334,3.0,0.6666666666666666,Active
551f164a-7c6b-4ca4-8f34-ffd75bcb5d0a,0.0,VERY LOW,APPROVE,57.63333333333333,2.0,1.0,Active
bf39be17-9410-40f5-86c7-cfb15c78ec91,0.0,VERY LOW,APPROVE,66.16666666666667,1.0,1.0,Active
ca804d6f-a196-43ab-a9ee-f6b949d58d95,0.0,VERY LOW,APPROVE,49.56666666666667,1.0,1.0,Active
49e26f89-1b51-4fc5-a913-1bc0cb010629,63.79,HIGH,APPROVE WITH STRICT TERMS,58.833333333333336,1.0,0.0,Active
3659e116-bf8f-42e0-a226-1fda6f4fa2d1,0.26,VERY LOW,APPROVE,70.36666666666666,1.0,1.0,Active
2be0bc10-6bbf-4157-af34-52a50fea10eb,0.0,VERY LOW,APPROVE,74.83333333333333,0.0,0.5,Inactive
a8e92355-de61-4fc5-913b-d1781fe87a1c,0.0,VERY LOW,APPROVE,75.7,0.0,0.5,Inactive
078e3e33-66ab-45dc-b8e4-945a867f0488,0.0,VERY LOW,APPROVE,59.53333333333333,0.0,0.5,Inactive
1f59d947-1d15-4c9c-83a0-ab01b45b7426,0.0,VERY LOW,APPROVE,64.73333333333333,0.0,0.5,Inactive
2d0fe78e-d464-4f33-80c6-2a8b45b63b6b,0.0,VERY LOW,APPROVE,33.06666666666667,1.0,1.0,Active
b44e4ed7-f8e3-4151-96bb-44e2bdd8313d,0.0,VERY LOW,APPROVE,40.96666666666667,1.0,1.0,Active
76b60a9a-1ab2-4ec3-b327-42548f6d6f9c,66.8,HIGH,APPROVE WITH STRICT TERMS,42.7,3.0,0.6666666666666666,Active
c1adb87b-a85d-48d8-af14-62d606c30d5a,0.0,VERY LOW,APPROVE,47.3,0.0,0.5,Active
40cdb512-8811-4249-b425-13a3a058e6fb,0.0,VERY LOW,APPROVE,18.433333333333334,0.0,0.5,Active
c9c41eb0-d985-433c-bc98-dc671bab7077,0.0,VERY LOW,APPROVE,37.63333333333333,0.0,0.5,Inactive
c82dcdf7-40c5-4c3f-8ea0-2e978ec7bff3,66.21,HIGH,APPROVE WITH STRICT TERMS,42.733333333333334,1.0,0.0,Active
2a63fa1f-075d-44f6-a94c-c0e1738fe9a1,0.05,VERY LOW,APPROVE,26.266666666666666,1.0,1.0,Active
70d6495c-8e54-414e-9c83-aee22f94326a,0.0,VERY LOW,APPROVE,67.1,0.0,0.5,Inactive
50cc2f3a-739d-4ca1-825f-cc536ec2bc02,0.0,VERY LOW,APPROVE,64.8,0.0,0.5,Inactive
00fd5857-cf80-4576-a7ea-66c2f13e0e49,0.0,VERY LOW,APPROVE,44.13333333333333,0.0,0.5,Inactive
8d8343c3-3385-43f6-8189-f560d8f94ff3,93.26,VERY HIGH,REJECT,41.86666666666667,4.0,0.5,Active
6f3b6c36-372c-4956-9a93-af9c1d1a94a8,0.0,VERY LOW,APPROVE,73.4,0.0,0.5,Inactive
6c78fef5-08cc-4c02-bc17-f897c07a725c,0.0,VERY LOW,APPROVE,23.3,1.0,1.0,Active
8c33161b-347e-42c9-b62a-49d73cb0133d,85.24,VERY HIGH,REJECT,49.1,3.0,0.6666666666666666,Active
d3f6f88a-b22c-43d4-b920-160bc591fdbf,0.0,VERY LOW,APPROVE,24.166666666666668,0.0,0.5,Inactive
af6da2fc-a702-4ec7-95e2-4b6f933cd934,0.0,VERY LOW,APPROVE,74.7,0.0,0.5,Active
96839c38-fac7-4c72-90f4-6d07501cc64d,51.32,HIGH,APPROVE WITH STRICT TERMS,49.86666666666667,1.0,0.0,Active
e39eacc6-5544-4484-bb4a-9c1e65da176f,0.0,VERY LOW,APPROVE,55.8,0.0,0.5,Active
139925ac-1463-4735-bb51-a63257f72e9a,0.0,VERY LOW,APPROVE,36.833333333333336,1.0,1.0,Active
f0ff8af2-dc48-4cba-afd4-3bacc3ddee3a,0.0,VERY LOW,APPROVE,45.5,1.0,1.0,Active
90189e44-d3e8-4a89-a74d-3d5fe163e841,0.0,VERY LOW,APPROVE,75.9,0.0,0.5,Active
30862a3d-e34e-4cf5-bcd8-c964567eb33a,0.0,VERY LOW,APPROVE,70.13333333333334,1.0,1.0,Active
07a595f4-83d6-4fd4-8e71-d4b1defd200c,0.0,VERY LOW,APPROVE,39.06666666666667,0.0,0.5,Inactive
51f1dc30-8d13-4cef-8aa5-d2ba4cca3d6c,96.13,VERY HIGH,REJECT,65.8,4.0,0.5,Active
19a66982-f56f-41c2-9e72-3b86325f88fb,0.0,VERY LOW,APPROVE,71.46666666666667,0.0,0.5,Inactive
d4f3ef6c-fe56-42ae-a1a7-8ae3b3cf9532,68.9,HIGH,APPROVE WITH STRICT TERMS,35.3,2.0,0.5,Active
05feb5b4-7044-4959-868b-0cec14b78cbf,0.0,VERY LOW,APPROVE,47.333333333333336,0.0,0.5,Active
ba68b974-1782-4f62-a330-66a932878ab8,63.08,HIGH,APPROVE WITH STRICT TERMS,28.0,1.0,0.0,Active
12646e9d-23d9-491c-862c-d43d348f30ac,76.55,VERY HIGH,REJECT,62.5,2.0,0.5,Active
b4a43518-b52e-40cb-8481-a436ef1b0d84,0.0,VERY LOW,APPROVE,69.03333333333333,1.0,1.0,Active
2be3aa7c-8412-4aee-b877-e2a987a530df,0.0,VERY LOW,APPROVE,63.53333333333333,3.0,1.0,Active
2dcdf04c-c068-4adf-b0fe-843c2ae3ee1d,0.0,VERY LOW,APPROVE,33.63333333333333,1.0,1.0,Active
41d33880-13f1-4348-b6b1-0f2a16e60198,57.98,HIGH,APPROVE WITH STRICT TERMS,50.4,3.0,0.6666666666666666,Active
f0cd690c-bc8c-40bb-93ce-055d65b32744,0.0,VERY LOW,APPROVE,37.6,1.0,1.0,Active
a1a08aa1-df44-4fca-8c14-8b5458ce3c57,0.0,VERY LOW,APPROVE,64.6,0.0,0.5,Terminated
a310f255-08b3-49cf-aa5f-7f4eef943b32,0.0,VERY LOW,APPROVE,21.9,0.0,0.5,Active
466d9346-0a9b-477f-96f2-37938d95b488,87.32,VERY HIGH,REJECT,35.0,1.0,0.0,Active
3456c961-5d83-4101-9923-0766ecf45e9b,0.0,VERY LOW,APPROVE,64.0,0.0,0.5,Active
4bdbb281-d2e6-4ca5-b379-14807e63612b,0.0,VERY LOW,APPROVE,70.63333333333334,0.0,0.5,Terminated
ca292a8e-6165-49b6-b95d-f8ec4c874f35,0.0,VERY LOW,APPROVE,18.7,1.0,1.0,Active
574459ba-45ed-435a-bddb-33edd30fa9ac,0.0,VERY LOW,APPROVE,17.1,0.0,0.5,Inactive
8764aa7f-c090-4e4a-9870-56240afd085f,0.0,VERY LOW,APPROVE,66.3,1.0,1.0,Active
2a113ed5-2207-41b7-8f76-fb0bc2a70900,0.0,VERY LOW,APPROVE,43.9,2.0,1.0,Active
e5c78759-9c19-4722-8ad1-048ceaff71a4,84.11,VERY HIGH,REJECT,43.266666666666666,1.0,0.0,Active
93858e46-43e8-408f-b604-59ef88f8b178,48.4,MEDIUM,APPROVE WITH CAUTION,74.03333333333333,1.0,0.0,Active
3c20ccf9-110c-4856-ad51-26d55d19f933,84.04,VERY HIGH,REJECT,47.233333333333334,2.0,0.5,Active
fee25c93-ba65-4147-8046-e1b9662165e3,0.0,VERY LOW,APPROVE,44.666666666666664,2.0,1.0,Active
6c2a200d-b0b3-4d20-ab87-545f380a857b,0.0,VERY LOW,APPROVE,38.03333333333333,0.0,0.5,Active
562a37d2-7a09-40d4-965a-8833bc1029c5,0.43,VERY LOW,APPROVE,55.666666666666664,1.0,1.0,Active
19613461-7996-4eee-b3a9-1478b67444bd,0.0,VERY LOW,APPROVE,47.9,0.0,0.5,Inactive
8079b4b0-27d8-4d3a-b845-cf908fe5bca1,0.04,VERY LOW,APPROVE,24.866666666666667,1.0,1.0,Active
9c717117-99df-4d0b-a38a-fc52bb5a2923,0.0,VERY LOW,APPROVE,56.03333333333333,2.0,1.0,Active
5d1cddbb-6898-4ccb-bfac-7e20b368f877,0.0,VERY LOW,APPROVE,29.266666666666666,0.0,0.5,Active
2d285cb4-7a59-425b-a891-4a2abd652ff2,0.0,VERY LOW,APPROVE,25.833333333333332,0.0,0.5,Active
1ce616f6-be0f-4b8b-9e45-56aaa2c5f350,96.8,VERY HIGH,REJECT,41.43333333333333,2.0,0.0,Active
d575814e-d6a5-4ddc-ab0d-38ce0c186dd5,71.5,VERY HIGH,REJECT,67.96666666666667,3.0,0.6666666666666666,Active
186f4f2f-5150-451d-b666-019f46478669,0.0,VERY LOW,APPROVE,35.4,0.0,0.5,Active
b2cc9133-dde0-4492-a546-1c830dff2780,0.0,VERY LOW,APPROVE,59.36666666666667,1.0,1.0,Active
6170b43b-de90-477b-b04e-d87dc71203cc,0.0,VERY LOW,APPROVE,23.533333333333335,1.0,1.0,Active
7ce80ba1-3c66-46fd-9e81-a8f38c5d001d,0.0,VERY LOW,APPROVE,43.7,1.0,1.0,Active
fab6b4ba-e058-4911-bce0-2b6610b71990,0.0,VERY LOW,APPROVE,27.333333333333332,1.0,1.0,Active
c4b811cf-1a52-48e0-b7f7-b022240106d0,0.05,VERY LOW,APPROVE,50.333333333333336,1.0,1.0,Active
a0709b03-d799-4016-9586-03006972d61f,0.04,VERY LOW,APPROVE,57.6,1.0,1.0,Active
d8f5fc48-cbbc-4847-999d-b3cf2a9ad64c,0.0,VERY LOW,APPROVE,16.833333333333332,0.0,0.5,Terminated
ef0819ff-242e-4987-8585-1c720bb1b3dc,53.02,HIGH,APPROVE WITH STRICT TERMS,33.6,2.0,0.5,Active
09a7671a-1db8-4bf5-a0cf-b3d9b73a6fe1,0.0,VERY LOW,APPROVE,55.6,2.0,1.0,Active
1629290f-58f5-46d3-83cf-ceb02a0b943c,0.0,VERY LOW,APPROVE,22.633333333333333,2.0,1.0,Active
7bc837cb-5415-4e9b-a1c4-9712ad515e2d,0.0,VERY LOW,APPROVE,52.13333333333333,2.0,1.0,Active
908f3b46-7d5e-409f-b230-f724b55e9050,81.38,VERY HIGH,REJECT,27.333333333333332,2.0,0.5,Active
1a5e0535-897c-4332-b60c-1b2baee1e5bf,0.0,VERY LOW,APPROVE,20.1,1.0,1.0,Active
36e1136a-0a89-4653-b8be-a4040bd098bf,0.0,VERY LOW,APPROVE,36.2,0.0,0.5,Inactive
d22f2eff-75a2-43f3-be65-f2b5bae36315,90.32,VERY HIGH,REJECT,54.96666666666667,2.0,0.5,Active
fc125dc5-cfda-42b9-9631-eb9b4cc10cd4,81.18,VERY HIGH,REJECT,24.3,1.0,0.0,Active
975f4661-421b-47bc-baf0-d749e1f61129,0.0,VERY LOW,APPROVE,34.56666666666667,2.0,1.0,Active
a5011d7f-eb35-423f-b091-c09c765aa389,0.05,VERY LOW,APPROVE,36.0,1.0,1.0,Active
1f4e1029-86c6-497a-863e-ec4406b52786,0.0,VERY LOW,APPROVE,63.46666666666667,1.0,1.0,Active
b166b762-7603-4e32-bcab-ed5227e60379,92.15,VERY HIGH,REJECT,17.466666666666665,1.0,0.0,Active
599fec57-9186-4d44-8330-84dda0c12a59,1.51,VERY LOW,APPROVE,49.36666666666667,2.0,1.0,Active
dfa13fa4-7546-4691-98d7-b70dff417217,0.0,VERY LOW,APPROVE,64.23333333333333,1.0,1.0,Active
46ec9409-d40a-4663-a751-a1946bdf3d4d,0.0,VERY LOW,APPROVE,26.933333333333334,0.0,0.5,Active
6cb4b10f-bec7-4eb7-99a3-78037ae32062,0.0,VERY LOW,APPROVE,44.0,0.0,0.5,Inactive
e3db5ed7-d9f0-4481-8570-23d3525c4023,68.6,HIGH,APPROVE WITH STRICT TERMS,24.766666666666666,3.0,0.6666666666666666,Active
ba9d6634-e5fc-419b-870d-5dd79e16b1aa,0.0,VERY LOW,APPROVE,59.6,2.0,1.0,Active
5deb2bca-091a-405d-9850-cb18b588e74c,0.0,VERY LOW,APPROVE,58.3,1.0,1.0,Active
5e6fa3c9-09b7-4516-b32e-053334e94be7,84.15,VERY HIGH,REJECT,19.633333333333333,4.0,0.75,Active
92da9abd-83f4-4364-8144-80ca21376b39,81.33,VERY HIGH,REJECT,35.7,2.0,0.5,Active
f91396ef-5a97-4711-aa25-4ebe7dd04a8f,62.81,HIGH,APPROVE WITH STRICT TERMS,66.93333333333334,1.0,0.0,Active
92af6886-e2bf-43d1-8386-c5c9a1db779d,0.0,VERY LOW,APPROVE,71.4,0.0,0.5,Inactive
8acc7fc9-4dd3-4d05-adcb-114b7be1d033,0.0,VERY LOW,APPROVE,33.86666666666667,1.0,1.0,Active
36b1ecb2-8035-45c8-979a-0bb77abb434b,0.0,VERY LOW,APPROVE,27.033333333333335,0.0,0.5,Inactive
1f98922f-bd49-477f-81e9-2d7c22883c85,31.09,MEDIUM,APPROVE WITH CAUTION,27.3,1.0,0.0,Active
eef12f8b-d936-440d-b1b9-bae99a23013a,54.96,HIGH,APPROVE WITH STRICT TERMS,23.2,2.0,0.5,Active
851af470-aedc-4fef-9171-ede8f4c732f6,0.0,VERY LOW,APPROVE,46.8,2.0,1.0,Active
e567ad0a-11eb-4cca-9dca-ce9f08c13601,0.27,VERY LOW,APPROVE,57.46666666666667,1.0,1.0,Active
a22dfb22-694b-42c6-a320-49765d6d62f1,79.03,VERY HIGH,REJECT,68.63333333333334,2.0,0.5,Active
0543e70d-7a3a-4417-8f21-b954f36a815e,0.0,VERY LOW,APPROVE,52.166666666666664,0.0,0.5,Active
d76f82e4-1245-43ba-bee2-62ace3844122,0.0,VERY LOW,APPROVE,31.033333333333335,0.0,0.5,Inactive
e886f444-3d3d-4841-b4f9-cfc6bbe7132d,0.0,VERY LOW,APPROVE,68.66666666666667,0.0,0.5,Active
ebfca85b-d5aa-4cbe-86ee-64cd54d4693a,0.0,VERY LOW,APPROVE,25.2,0.0,0.5,Active
c9c3be0e-d154-4796-a474-f913e17a9043,0.0,VERY LOW,APPROVE,31.233333333333334,1.0,1.0,Active
ff32047f-4406-4a95-9ff9-62bb33a0896e,0.0,VERY LOW,APPROVE,60.833333333333336,0.0,0.5,Active
ff44003b-4fb5-421a-8a3f-35ee6e85ebd9,0.0,VERY LOW,APPROVE,40.2,1.0,1.0,Active
a9de83d9-f310-419a-908c-f9f2905b2145,0.0,VERY LOW,APPROVE,73.8,2.0,1.0,Active
0973483c-3a67-4e58-8829-9e522252286e,0.0,VERY LOW,APPROVE,51.53333333333333,0.0,0.5,Terminated
c84cc4bd-3bed-4980-8f41-fd67f96e6502,0.0,VERY LOW,APPROVE,75.26666666666667,0.0,0.5,Inactive
c3e3a40d-4552-42d1-adc7-ffae9166e3c9,25.33,LOW,APPROVE,20.8,1.0,0.0,Active
4b51bccb-630e-4489-82cb-ffb0eabd76aa,0.0,VERY LOW,APPROVE,29.933333333333334,0.0,0.5,Inactive
280cea73-76e1-4f67-b7fe-aea1b68a3ede,0.0,VERY LOW,APPROVE,63.03333333333333,0.0,0.5,Active
130af5bb-2d1b-4d6b-b5a6-f0b8644e8a27,0.0,VERY LOW,APPROVE,27.466666666666665,0.0,0.5,Active
6b985f87-afb7-4d75-afff-53bf2f45772b,0.0,VERY LOW,APPROVE,31.933333333333334,1.0,1.0,Active
1336609c-f983-43fc-a02b-43a5744e30c5,0.0,VERY LOW,APPROVE,40.0,0.0,0.5,Active
da563972-a6cf-4d16-b1cf-a651a42924d1,0.0,VERY LOW,APPROVE,55.7,0.0,0.5,Terminated
526906f7-80ee-43e8-8d33-6d633b8641a4,67.01,HIGH,APPROVE WITH STRICT TERMS,62.96666666666667,1.0,0.0,Active
88c79618-29e3-4695-ac55-07fd27d44287,25.25,LOW,APPROVE,17.233333333333334,1.0,0.0,Active
8b8a76a7-1fd0-4402-b5de-3095e36dca9f,94.64,VERY HIGH,REJECT,44.733333333333334,4.0,0.5,Active
873ae357-88da-47e1-a8d1-0c8f269858e7,0.0,VERY LOW,APPROVE,31.6,0.0,0.5,Active
80d1f40d-0098-48e1-aeb2-e12bf85e0bc9,0.0,VERY LOW,APPROVE,47.666666666666664,1.0,1.0,Active
274622f2-99fd-4f83-a3bf-ac37dfb4bb76,0.0,VERY LOW,APPROVE,43.1,0.0,0.5,Inactive
55dce443-b1e4-43a0-afe9-fa84e86bab70,28.86,LOW,APPROVE,71.36666666666666,1.0,0.0,Active
5b1c5d8f-ba22-41b3-b2bb-c600c9ac1af0,83.72,VERY HIGH,REJECT,71.83333333333333,1.0,0.0,Active
27481227-3e4a-417a-9759-57d071125911,0.0,VERY LOW,APPROVE,44.766666666666666,0.0,0.5,Inactive
a4c09d58-7006-4d03-ad4c-0be390400c7d,0.0,VERY LOW,APPROVE,17.333333333333332,0.0,0.5,Inactive
d7f627dd-0fc7-4c9c-a50a-c0b27eb5df51,31.31,MEDIUM,APPROVE WITH CAUTION,45.166666666666664,1.0,0.0,Active
3315e6c9-888a-4b83-8552-2caf639a8a6f,0.0,VERY LOW,APPROVE,47.13333333333333,3.0,1.0,Active
99f8da5b-efbc-41be-9875-287bfd27cc8a,0.0,VERY LOW,APPROVE,38.333333333333336,1.0,1.0,Active
330d9d70-9677-4e97-bd9e-58e35be07b30,0.0,VERY LOW,APPROVE,51.93333333333333,0.0,0.5,Inactive
94ba3199-27fb-4487-bd64-157971ac9c5d,0.0,VERY LOW,APPROVE,24.7,0.0,0.5,Active
9124ba31-c353-47b9-ad01-433dfa2ab473,0.0,VERY LOW,APPROVE,60.9,1.0,1.0,Active
11a4f232-853b-4044-a9c6-acbc6500a7be,0.0,VERY LOW,APPROVE,53.36666666666667,0.0,0.5,Active
32ae4582-9158-48f7-ba50-10abaefecff7,0.0,VERY LOW,APPROVE,58.43333333333333,3.0,1.0,Active
130e5429-079e-4469-b713-ffbb64a3bbce,0.0,VERY LOW,APPROVE,63.0,2.0,1.0,Active
4b8742cd-a35a-4927-b34e-4bc3577dc737,89.39,VERY HIGH,REJECT,69.9,2.0,0.0,Active
3ce36129-22cf-45b9-be64-cc3acfb2a7cf,0.0,VERY LOW,APPROVE,50.766666666666666,1.0,1.0,Active
a4e56bfe-49ef-462d-9ab4-e088016649df,0.0,VERY LOW,APPROVE,52.5,1.0,1.0,Active
7f326799-1c18-460d-b687-8f49694d2f87,0.27,VERY LOW,APPROVE,70.06666666666666,1.0,1.0,Active
4fa07292-1924-4169-9128-0705b575b37e,0.0,VERY LOW,APPROVE,30.1,0.0,0.5,Inactive
2e3db54a-d43a-4ba1-8f3c-340bcd4f4238,0.0,VERY LOW,APPROVE,40.1,2.0,1.0,Active
2e2ab9be-127d-4248-9d40-90d1109dff38,0.0,VERY LOW,APPROVE,34.333333333333336,1.0,1.0,Active
7070b033-5236-4cba-bc6b-6e92036c442e,40.47,MEDIUM,APPROVE WITH CAUTION,76.16666666666667,2.0,0.5,Active
8c69c126-8064-4915-8f6e-6192cf41a0d7,69.2,HIGH,APPROVE WITH STRICT TERMS,53.06666666666667,3.0,0.6666666666666666,Active
f53d57f4-7b94-4975-9d2e-47227a7f638e,0.53,VERY LOW,APPROVE,35.7,3.0,1.0,Active
80eb7cae-8507-443f-a3bc-b14708f389b5,0.0,VERY LOW,APPROVE,76.1,0.0,0.5,Inactive
881a0500-07ee-4cfc-ad0e-93d000a585f1,0.0,VERY LOW,APPROVE,45.1,3.0,1.0,Active
d842770c-1d43-4521-870b-48e65a79b2dc,0.0,VERY LOW,APPROVE,18.5,2.0,1.0,Active
1a86096c-3a0a-43fb-9b03-1ad082ff75e7,0.0,VERY LOW,APPROVE,40.96666666666667,1.0,1.0,Active
162ce9d9-5ae0-40da-8238-309fd5a4857d,0.0,VERY LOW,APPROVE,47.4,1.0,1.0,Active
cc1dfcc9-b9a7-42e8-b3d6-750167136dc5,53.33,HIGH,APPROVE WITH STRICT TERMS,69.0,1.0,0.0,Active
ee0e8eff-c93e-4e7f-ba7d-fa7a12af6176,0.0,VERY LOW,APPROVE,56.3,1.0,1.0,Active
5c3c58b9-77de-4825-9120-fdd92d0ff22a,0.0,VERY LOW,APPROVE,29.233333333333334,0.0,0.5,Terminated
ac4a38e2-5ad5-4e06-908f-a05e628bf36b,0.0,VERY LOW,APPROVE,28.5,1.0,1.0,Active
45117a69-b757-4d1e-9343-73ec44e78ba2,0.0,VERY LOW,APPROVE,29.666666666666668,0.0,0.5,Active
1e2b0e65-7c54-455a-9791-4f29c38121a2,0.0,VERY LOW,APPROVE,37.3,0.0,0.5,Active
3ea82d9e-b2f8-47d9-97c7-56b5a83724d9,0.0,VERY LOW,APPROVE,44.1,1.0,1.0,Active
541f01ed-5f7c-44ee-aa28-25ebcbdaa605,0.0,VERY LOW,APPROVE,25.933333333333334,0.0,0.5,Terminated
ba921ad1-9e41-47b4-8acf-5bdbdecbddbf,97.93,VERY HIGH,REJECT,37.2,2.0,0.0,Active
4239f3d6-6a7e-4c20-9ef8-7dbda2445757,0.0,VERY LOW,APPROVE,36.13333333333333,0.0,0.5,Active
e42109aa-0ae8-4ffb-a478-4212da22431f,0.0,VERY LOW,APPROVE,67.7,0.0,0.5,Active
eef361d8-546c-43e4-956e-c1c73f8c8556,0.0,VERY LOW,APPROVE,67.2,1.0,1.0,Active
f456b072-d8b6-44bc-a99e-ce9466e2f332,0.05,VERY LOW,APPROVE,36.03333333333333,1.0,1.0,Active
332d423a-a7e4-4703-aec1-28456506a5f4,0.0,VERY LOW,APPROVE,59.63333333333333,1.0,1.0,Active
a6c4d2c8-a3c4-4b32-98cd-c698ecd86f34,0.26,VERY LOW,APPROVE,23.5,1.0,1.0,Active
9b80f76c-24fe-4fe9-ae1b-0e96f93e915f,0.0,VERY LOW,APPROVE,44.333333333333336,2.0,1.0,Active
ea56af1e-e4c3-4f74-8ab7-20dfb2f1b1a5,81.9,VERY HIGH,REJECT,19.7,1.0,0.0,Active
3aadad19-d65d-4c31-968a-2082d7ed7b3e,0.0,VERY LOW,APPROVE,24.3,1.0,1.0,Active
2b8e1afd-d352-4300-9c21-462a5d9717dd,0.0,VERY LOW,APPROVE,62.833333333333336,0.0,0.5,Terminated
714a70ca-61a6-45da-9232-c1fb335899ac,0.0,VERY LOW,APPROVE,26.666666666666668,1.0,1.0,Active
f71bc08e-07e3-49f0-98f9-a3461d900817,77.51,VERY HIGH,REJECT,45.1,3.0,0.6666666666666666,Active
7ceaaa5d-68da-4762-b91b-0480a40974b9,0.0,VERY LOW,APPROVE,70.3,0.0,0.5,Inactive
114931cc-7556-47ac-940c-936776f35629,92.97,VERY HIGH,REJECT,43.8,4.0,0.75,Active
894d6961-507c-4a20-9f19-b87ef0b31cfd,0.0,VERY LOW,APPROVE,33.06666666666667,2.0,1.0,Active
800e9b1d-318f-45c9-85ce-4cd2d944c586,0.0,VERY LOW,APPROVE,19.766666666666666,0.0,0.5,Active
5a487492-351a-4913-b3d5-9dcbb6061cbc,0.0,VERY LOW,APPROVE,32.2,1.0,1.0,Active
93ed058c-e71e-4b5b-8628-3b367e0a1d55,0.0,VERY LOW,APPROVE,21.166666666666668,0.0,0.5,Active
70d39e91-f1c6-42e2-9037-12e26bae588c,0.0,VERY LOW,APPROVE,44.733333333333334,0.0,0.5,Active
8481cedc-de1b-48a6-b3f0-ca0368ce5c61,72.85,VERY HIGH,REJECT,26.266666666666666,3.0,0.6666666666666666,Active
f28bae7d-4835-43e4-9e2e-a6128a513ae1,0.0,VERY LOW,APPROVE,36.333333333333336,0.0,0.5,Inactive
b2716adc-2c44-4be9-a9d9-b9710d2960af,0.0,VERY LOW,APPROVE,33.733333333333334,0.0,0.5,Inactive
424cfd72-95f7-40c6-8362-48d9b440e697,0.0,VERY LOW,APPROVE,48.6,0.0,0.5,Active
bfdfa4dd-55df-4a71-89e5-49aa862a2e15,77.21,VERY HIGH,REJECT,55.766666666666666,3.0,0.6666666666666666,Active
9d3d7d80-85ba-4c21-a094-98f885b0a0cc,82.88,VERY HIGH,REJECT,48.36666666666667,2.0,0.5,Active
888e2705-8a6e-4080-99f1-bd88bb77516a,0.0,VERY LOW,APPROVE,69.76666666666667,0.0,0.5,Terminated
26a16c74-1ed2-4553-8f61-99df31ee02c1,46.11,MEDIUM,APPROVE WITH CAUTION,62.166666666666664,2.0,0.5,Active
ea203180-1deb-43f0-8256-add64d325fae,0.0,VERY LOW,APPROVE,62.86666666666667,0.0,0.5,Inactive
f9882349-63a0-47b6-9c56-298ffa6a482e,0.0,VERY LOW,APPROVE,27.566666666666666,0.0,0.5,Terminated
df6b3bc9-c815-4111-a355-b503a1865693,0.0,VERY LOW,APPROVE,39.166666666666664,0.0,0.5,Inactive
deddf816-b0b0-42bb-9de9-ac26732cc3cf,0.0,VERY LOW,APPROVE,41.86666666666667,1.0,1.0,Active
ffedc15a-491b-47b8-bd80-dea6924a52b5,61.17,HIGH,APPROVE WITH STRICT TERMS,60.8,2.0,0.5,Active
63332973-6d30-4f2d-902d-80b59e40c7a1,0.0,VERY LOW,APPROVE,29.5,1.0,1.0,Active
3af1190d-a7b8-47bc-8049-dc3ff8b69bcf,0.0,VERY LOW,APPROVE,56.233333333333334,0.0,0.5,Terminated
21eb3ba5-cfff-4426-b10c-c242f9408176,0.0,VERY LOW,APPROVE,57.666666666666664,0.0,0.5,Terminated
6456dbb9-bb54-406e-93a7-7f0f8fc7b425,0.0,VERY LOW,APPROVE,38.4,2.0,1.0,Active
cd99321c-a4f0-4a1e-84b2-d28e906441da,0.0,VERY LOW,APPROVE,59.7,1.0,1.0,Active
aa2b28c3-c582-46f1-b5fd-0eb61b802b9d,95.84,VERY HIGH,REJECT,25.433333333333334,2.0,0.0,Active
893d128b-0278-4422-9ff5-97374c043043,0.42,VERY LOW,APPROVE,77.16666666666667,1.0,1.0,Active
647031e9-6b7d-4829-8ce4-ebfaea19f0ad,0.0,VERY LOW,APPROVE,48.53333333333333,0.0,0.5,Active
7910e838-a91a-4faa-8e91-70c083a64004,0.0,VERY LOW,APPROVE,34.96666666666667,0.0,0.5,Active
401b3af6-395c-4625-b6e4-089507227b1c,0.0,VERY LOW,APPROVE,38.93333333333333,1.0,1.0,Active
00090db5-11ec-42b2-9b56-e7aed232c033,68.52,HIGH,APPROVE WITH STRICT TERMS,57.4,1.0,0.0,Active
b425130a-4f94-4eae-82db-e8de7f2d233c,79.13,VERY HIGH,REJECT,58.3,2.0,0.5,Active
233c7662-229e-4666-94f2-e6f30d8685b4,29.49,LOW,APPROVE,52.86666666666667,1.0,0.0,Active
201f4a16-0afa-4114-80f8-59724f9ed91d,75.31,VERY HIGH,REJECT,37.666666666666664,2.0,0.5,Active
cb2be844-b598-42a7-b3ac-2ec1f186dadd,0.0,VERY LOW,APPROVE,69.86666666666666,0.0,0.5,Inactive
f98b36a2-7912-4ab9-a12f-3cd90b5ef584,0.0,VERY LOW,APPROVE,46.766666666666666,0.0,0.5,Inactive
6ebabf28-c189-4328-8798-52fded9004a6,98.91,VERY HIGH,REJECT,49.733333333333334,4.0,0.25,Active
ea9e924a-5025-4353-822c-26517d0aaa4e,0.05,VERY LOW,APPROVE,27.533333333333335,1.0,1.0,Active
e1ec5b6b-055c-4b9d-8383-0a95da482fd6,0.0,VERY LOW,APPROVE,33.93333333333333,2.0,1.0,Active
aea9195e-7f5c-4c6a-b3a5-33c0af907883,0.0,VERY LOW,APPROVE,49.43333333333333,0.0,0.5,Inactive
e10aee0d-e5af-4141-9156-6e90af6f5a14,84.29,VERY HIGH,REJECT,64.33333333333333,1.0,0.0,Active
b946e86f-b330-4fb4-8e56-7e6eb7fc30f6,0.27,VERY LOW,APPROVE,27.766666666666666,0.0,0.5,Inactive
1bc97bb3-a9e8-4b98-b43f-aa9a6caf8c02,1.09,VERY LOW,APPROVE,65.4,2.0,1.0,Active
c5e73eb5-470a-41f8-8023-b5654aec38ef,96.27,VERY HIGH,REJECT,64.03333333333333,4.0,0.25,Active
3c439871-dcaf-49f5-b176-b955dfd42355,0.0,VERY LOW,APPROVE,73.73333333333333,0.0,0.5,Terminated
4be3032c-8dfb-46b4-ba91-a4e8bc256d6b,82.94,VERY HIGH,REJECT,53.93333333333333,1.0,0.0,Active
36015711-1891-414b-bb3d-2a1f110af33d,0.24,VERY LOW,APPROVE,43.266666666666666,2.0,1.0,Active
fe9a842a-ab4c-4c43-b61f-e141d677f4fd,0.0,VERY LOW,APPROVE,58.733333333333334,0.0,0.5,Inactive
beb22359-c7dd-4fcb-ac98-989e6edbc303,0.0,VERY LOW,APPROVE,66.26666666666667,2.0,1.0,Active
6696d54e-72e1-45fe-b41c-bbd29e844bf8,0.0,VERY LOW,APPROVE,56.96666666666667,2.0,1.0,Active
c8db660d-0e47-470a-9159-5b29e0bc9a56,0.0,VERY LOW,APPROVE,71.36666666666666,0.0,0.5,Active
de93bcd1-2594-4034-9ef1-09ee4426dc4d,0.0,VERY LOW,APPROVE,52.9,0.0,0.5,Active
105bc1cb-9005-409b-8b75-464e18ff1fb2,0.0,VERY LOW,APPROVE,58.266666666666666,0.0,0.5,Inactive
50f72e42-edbb-4c4b-bd95-4427abc337a0,0.0,VERY LOW,APPROVE,35.46666666666667,1.0,1.0,Active
dec06381-fed1-4672-8a79-558a76d99c74,92.53,VERY HIGH,REJECT,51.86666666666667,2.0,0.5,Active
882553b9-0070-40bd-ace4-513333b9c530,0.0,VERY LOW,APPROVE,17.566666666666666,1.0,1.0,Active
0dcda219-cc9f-4256-94f1-4b6fae1d6849,0.0,VERY LOW,APPROVE,53.766666666666666,1.0,1.0,Active
052a3f49-ca8c-4f6e-98e9-7b8b84430e90,48.69,MEDIUM,APPROVE WITH CAUTION,18.833333333333332,1.0,0.0,Active
cc065708-f5c3-4329-a7a4-814a7f120492,0.0,VERY LOW,APPROVE,60.2,1.0,1.0,Active
10cedf61-2165-4b0f-90f8-7956dc35bac5,0.0,VERY LOW,APPROVE,35.833333333333336,1.0,1.0,Active
3bbc78ac-abce-44dc-877f-b2df2c898f4b,0.0,VERY LOW,APPROVE,52.233333333333334,0.0,0.5,Active
c0709360-e7dd-4a6c-9f8d-1317cb83878f,0.0,VERY LOW,APPROVE,71.0,1.0,1.0,Active
e6763485-9e88-4ad4-8255-82d636e04974,0.0,VERY LOW,APPROVE,67.03333333333333,0.0,0.5,Terminated
245c885b-7a7d-45ae-9855-b42913283eea,0.27,VERY LOW,APPROVE,27.766666666666666,1.0,1.0,Active
32489b8b-7ef7-4f92-84de-d1952fab6e69,0.0,VERY LOW,APPROVE,71.76666666666667,0.0,0.5,Active
00b3e152-45dd-43be-a821-8e2ba9cb166e,97.83,VERY HIGH,REJECT,33.56666666666667,4.0,0.25,Active
686f4e4c-ce85-46a8-9cd2-ace649f0f5bc,0.0,VERY LOW,APPROVE,56.13333333333333,1.0,1.0,Active
73a1979a-1991-4f14-b25f-4afc586a3e75,0.0,VERY LOW,APPROVE,40.86666666666667,0.0,0.5,Inactive
a43c09c2-bc8c-40ab-81f5-8309d5a69072,91.41,VERY HIGH,REJECT,68.76666666666667,2.0,0.5,Active
de0afa5b-c397-4573-b743-3148e1810a43,0.0,VERY LOW,APPROVE,68.3,0.0,0.5,Inactive
8fa03879-aa33-4936-b0ef-6542e54e3107,0.0,VERY LOW,APPROVE,69.83333333333333,0.0,0.5,Active
44627bf9-af61-48b1-8dc0-83854d82820a,0.0,VERY LOW,APPROVE,63.733333333333334,0.0,0.5,Inactive
f99ee11c-0c64-482b-9e80-2871dedc36c4,0.05,VERY LOW,APPROVE,23.1,1.0,1.0,Active
f89ead92-e818-49fd-bd82-2d340a83e385,0.0,VERY LOW,APPROVE,41.0,0.0,0.5,Terminated
91d6e87c-ae6a-42ad-8eb0-61f04dcba8a1,0.0,VERY LOW,APPROVE,76.8,2.0,1.0,Active
0939762c-8c2f-442c-9188-4968fc056ceb,89.08,VERY HIGH,REJECT,38.833333333333336,1.0,0.0,Active
55201382-880c-4f96-aa3d-6a4f01a4f4b7,0.0,VERY LOW,APPROVE,32.93333333333333,1.0,1.0,Active
aa31ffb9-dd5c-49f1-bfc9-a4bc7d5d5974,0.0,VERY LOW,APPROVE,49.5,0.0,0.5,Active
67a359d2-2c4a-4b04-bca1-a9a57e8ad557,0.0,VERY LOW,APPROVE,59.5,0.0,0.5,Inactive
89fd19ff-c2ef-48a0-8f87-87bd6a835a2e,0.0,VERY LOW,APPROVE,61.333333333333336,1.0,1.0,Active
30911c00-1be4-48c3-8545-75b07e462e89,0.0,VERY LOW,APPROVE,72.13333333333334,1.0,1.0,Active
bf51f03a-1cf6-4346-88db-a8d42ec69745,0.53,VERY LOW,APPROVE,68.66666666666667,3.0,1.0,Active
acb4ee7a-1e60-499f-b3e5-59eca337aa20,0.0,VERY LOW,APPROVE,46.86666666666667,1.0,1.0,Active
349289c6-98a1-45e7-9e55-9309d867e7b8,0.0,VERY LOW,APPROVE,48.9,0.0,0.5,Inactive
d771107e-5056-4e06-9f2e-dc34c1703780,74.81,VERY HIGH,REJECT,27.933333333333334,4.0,0.75,Active
b109f0f5-c454-42a8-b606-e884a5fd88c2,0.0,VERY LOW,APPROVE,23.133333333333333,1.0,1.0,Active
a7adc635-b216-4a6c-8ad5-23dfc48968cc,56.17,HIGH,APPROVE WITH STRICT TERMS,19.7,1.0,0.0,Active
ba15ac53-ad38-4f9e-b3ca-bc6f006eacf7,0.0,VERY LOW,APPROVE,55.233333333333334,0.0,0.5,Terminated
85b49fc1-d24f-4400-8d11-20783e479c48,0.0,VERY LOW,APPROVE,28.833333333333332,0.0,0.5,Active
2b2473bf-da44-4776-9309-030e574ce66d,0.0,VERY LOW,APPROVE,19.233333333333334,0.0,0.5,Inactive
26c50529-b588-4dd4-921d-56115e027c38,83.79,VERY HIGH,REJECT,57.233333333333334,3.0,0.3333333333333333,Active
23d2dda6-4cad-406d-9155-cbe4e98882d0,0.0,VERY LOW,APPROVE,38.03333333333333,0.0,0.5,Inactive
447da199-6536-474a-acff-5f74aaeace51,0.0,VERY LOW,APPROVE,17.666666666666668,0.0,0.5,Active
0b21abeb-1ceb-4803-9595-f9564fd3aa7e,87.83,VERY HIGH,REJECT,33.3,1.0,0.0,Active
6b1579c0-5923-4dda-9471-7d353ca1033d,0.0,VERY LOW,APPROVE,54.5,1.0,1.0,Active
816a720d-3443-4acf-89c3-d82ab29b5072,0.0,VERY LOW,APPROVE,22.466666666666665,0.0,0.5,Active
7a193d11-eaa0-45f4-8cf5-7c215d071eb0,0.0,VERY LOW,APPROVE,66.26666666666667,0.0,0.5,Active
c3635b79-825e-4434-899d-db755a2ebb19,88.35,VERY HIGH,REJECT,77.0,1.0,0.0,Active
a5d74d27-7e30-4ba0-b89b-10f4aabc3083,97.45,VERY HIGH,REJECT,17.4,3.0,0.3333333333333333,Active
3494ce7a-9e11-4081-ad20-4ae880919cf2,46.68,MEDIUM,APPROVE WITH CAUTION,75.56666666666666,2.0,0.5,Active
c98d5d8b-7218-4e35-b0bc-551bf36aecf2,0.0,VERY LOW,APPROVE,16.6,0.0,0.5,Terminated
ece3558e-099f-40fa-b7f5-52f68b16af6d,0.0,VERY LOW,APPROVE,75.73333333333333,0.0,0.5,Terminated
ddfda66f-1970-4d84-a179-869fcdf40cc6,50.88,HIGH,APPROVE WITH STRICT TERMS,67.6,1.0,0.0,Active
5c0988e4-e9b7-438c-8133-8edc0f70c8db,0.0,VERY LOW,APPROVE,42.6,2.0,1.0,Active
fbd902be-e1e3-4982-be80-4494df352188,0.0,VERY LOW,APPROVE,19.633333333333333,0.0,0.5,Inactive
868d5244-596e-4a40-aef3-37a766ad1072,53.54,HIGH,APPROVE WITH STRICT TERMS,16.666666666666668,2.0,0.0,Active
29dd9960-6483-45e0-9300-0827d209aeaf,0.0,VERY LOW,APPROVE,74.16666666666667,1.0,1.0,Active
cdfd0ac6-c25a-4152-8200-fe3ab7d0b5e4,90.53,VERY HIGH,REJECT,50.833333333333336,4.0,0.75,Active
b0ddab48-d29f-4340-bb22-817e3a3e63ca,27.77,LOW,APPROVE,43.36666666666667,1.0,0.0,Active
93d938aa-5c04-4460-a534-719e662129d7,0.13,VERY LOW,APPROVE,44.46666666666667,1.0,1.0,Active
785c7b44-950c-4d38-b018-4e9af23f2771,0.0,VERY LOW,APPROVE,64.73333333333333,0.0,0.5,Active
c8457514-ec4d-4d90-b50b-1f01834862dc,0.0,VERY LOW,APPROVE,35.1,2.0,1.0,Active
ad7119e0-7bdd-41c2-baa1-8c3c7656ee29,0.43,VERY LOW,APPROVE,52.06666666666667,1.0,1.0,Active
c486bf21-5eae-498e-9aaa-d356e63f0d3f,0.0,VERY LOW,APPROVE,47.666666666666664,0.0,0.5,Terminated
d0cc072b-6475-4a77-abe6-027f2b57bbf7,0.0,VERY LOW,APPROVE,72.76666666666667,0.0,0.5,Inactive
e4af5757-04b0-4df8-9110-87d4fff761ef,84.49,VERY HIGH,REJECT,27.8,1.0,0.0,Active
230ebe96-3b9a-4fc2-8fb1-805e46f18a46,72.17,VERY HIGH,REJECT,64.1,2.0,0.5,Active
2171277a-31ad-4b11-9bb3-30446c2ec7a9,0.0,VERY LOW,APPROVE,77.16666666666667,1.0,1.0,Active
e17a4eba-706a-4ed3-98d9-3867b725aa83,0.0,VERY LOW,APPROVE,33.7,0.0,0.5,Inactive
32356477-3c0c-4fb4-b3d1-55dfdde7d12a,0.0,VERY LOW,APPROVE,18.6,1.0,1.0,Active
61cfd0e1-271a-434b-9f93-5fce532a00f5,85.86,VERY HIGH,REJECT,39.6,1.0,0.0,Active
7aa479d3-7244-4d46-b3f3-a07763b967f9,62.18,HIGH,APPROVE WITH STRICT TERMS,56.233333333333334,1.0,0.0,Active
d499138b-4935-40e5-913f-1914fc4a460d,0.0,VERY LOW,APPROVE,22.5,0.0,0.5,Active
cb424af3-f598-4744-b88f-993aaa3f1c33,84.69,VERY HIGH,REJECT,41.266666666666666,2.0,0.5,Active
7cd06f64-28fa-495c-b257-ce573512414a,0.0,VERY LOW,APPROVE,38.06666666666667,0.0,0.5,Active
6d3bf8a7-af86-4a8f-93d7-72d071bd42c0,64.35,HIGH,APPROVE WITH STRICT TERMS,55.233333333333334,1.0,0.0,Active
a8a53ce5-43e8-4865-868b-f322f4d4d4b8,0.0,VERY LOW,APPROVE,38.96666666666667,0.0,0.5,Inactive
e1a857d6-4a95-4ca4-9f5c-225a7ab2b9ce,0.0,VERY LOW,APPROVE,66.26666666666667,0.0,0.5,Active
a7d3c003-0a49-4a6b-87fb-4db80fb674fe,76.06,VERY HIGH,REJECT,47.9,1.0,0.0,Active
f340c5c3-3704-43ae-9668-58e7d94d0c39,0.04,VERY LOW,APPROVE,22.666666666666668,1.0,1.0,Active
2275be9e-2b1e-4047-91fe-a6fc4e3eb81b,77.97,VERY HIGH,REJECT,33.8,2.0,0.5,Active
6fa5833a-6202-4c04-84ff-03bc99ac2627,0.0,VERY LOW,APPROVE,23.133333333333333,3.0,1.0,Active
04e92e38-c41e-4396-8d90-d57b4c30a9fc,71.34,VERY HIGH,REJECT,69.43333333333334,2.0,0.5,Active
e4f287ea-4a0b-414c-a0a5-971e7c21b3d6,0.0,VERY LOW,APPROVE,48.36666666666667,0.0,0.5,Terminated
dfbdd90e-01e3-4996-a444-0fcb1508d684,0.0,VERY LOW,APPROVE,55.3,2.0,1.0,Active
3dba9b2b-fa05-45a4-8d5b-afa0fdba4f75,0.0,VERY LOW,APPROVE,54.53333333333333,1.0,1.0,Active
cbfef3c1-0d10-491f-9d3f-04e13a952f42,0.0,VERY LOW,APPROVE,72.23333333333333,0.0,0.5,Active
5b08e464-2c51-4d6f-8fcf-0b16cde8f360,0.0,VERY LOW,APPROVE,49.93333333333333,0.0,0.5,Inactive
271529a4-0032-473b-b450-177524bf06b0,0.0,VERY LOW,APPROVE,65.43333333333334,0.0,0.5,Terminated
8cfd824c-5a17-416e-849f-63003a326e6d,0.0,VERY LOW,APPROVE,52.13333333333333,0.0,0.5,Active
2efa632b-1453-4557-adde-6312a4de0da6,57.96,HIGH,APPROVE WITH STRICT TERMS,18.766666666666666,2.0,0.5,Active
10801de5-6bd1-4ac6-a6c1-1c9b229f9e84,0.0,VERY LOW,APPROVE,39.6,1.0,1.0,Active
fd4c03c2-67c8-4814-b32f-d59f67c91019,0.27,VERY LOW,APPROVE,55.06666666666667,1.0,1.0,Active
cf9b364b-72b8-481a-995f-d4a0ebec6ac8,0.0,VERY LOW,APPROVE,54.56666666666667,0.0,0.5,Inactive
2f75aaef-d378-4c44-81cb-44036d433137,0.0,VERY LOW,APPROVE,71.16666666666667,0.0,0.5,Inactive
39bd6f25-bb36-4f41-b2a5-19b829953235,0.0,VERY LOW,APPROVE,49.4,0.0,0.5,Active
ddc343d8-aff2-4a63-809a-b50eaa5ec82d,0.0,VERY LOW,APPROVE,65.33333333333333,0.0,0.5,Inactive
e1b0c7df-e059-4b47-87f9-a6a9e87ad5f6,0.0,VERY LOW,APPROVE,67.26666666666667,0.0,0.5,Active
196399e4-eb73-4bf0-9db8-85293b2f6bd6,50.61,HIGH,APPROVE WITH STRICT TERMS,47.733333333333334,2.0,0.5,Active
07058b33-4f16-4c9e-b566-f2950953f2ff,0.0,VERY LOW,APPROVE,21.766666666666666,1.0,1.0,Active
1ddc3502-bca9-4ef2-bb6a-bc8aa5e4d712,64.63,HIGH,APPROVE WITH STRICT TERMS,27.6,1.0,0.0,Active
887a7f38-e7c6-42e6-95d5-d3232a7010f5,0.04,VERY LOW,APPROVE,60.06666666666667,1.0,1.0,Active
3c6c9790-466a-44a0-9179-2563c1b497ea,92.92,VERY HIGH,REJECT,45.6,2.0,0.0,Active
37c3d6e7-0bd7-42d7-997f-ef17fd768768,0.0,VERY LOW,APPROVE,28.233333333333334,0.0,0.5,Active
55d2bfe5-2f55-4336-a97e-38e53931a793,30.14,MEDIUM,APPROVE WITH CAUTION,25.566666666666666,1.0,0.0,Active
49b17430-fddd-4d4b-8613-eebce788a184,0.0,VERY LOW,APPROVE,56.8,0.0,0.5,Inactive
80d67455-4a23-48a8-ab37-091324f9c12c,65.64,HIGH,APPROVE WITH STRICT TERMS,58.4,1.0,0.0,Active
b765971e-3663-42b1-8420-d22218b3a79d,62.2,HIGH,APPROVE WITH STRICT TERMS,48.166666666666664,1.0,0.0,Active
e1a5fb35-aa3c-410f-ae66-8bed334307e6,0.0,VERY LOW,APPROVE,50.333333333333336,0.0,0.5,Active
843c67eb-caed-4de3-92b5-81805ee56c0e,0.0,VERY LOW,APPROVE,60.8,0.0,0.5,Inactive
0b7ec46c-b1bd-47b4-aeb1-a3acdd0f70a9,0.0,VERY LOW,APPROVE,69.73333333333333,1.0,1.0,Active
614ce315-b634-4c8b-86c4-0cafd7a1b94b,0.0,VERY LOW,APPROVE,53.8,1.0,1.0,Active
b3815006-ef80-4718-9cbe-e3ffeff695b6,83.73,VERY HIGH,REJECT,36.333333333333336,1.0,0.0,Active
1b3e6d21-aa60-4bee-99f6-644aaa2f0301,77.16,VERY HIGH,REJECT,18.866666666666667,2.0,0.5,Active
15cf9d20-d908-4c45-8e91-0e84de2c801d,0.0,VERY LOW,APPROVE,75.16666666666667,0.0,0.5,Inactive
b8f364b0-5dad-4cbe-b8c2-1bb0854cc28e,0.0,VERY LOW,APPROVE,60.5,2.0,1.0,Active
f02c5917-3ca6-473e-9a52-12479c53cfe2,88.31,VERY HIGH,REJECT,37.7,1.0,0.0,Active
60e33377-eb44-48e1-991e-087a6cbf1fb0,0.0,VERY LOW,APPROVE,68.93333333333334,1.0,1.0,Active
11b61077-b737-418d-a31f-9a1ee6537769,29.1,LOW,APPROVE,39.266666666666666,1.0,0.0,Active
03f50c0e-346d-491b-bf30-e873a3055995,0.0,VERY LOW,APPROVE,54.3,1.0,1.0,Active
95e87d6e-2192-4ac2-8407-abb4474dd1eb,54.48,HIGH,APPROVE WITH STRICT TERMS,22.666666666666668,1.0,0.0,Active
ed893e56-2a0b-4c64-b497-7dfcc36f3733,0.0,VERY LOW,APPROVE,63.46666666666667,0.0,0.5,Active
88ceb9e1-122e-4079-814e-ca5765ce169f,0.0,VERY LOW,APPROVE,35.4,0.0,0.5,Active
b75a44b2-f5b1-4564-b613-1854591b60d5,0.0,VERY LOW,APPROVE,76.6,0.0,0.5,Terminated
e9592206-1cf5-45b1-904b-e795c2727df1,0.0,VERY LOW,APPROVE,69.8,1.0,1.0,Active
8c618d2b-012e-43b8-9499-6e20a996644f,70.08,VERY HIGH,REJECT,27.7,2.0,0.5,Active
73453eb5-516b-4277-bb24-4e2b229774fa,0.0,VERY LOW,APPROVE,60.9,0.0,0.5,Active
504c67a7-e991-45a9-8feb-5e15bab0ce60,92.83,VERY HIGH,REJECT,23.766666666666666,4.0,0.75,Active
e98f1fd9-f303-4ec5-96c0-9680c09b5a9d,0.0,VERY LOW,APPROVE,49.63333333333333,2.0,1.0,Active
491fcc58-162a-4411-a2f0-6d59cdd7aeba,0.0,VERY LOW,APPROVE,24.6,0.0,0.5,Inactive
02befd56-98e7-468d-bd72-2630ccfc1977,59.6,HIGH,APPROVE WITH STRICT TERMS,48.03333333333333,1.0,0.0,Active
b9f92cf7-595c-4e2f-9b0d-5795ea67c775,55.55,HIGH,APPROVE WITH STRICT TERMS,68.03333333333333,1.0,0.0,Active
c5153120-0ca4-40fc-a24e-456e9e86db24,66.17,HIGH,APPROVE WITH STRICT TERMS,30.9,1.0,0.0,Active
afc3f3cf-ec5e-4405-b5ea-46059a1c2db4,0.0,VERY LOW,APPROVE,16.6,0.0,0.5,Active
94a7591e-617e-411f-83f8-9d245f8d9ff6,0.0,VERY LOW,APPROVE,28.633333333333333,3.0,1.0,Active
cb297b18-0e97-4314-b26a-1354d3ea034f,85.41,VERY HIGH,REJECT,74.03333333333333,4.0,0.75,Active
0b6f62bd-6495-4fb9-97b3-636b6aadc4dc,86.4,VERY HIGH,REJECT,58.666666666666664,2.0,0.5,Active
5de085bd-f384-4076-8e3b-615233f2532b,73.95,VERY HIGH,REJECT,40.5,1.0,0.0,Active
83e91381-37a7-41a9-81ff-be4dd88cc78a,0.0,VERY LOW,APPROVE,33.56666666666667,0.0,0.5,Active
dfe17692-2cc3-45ec-a73d-6faf2ada32f1,0.0,VERY LOW,APPROVE,38.86666666666667,3.0,1.0,Active
a8cc3a79-595f-407f-b439-26e3694a8b64,0.0,VERY LOW,APPROVE,43.63333333333333,1.0,1.0,Active
455af916-cc19-4f4f-8c73-5a8be5141cb7,0.27,VERY LOW,APPROVE,27.766666666666666,0.0,0.5,Inactive
f73a1a9a-e15d-4ad1-9e85-116fc22a20bb,33.45,MEDIUM,APPROVE WITH CAUTION,21.9,1.0,0.0,Active
74d06176-e4e4-4f3e-a206-3e5db29fbc19,65.61,HIGH,APPROVE WITH STRICT TERMS,59.56666666666667,2.0,0.5,Active
6df3163c-4bd5-4b81-83cc-2684bee7f3bb,0.0,VERY LOW,APPROVE,39.333333333333336,0.0,0.5,Active
8cfa923a-8b58-4575-ba51-df3da635fa65,51.76,HIGH,APPROVE WITH STRICT TERMS,50.3,4.0,0.75,Active
61e73ca4-d24c-43ff-878e-cf3aa15c578e,0.0,VERY LOW,APPROVE,18.333333333333332,1.0,1.0,Active
4de7e113-8c06-425b-b58c-652deaae4a1c,0.0,VERY LOW,APPROVE,67.93333333333334,0.0,0.5,Active
1c2d991e-d7b4-441f-9d90-8e12c14496d8,0.0,VERY LOW,APPROVE,67.93333333333334,0.0,0.5,Active
a280a3c5-0be4-45b9-9b77-0f1cdd0f051a,98.01,VERY HIGH,REJECT,47.63333333333333,2.0,0.0,Active
ee53a419-4efa-4bdb-aa31-56250b9735a2,0.05,VERY LOW,APPROVE,47.7,1.0,1.0,Active
53ba6550-1ba8-4f04-9764-bbd9c10ab30a,0.0,VERY LOW,APPROVE,31.533333333333335,0.0,0.5,Active
cb2ac74a-0354-4fe0-b29c-b038f27e7b48,0.0,VERY LOW,APPROVE,34.6,0.0,0.5,Inactive
70ef1184-502e-4fb2-b86d-de201d58effe,0.0,VERY LOW,APPROVE,69.76666666666667,0.0,0.5,Active
def4a25d-e9e4-45b8-9797-9ab93ac53463,0.0,VERY LOW,APPROVE,76.4,1.0,1.0,Active
374112d8-bf08-46a0-9ba1-3c8e4c76327d,0.0,VERY LOW,APPROVE,54.833333333333336,3.0,1.0,Active
84ce94c8-99bf-4425-b1fe-af2b4da332ed,0.0,VERY LOW,APPROVE,61.766666666666666,0.0,0.5,Active
90fdd923-1bac-4fa3-9114-2cffe5a3b46c,0.0,VERY LOW,APPROVE,44.53333333333333,2.0,1.0,Active
99803959-2219-4684-a3b7-2cb2407426e5,0.0,VERY LOW,APPROVE,72.86666666666666,0.0,0.5,Active
7e834915-4b0a-48c2-b52a-bf57e017b1b6,0.0,VERY LOW,APPROVE,60.2,2.0,1.0,Active
af073da6-02b8-4f19-90f2-fada61a6310a,0.04,VERY LOW,APPROVE,59.06666666666667,1.0,1.0,Active
bb04fcc3-4684-4939-a659-83cf6f628a7d,0.0,VERY LOW,APPROVE,20.566666666666666,0.0,0.5,Inactive
60fb8e35-c1d3-4aa5-ab61-5ea9682e2a4c,0.0,VERY LOW,APPROVE,65.83333333333333,1.0,1.0,Active
db75150e-cbe4-4548-80ad-7b30735e80e5,0.0,VERY LOW,APPROVE,50.1,0.0,0.5,Active
48de55f6-368f-4603-9e2d-e13b8a51834c,64.4,HIGH,APPROVE WITH STRICT TERMS,59.06666666666667,1.0,0.0,Active
dd18ffce-da81-48d4-a236-c4ac202e6d8b,0.0,VERY LOW,APPROVE,68.9,0.0,0.5,Terminated
446800f7-9937-4752-99c7-f0ff67b5347b,0.0,VERY LOW,APPROVE,31.733333333333334,0.0,0.5,Active
1a30a205-35f5-4bef-8380-3ca78695eca2,0.0,VERY LOW,APPROVE,61.233333333333334,0.0,0.5,Active
0302611e-89d6-4d84-b7f0-ea82b3a31f46,0.0,VERY LOW,APPROVE,25.366666666666667,0.0,0.5,Active
87c57c94-5d19-4276-81f1-75648c1eaf86,65.11,HIGH,APPROVE WITH STRICT TERMS,34.86666666666667,1.0,0.0,Active
d90fbab7-1c2c-41b3-90dc-1f18b96bfed9,86.53,VERY HIGH,REJECT,51.5,1.0,0.0,Active
7bdef2f5-96a0-4f2a-b9c4-38e84a519cd9,0.0,VERY LOW,APPROVE,29.066666666666666,2.0,1.0,Active
e324cb40-379f-4b1b-b50e-194bf0a7ad7c,0.0,VERY LOW,APPROVE,59.46666666666667,0.0,0.5,Inactive
24ed8bda-c243-4b48-bba8-f2bf27acaaa6,0.0,VERY LOW,APPROVE,61.13333333333333,1.0,1.0,Active
35c6bf0e-35d6-4e17-b5eb-702ab0036b4d,47.3,MEDIUM,APPROVE WITH CAUTION,56.166666666666664,4.0,0.75,Active
8a0c5316-54bc-4edf-9194-d5ae3acee07d,0.0,VERY LOW,APPROVE,37.766666666666666,1.0,1.0,Active
bda212ac-bddd-47c4-81e8-8a7bdc3c138d,73.26,VERY HIGH,REJECT,49.333333333333336,1.0,0.0,Active
695a6cf0-8c16-4add-a632-d7293f4f7675,0.0,VERY LOW,APPROVE,74.23333333333333,0.0,0.5,Active
b8dc1251-cd38-474a-9280-2f7d9ada2f65,0.48,VERY LOW,APPROVE,60.733333333333334,2.0,1.0,Active
c7d94b23-140d-4e51-bc3c-75042052342c,0.12,VERY LOW,APPROVE,65.53333333333333,1.0,1.0,Active
0ab23b1a-5774-413a-9fe7-28c2d8186540,63.39,HIGH,APPROVE WITH STRICT TERMS,34.233333333333334,1.0,0.0,Active
3076fcf6-123c-4d35-abb7-775d74098d50,0.0,VERY LOW,APPROVE,50.733333333333334,1.0,1.0,Active
adcbf276-d3c7-48ce-9f7d-7295ca8d2476,0.0,VERY LOW,APPROVE,38.266666666666666,2.0,1.0,Active
926a3422-4847-47b2-9e2d-f6b6b3cdf095,0.0,VERY LOW,APPROVE,71.1,0.0,0.5,Active
29b9d332-ace5-477b-8812-f1233f60e26a,42.58,MEDIUM,APPROVE WITH CAUTION,30.6,1.0,0.0,Active
075ccb81-4ebc-4614-9da9-79a854b4e218,72.06,VERY HIGH,REJECT,59.233333333333334,2.0,0.5,Active
bf2715de-8699-402b-8a47-9eb9bdcdf777,0.05,VERY LOW,APPROVE,21.333333333333332,1.0,1.0,Active
bf201760-aa5d-4613-b72a-2217178a8310,0.0,VERY LOW,APPROVE,22.833333333333332,0.0,0.5,Active
8bd7c1a4-5867-4d02-9b3a-4e4b32d7a2fb,0.04,VERY LOW,APPROVE,35.166666666666664,1.0,1.0,Active
c3569751-6f98-4f2e-acf6-2652f4ef42bc,0.0,VERY LOW,APPROVE,59.733333333333334,0.0,0.5,Active
9f7daf36-4339-4bef-a347-75c9edf48c87,0.0,VERY LOW,APPROVE,17.933333333333334,0.0,0.5,Inactive
330c3537-f13c-44ed-ab69-2df8ec7eee24,58.93,HIGH,APPROVE WITH STRICT TERMS,55.43333333333333,2.0,0.5,Active
2af2baa1-16d1-4bb4-9ae8-8dd2f6f7897e,0.63,VERY LOW,APPROVE,34.333333333333336,3.0,1.0,Active
0b59294e-1e05-4986-a622-74e17709a7d4,0.0,VERY LOW,APPROVE,22.566666666666666,0.0,0.5,Active
9bd0d980-e2db-454d-81d8-7351b5e8960c,65.24,HIGH,APPROVE WITH STRICT TERMS,37.36666666666667,2.0,0.5,Active
1ebafd3d-34bc-4c7f-a4ec-cae0b5a5d137,0.0,VERY LOW,APPROVE,60.3,0.0,0.5,Active
810e967a-b706-4e01-96ee-bf6846b7b567,0.0,VERY LOW,APPROVE,29.566666666666666,1.0,1.0,Active
13cae42d-8a34-4236-b480-18601240397e,0.0,VERY LOW,APPROVE,62.93333333333333,1.0,1.0,Active
9e25fb7f-fc46-4736-bb49-ecba0c67eceb,0.0,VERY LOW,APPROVE,17.766666666666666,1.0,1.0,Active
271bca85-881c-46a2-a529-c2a934211beb,0.0,VERY LOW,APPROVE,66.63333333333334,1.0,1.0,Active
861207e5-892e-4116-93b9-f6ac6abbdbd2,0.0,VERY LOW,APPROVE,25.233333333333334,0.0,0.5,Active
3dcd9eb1-64eb-4953-8d18-fe6ed56729a2,67.17,HIGH,APPROVE WITH STRICT TERMS,52.6,4.0,0.75,Active
785502f0-9807-4f0b-962c-91e21797cd0b,75.01,VERY HIGH,REJECT,21.933333333333334,1.0,0.0,Active
57e3e2a0-af34-4325-9fd8-2d99e64753d5,0.0,VERY LOW,APPROVE,57.8,2.0,1.0,Active
d4a3ef9f-e44b-46dd-a9c7-b3a07b46bbdd,0.0,VERY LOW,APPROVE,18.433333333333334,0.0,0.5,Active
c9d0fb9d-2330-4439-9e67-a89dcecf577b,0.0,VERY LOW,APPROVE,65.0,2.0,1.0,Active
d808e905-8624-483c-88df-a099391ec63c,0.0,VERY LOW,APPROVE,67.16666666666667,0.0,0.5,Inactive
bf72c4f3-cf2b-46a8-807c-0fa466241e03,0.0,VERY LOW,APPROVE,25.8,1.0,1.0,Active
e93ed9ad-b67f-467f-b788-a328de4a581d,0.0,VERY LOW,APPROVE,31.3,0.0,0.5,Active
c7fda52d-2c1f-418b-be61-5ccc1bbccb74,0.43,VERY LOW,APPROVE,29.5,1.0,1.0,Active
725356dc-fcce-430f-8387-079a49065df5,0.0,VERY LOW,APPROVE,61.36666666666667,0.0,0.5,Active
2a276543-84af-4115-9e19-bbbecb7bb0ad,0.0,VERY LOW,APPROVE,50.86666666666667,0.0,0.5,Active
6f0ac7e7-fdad-4f1f-be71-2ada3c216a2c,0.0,VERY LOW,APPROVE,49.03333333333333,1.0,1.0,Active
d1db475e-8913-4d02-9f89-61312fd99915,0.0,VERY LOW,APPROVE,44.03333333333333,0.0,0.5,Active
ff38a1b6-a692-4f8e-83e4-5ad75c22d9b1,53.91,HIGH,APPROVE WITH STRICT TERMS,27.066666666666666,1.0,0.0,Active
0fa45949-13ae-4e18-b58f-ec6488f1b35d,0.0,VERY LOW,APPROVE,41.5,1.0,1.0,Active
90da71c2-a495-4361-8bab-41b77cd5530e,0.04,VERY LOW,APPROVE,72.2,2.0,1.0,Active
52ec4c11-4d96-4d84-9d68-7760a47946ac,0.0,VERY LOW,APPROVE,30.8,2.0,1.0,Active
aab929bf-3eb0-4926-8617-fc162789f607,0.0,VERY LOW,APPROVE,28.9,1.0,1.0,Active
9ca2920d-5c11-4455-a78f-d79b8ec98570,0.0,VERY LOW,APPROVE,49.36666666666667,1.0,1.0,Active
543f797f-b4fe-42da-aeda-2bd0fc100dd7,69.03,HIGH,APPROVE WITH STRICT TERMS,75.33333333333333,3.0,0.6666666666666666,Active
e7dcd3ca-7f32-4cce-990d-0d0682749bd1,0.0,VERY LOW,APPROVE,22.033333333333335,0.0,0.5,Inactive
f3cdf27f-a45f-410d-9ad0-9a698a2ddb7f,0.0,VERY LOW,APPROVE,50.46666666666667,0.0,0.5,Active
8d5a4a82-143b-4b90-bc76-1ecdb82135e3,0.0,VERY LOW,APPROVE,41.93333333333333,1.0,1.0,Active
e95ba218-2cba-4af4-b64a-100be7a5d2df,0.0,VERY LOW,APPROVE,42.833333333333336,0.0,0.5,Active
02f7112f-73f5-4c28-a996-a2193cfb125b,0.0,VERY LOW,APPROVE,56.96666666666667,2.0,1.0,Active
409f82e6-95c9-4be6-bbf1-a98849e79a8f,43.01,MEDIUM,APPROVE WITH CAUTION,20.833333333333332,1.0,0.0,Active
34bdab00-24ce-4590-9a85-0d673ae6f3c3,0.0,VERY LOW,APPROVE,31.133333333333333,3.0,1.0,Active
95068cbf-bfb4-44ea-9fb0-abc2148aaa01,69.31,HIGH,APPROVE WITH STRICT TERMS,53.6,1.0,0.0,Active
65bc5546-b343-40f2-aa56-916447b603f0,0.0,VERY LOW,APPROVE,47.56666666666667,0.0,0.5,Inactive
723b77cc-62d5-40de-b08b-eee7096264e6,0.0,VERY LOW,APPROVE,75.66666666666667,0.0,0.5,Inactive
745d2682-ff10-4598-b410-4aaa9a82090b,0.0,VERY LOW,APPROVE,63.63333333333333,0.0,0.5,Inactive
9c0ccc66-bce9-4ebd-bf14-401705dc6de4,0.0,VERY LOW,APPROVE,22.733333333333334,1.0,1.0,Active
674c6a5d-4ba2-4145-ba3e-4c800867e195,0.0,VERY LOW,APPROVE,51.03333333333333,1.0,1.0,Active
0a850c41-c91d-42bc-8cae-624478afd4d1,0.0,VERY LOW,APPROVE,16.9,0.0,0.5,Active
094d9244-b96e-4cf4-8f4b-dd4f4b7b6c73,0.0,VERY LOW,APPROVE,31.566666666666666,2.0,1.0,Active
1d24d0ed-d7fd-41e9-8ad2-e1659731065d,0.0,VERY LOW,APPROVE,61.53333333333333,0.0,0.5,Active
5c2d43cd-e1f8-4989-9ced-28ad13afc7b1,86.41,VERY HIGH,REJECT,52.266666666666666,1.0,0.0,Active
e87e8ca6-45c9-477f-babc-162aaadacb26,63.82,HIGH,APPROVE WITH STRICT TERMS,16.866666666666667,1.0,0.0,Active
02b01966-45fe-4622-911f-956411011f13,87.02,VERY HIGH,REJECT,48.0,2.0,0.0,Active
2d97f7a4-6849-451a-9b24-afc8c405fef3,87.56,VERY HIGH,REJECT,39.733333333333334,1.0,0.0,Active
b808eb11-0517-40c3-80f6-7f46480cd321,0.0,VERY LOW,APPROVE,74.8,1.0,1.0,Active
f1224569-70a6-4697-88c2-07f057e2b720,97.04,VERY HIGH,REJECT,69.9,4.0,0.5,Active
f0b40f05-7d05-4099-b725-3aed087f39c7,0.0,VERY LOW,APPROVE,71.0,0.0,0.5,Inactive
4b81a580-1aac-498a-b8bc-a50bb9b547cc,96.9,VERY HIGH,REJECT,50.06666666666667,2.0,0.0,Active
a1f9302d-8c9e-490f-addc-bfabc258d122,0.0,VERY LOW,APPROVE,22.966666666666665,2.0,1.0,Active
58f757c4-ca22-40c7-aaa9-44ea0b6906a5,0.0,VERY LOW,APPROVE,61.4,0.0,0.5,Inactive
cc49d57e-656b-4b7f-b285-029175382399,0.0,VERY LOW,APPROVE,27.033333333333335,0.0,0.5,Active
20dcad80-78f7-48cf-bb7f-ac69cb9a7b02,85.95,VERY HIGH,REJECT,35.666666666666664,3.0,0.3333333333333333,Active
c732f29f-4d80-46c3-b163-4dcad27ebc73,70.23,VERY HIGH,REJECT,59.96666666666667,4.0,0.75,Active
577875de-75cc-4990-8516-a14bf619bf72,0.0,VERY LOW,APPROVE,25.866666666666667,0.0,0.5,Inactive
cb1a389f-69db-47a9-b8c2-41741ba7feac,0.0,VERY LOW,APPROVE,59.9,0.0,0.5,Active
ceca0274-bfdd-4241-b23e-a34a7e2c9ffa,94.93,VERY HIGH,REJECT,53.6,2.0,0.0,Active
a7dd6e26-20d6-406c-b0c7-6f557fe93f3e,67.56,HIGH,APPROVE WITH STRICT TERMS,38.1,1.0,0.0,Active
7c039f71-df4e-4bda-95ac-7f07ac573f6f,79.52,VERY HIGH,REJECT,51.86666666666667,1.0,0.0,Active
639db4eb-deaf-4245-abc1-e4d80c620ab3,0.0,VERY LOW,APPROVE,47.0,1.0,1.0,Active
3ba98284-e6c4-4b5b-a58c-1e429481d7e7,52.82,HIGH,APPROVE WITH STRICT TERMS,70.6,1.0,0.0,Active
8a1db6d5-a3e6-45f7-858e-1a619850961e,0.0,VERY LOW,APPROVE,54.56666666666667,0.0,0.5,Active
92bd8475-c635-47e9-b6dc-6165ab3d1a14,0.0,VERY LOW,APPROVE,55.266666666666666,1.0,1.0,Active
f1f8a01b-5b0b-4702-85f1-ef005c6c86a3,0.0,VERY LOW,APPROVE,36.0,0.0,0.5,Active
0002491b-9483-45a4-a20c-e20ad9379d3e,0.0,VERY LOW,APPROVE,34.93333333333333,1.0,1.0,Active
b0d1d3a2-c316-418f-b15b-32f8f93f8182,68.29,HIGH,APPROVE WITH STRICT TERMS,22.666666666666668,2.0,0.5,Active
bbac1d0b-cc12-407e-b57c-69acad78010e,42.85,MEDIUM,APPROVE WITH CAUTION,70.4,1.0,0.0,Active
ab8a1cec-dcca-4592-8a53-5994fd79ccde,80.69,VERY HIGH,REJECT,52.06666666666667,3.0,0.6666666666666666,Active
8a709376-a4bf-476e-ac11-d2917093dd6b,87.36,VERY HIGH,REJECT,43.833333333333336,1.0,0.0,Active
343c538c-0771-4663-a585-8b65ac582db2,51.7,HIGH,APPROVE WITH STRICT TERMS,18.533333333333335,1.0,0.0,Active
23ada900-2d5a-4738-a410-97108659a8cc,0.0,VERY LOW,APPROVE,32.0,1.0,1.0,Active
a04c64d0-a69f-40cf-ad1e-56aca99abc7e,59.41,HIGH,APPROVE WITH STRICT TERMS,72.26666666666667,1.0,0.0,Active
0f52428d-cc22-494f-bc4f-9245e9136083,0.0,VERY LOW,APPROVE,58.766666666666666,1.0,1.0,Active
2eae0095-6ca7-4c1e-8ddb-6d263c871c23,73.17,VERY HIGH,REJECT,37.8,2.0,0.5,Active
f55a1089-e2d5-4090-8d31-eb7661284b76,73.68,VERY HIGH,REJECT,61.63333333333333,2.0,0.5,Active
d8979e75-7730-4d87-9967-d80511e60b22,0.0,VERY LOW,APPROVE,37.9,1.0,1.0,Active
5f673457-3f6e-4a75-94e1-97c30f21befa,59.99,HIGH,APPROVE WITH STRICT TERMS,58.53333333333333,2.0,0.5,Active
99eecaf1-5d5c-4ead-bd3e-f612c367a923,0.0,VERY LOW,APPROVE,60.9,0.0,0.5,Inactive
11ed9a18-2afa-4760-80d2-839810a54f4c,0.0,VERY LOW,APPROVE,69.96666666666667,0.0,0.5,Active
2a6fa5a5-8d07-4216-b331-ecf2f039744b,0.0,VERY LOW,APPROVE,60.733333333333334,1.0,1.0,Active
bb24500b-cd28-42f5-8191-4c0ae28fc681,0.0,VERY LOW,APPROVE,72.9,1.0,1.0,Active
aba14aa6-defc-404a-b338-bef3840ad3e4,81.97,VERY HIGH,REJECT,51.733333333333334,2.0,0.5,Active
d2ade524-e644-44c8-80c7-18de3a0ba554,74.65,VERY HIGH,REJECT,51.06666666666667,1.0,0.0,Active
c8ddf878-e121-4601-84ea-d1ada4f6ca6d,0.0,VERY LOW,APPROVE,18.333333333333332,0.0,0.5,Active
535ec53b-7998-4763-aaf6-f64734a3e878,0.0,VERY LOW,APPROVE,63.7,1.0,1.0,Active
e460af54-d4d4-4833-91a6-6148ae6b90c9,0.0,VERY LOW,APPROVE,48.93333333333333,1.0,1.0,Active
21509feb-c8ad-436c-8340-6b394ae1a718,0.0,VERY LOW,APPROVE,74.96666666666667,0.0,0.5,Inactive
853697a9-ae56-4b29-8420-f266708c9b8d,96.95,VERY HIGH,REJECT,54.56666666666667,2.0,0.0,Active
2258d600-7032-423a-8164-bd1e8b7250ba,0.0,VERY LOW,APPROVE,72.73333333333333,0.0,0.5,Active
4ff2d38a-6ed2-4e01-8bab-7fd67c568940,0.0,VERY LOW,APPROVE,40.666666666666664,2.0,1.0,Active
dc2b60a3-5f44-4551-b7ef-c17c5a9ce58d,0.43,VERY LOW,APPROVE,60.733333333333334,1.0,1.0,Active
21f8a762-6bf1-49e1-88ae-35c078eee513,0.0,VERY LOW,APPROVE,42.2,0.0,0.5,Terminated
8f318575-e96b-4b16-8be1-023159715c40,90.61,VERY HIGH,REJECT,47.666666666666664,1.0,0.0,Active
aaece2aa-766e-4657-bf3f-925cafd172e1,0.0,VERY LOW,APPROVE,47.36666666666667,2.0,1.0,Active
296defdd-2aa3-4f91-a535-bbbf09417cb9,0.0,VERY LOW,APPROVE,21.4,0.0,0.5,Active
a72202a9-6f24-45a7-8ce9-6429fb9d5b52,0.0,VERY LOW,APPROVE,74.66666666666667,1.0,1.0,Active
51ad0484-56d7-4c0b-9000-60a8db574aed,91.24,VERY HIGH,REJECT,63.3,1.0,0.0,Active
bd87429c-2942-4cfa-8406-e001d1dfd4b4,0.0,VERY LOW,APPROVE,46.233333333333334,0.0,0.5,Inactive
be9d7269-91ff-41b3-a57b-2042df39234e,0.0,VERY LOW,APPROVE,72.53333333333333,2.0,1.0,Active
74d782ef-9cfd-4c55-9ea1-bd96d5125258,0.0,VERY LOW,APPROVE,58.233333333333334,0.0,0.5,Terminated
419f9029-919a-48a7-ad68-75f86c9fc48e,0.0,VERY LOW,APPROVE,60.7,0.0,0.5,Active
625c9fef-514a-4f53-a497-73d3f4d0bb41,57.59,HIGH,APPROVE WITH STRICT TERMS,33.766666666666666,1.0,0.0,Active
02862906-a2b3-44cc-bc21-484a2fb66cd5,0.0,VERY LOW,APPROVE,67.5,1.0,1.0,Active
064ee2e4-5660-4193-bda8-ca1dcc0603a8,0.0,VERY LOW,APPROVE,72.0,1.0,1.0,Active
319e9dcb-a799-4fba-896a-1a1e793997fa,0.0,VERY LOW,APPROVE,71.76666666666667,0.0,0.5,Inactive
971132c8-4e87-42e2-bede-7ff50361db74,0.0,VERY LOW,APPROVE,48.2,0.0,0.5,Active
9b285742-d793-42e6-9637-29ef1682d292,0.0,VERY LOW,APPROVE,17.866666666666667,1.0,1.0,Active
089793d8-4325-4f39-b6fd-ba23dd1cf9ac,0.0,VERY LOW,APPROVE,62.9,2.0,1.0,Active
2d06bec5-5849-44bf-a052-06dd04652238,61.74,HIGH,APPROVE WITH STRICT TERMS,31.933333333333334,1.0,0.0,Active
d5102fd8-245a-41b6-af60-bf7a310272a2,0.0,VERY LOW,APPROVE,17.333333333333332,2.0,1.0,Active
12a2543a-f29a-4137-8192-5524aed7a951,0.0,VERY LOW,APPROVE,57.53333333333333,2.0,1.0,Active
2a4bcd25-0b75-4836-b0c7-91031fa57ae0,0.0,VERY LOW,APPROVE,38.96666666666667,1.0,1.0,Active
7ecde06a-a79b-4e51-a7bb-f36d910966cb,89.41,VERY HIGH,REJECT,26.433333333333334,4.0,0.75,Active
5e115de3-7c9a-4e61-9b06-7a368764d85f,0.95,VERY LOW,APPROVE,59.666666666666664,4.0,1.0,Active
b1ce81ee-4184-4be5-89e5-3dbffeeccbf4,71.23,VERY HIGH,REJECT,41.766666666666666,2.0,0.5,Active
8c800a82-d105-4db3-b82d-49dd7d0cc1b9,0.0,VERY LOW,APPROVE,19.633333333333333,0.0,0.5,Active
0b02a011-4086-418f-9f6f-e86c94651b5c,87.36,VERY HIGH,REJECT,26.666666666666668,1.0,0.0,Active
9b772f55-840f-4840-83ce-1ab9b2a7fa34,75.69,VERY HIGH,REJECT,48.166666666666664,1.0,0.0,Active
f470637e-9bb8-46e0-ad88-ff7ce7d9653c,0.0,VERY LOW,APPROVE,63.733333333333334,1.0,1.0,Active
cd430caa-6f40-41f1-a70e-9aaaeb3c303b,0.0,VERY LOW,APPROVE,26.633333333333333,0.0,0.5,Active
f896fd33-9b90-4791-a810-9094f9ceb43d,0.0,VERY LOW,APPROVE,63.833333333333336,1.0,1.0,Active
8e96295a-bac4-4122-ada3-c38b18611676,0.43,VERY LOW,APPROVE,71.96666666666667,1.0,1.0,Active
9ced5e71-06ab-493e-a552-50c1110ca807,0.0,VERY LOW,APPROVE,60.4,0.0,0.5,Terminated
0fd7999e-c02f-4465-86d2-8fb298363688,93.45,VERY HIGH,REJECT,48.7,2.0,0.0,Active
c3f70eea-57e8-4a98-8e18-2e4393a582ff,0.0,VERY LOW,APPROVE,24.366666666666667,0.0,0.5,Inactive
c253a3d1-44df-4d25-af84-1de7f6840e63,0.0,VERY LOW,APPROVE,18.966666666666665,1.0,1.0,Active
6b4c2267-cd47-4493-ad8c-8f6ff5873f1e,45.81,MEDIUM,APPROVE WITH CAUTION,68.03333333333333,1.0,0.0,Active
a0e1679d-e094-4ee4-913c-1ced4d4f4468,0.0,VERY LOW,APPROVE,48.733333333333334,0.0,0.5,Active
dbef0444-51b3-44a6-9a87-dbd0aa247f93,0.0,VERY LOW,APPROVE,62.2,0.0,0.5,Active
7fb3cd52-22bd-4502-880d-6c926de7f7ab,0.0,VERY LOW,APPROVE,50.13333333333333,0.0,0.5,Active
79e08a88-489e-465f-8409-86f4e9c1c7ea,0.04,VERY LOW,APPROVE,26.6,1.0,1.0,Active
3686ec92-2bf5-4615-a830-ccae1a089f78,0.0,VERY LOW,APPROVE,65.36666666666666,1.0,1.0,Active
64e48667-4e0a-4221-a569-3d8807d47006,0.0,VERY LOW,APPROVE,71.43333333333334,0.0,0.5,Active
1f04acf3-607d-4aa0-8786-006e127fb78a,0.0,VERY LOW,APPROVE,52.4,0.0,0.5,Inactive
618dcdb2-af01-4f74-b3a4-c9ae1742d515,0.04,VERY LOW,APPROVE,59.96666666666667,1.0,1.0,Active
0d95ed7c-71f3-4878-9ff5-232b2ea8785c,94.85,VERY HIGH,REJECT,34.06666666666667,3.0,0.3333333333333333,Active
41e12407-505f-4481-b1ee-80772ff334ef,0.0,VERY LOW,APPROVE,51.7,1.0,1.0,Active
f6ca0155-76ae-4b0f-a7cd-8574d10d18e8,84.71,VERY HIGH,REJECT,31.033333333333335,4.0,0.5,Active
28e92179-4bfb-4d8d-aa48-77ad30ca0883,0.0,VERY LOW,APPROVE,51.333333333333336,0.0,0.5,Inactive
1101a941-8be7-4c27-95f7-cc9ba089e471,0.0,VERY LOW,APPROVE,31.2,0.0,0.5,Active
a7ac1f19-0c7a-4a56-b840-c692db67d0da,0.0,VERY LOW,APPROVE,21.8,1.0,1.0,Active
8f6b4f5f-e71f-49bb-a3f3-8abd084f0875,0.0,VERY LOW,APPROVE,72.06666666666666,1.0,1.0,Active
4a969db2-2011-496d-996c-440dff3ef28f,0.0,VERY LOW,APPROVE,31.833333333333332,2.0,1.0,Active
fb0c62ed-1135-4091-9c15-c63fb48bf001,79.12,VERY HIGH,REJECT,47.86666666666667,2.0,0.5,Active
381b2205-f1c0-4164-bf9f-146e7bb62b1f,81.41,VERY HIGH,REJECT,72.36666666666666,2.0,0.5,Active
4b23b11b-8335-4783-a28c-393d84dac4a4,0.0,VERY LOW,APPROVE,58.8,0.0,0.5,Inactive
12a500b1-b9de-4f9b-b06d-f9a4c60d46dd,0.0,VERY LOW,APPROVE,55.733333333333334,0.0,0.5,Terminated
5a63495e-867e-4686-a391-3b00ef6b379b,83.42,VERY HIGH,REJECT,47.666666666666664,2.0,0.5,Active
dc90c054-376e-4041-97f8-41491d59f9db,0.26,VERY LOW,APPROVE,32.3,3.0,1.0,Active
0cb3de0a-6e92-4609-98b1-29b325ae2415,80.93,VERY HIGH,REJECT,31.033333333333335,1.0,0.0,Active
76a03c9a-6c78-40da-b4f3-7bd6fea73151,0.0,VERY LOW,APPROVE,49.43333333333333,2.0,1.0,Active
75235e42-ac49-49b4-a3c0-60a42cee6c7a,67.24,HIGH,APPROVE WITH STRICT TERMS,49.233333333333334,1.0,0.0,Active
e316ba42-2375-44ec-ad68-48af377ad5f1,0.0,VERY LOW,APPROVE,62.53333333333333,1.0,1.0,Active
ff5870ab-24b0-493e-847a-bc1e1eba820c,85.5,VERY HIGH,REJECT,16.8,1.0,0.0,Active
3308a419-48c6-4ba7-b480-f2711bf007e7,0.0,VERY LOW,APPROVE,65.13333333333334,0.0,0.5,Inactive
4b1bcdf7-de0c-4493-ba2d-083d0860d101,0.0,VERY LOW,APPROVE,42.6,0.0,0.5,Active
63988c5e-62b9-4a39-86ea-9dbbb6b4ebe0,0.0,VERY LOW,APPROVE,18.066666666666666,0.0,0.5,Active
3c32c207-0748-4ffc-a40c-283723b56fe3,0.0,VERY LOW,APPROVE,73.13333333333334,0.0,0.5,Active
fdfda5c4-3c98-4467-a6a1-d6a573c018fa,76.19,VERY HIGH,REJECT,69.16666666666667,3.0,0.6666666666666666,Active
a6624a47-ba1f-40fc-801a-2418fd8dacad,0.0,VERY LOW,APPROVE,31.0,1.0,1.0,Active
8bff67cc-494d-4d42-b8d9-9d129dce76ea,0.05,VERY LOW,APPROVE,21.933333333333334,1.0,1.0,Active
4d86d1a1-96f1-4810-8d67-a8276e9a6424,67.59,HIGH,APPROVE WITH STRICT TERMS,69.9,1.0,0.0,Active
91a6539b-4dfa-4043-9038-cc7e86fece76,0.0,VERY LOW,APPROVE,70.76666666666667,1.0,1.0,Active
74534c8c-8c53-44df-a840-271d87637e81,0.0,VERY LOW,APPROVE,29.0,2.0,1.0,Active
ceb7e086-56f7-4d88-8cbc-6af3d3d66790,0.0,VERY LOW,APPROVE,42.3,0.0,0.5,Active
1234db40-9526-4279-9326-ab62f81aa003,61.7,HIGH,APPROVE WITH STRICT TERMS,51.233333333333334,3.0,0.6666666666666666,Active
3485eed6-3671-4d58-9a3b-dda33a57deaf,71.3,VERY HIGH,REJECT,73.9,1.0,0.0,Active
52f0cf9f-8698-4d47-be36-d771aa3d6865,0.53,VERY LOW,APPROVE,73.8,3.0,1.0,Active
ff4c4c2c-1ea5-4127-a395-8455588e961e,0.0,VERY LOW,APPROVE,18.433333333333334,0.0,0.5,Inactive
23cb7516-e6eb-4b30-abf3-c4e7826dc89d,0.0,VERY LOW,APPROVE,46.4,1.0,1.0,Active
5a2d7442-9020-4710-a40b-c15341afb68e,0.0,VERY LOW,APPROVE,63.333333333333336,1.0,1.0,Active
73baff4b-05e5-4a18-9754-1c94ec8ad814,0.0,VERY LOW,APPROVE,43.733333333333334,0.0,0.5,Active
6874c4ec-9a1b-4326-af89-b9e0a14611aa,0.0,VERY LOW,APPROVE,56.233333333333334,1.0,1.0,Active
2efe65b3-50ca-4a34-9d76-6a5ca51b8f4a,0.05,VERY LOW,APPROVE,24.533333333333335,1.0,1.0,Active
8428a041-90e4-40dc-9002-569f82d5b4f4,71.65,VERY HIGH,REJECT,49.7,1.0,0.0,Active
2b0e2d38-f033-4d2a-bc79-4825718e9cf0,92.32,VERY HIGH,REJECT,28.933333333333334,2.0,0.0,Active
b312ab88-3b37-4d74-8c81-40fbcbc5e103,0.0,VERY LOW,APPROVE,32.2,1.0,1.0,Active
4689bfc4-fc9c-4111-a7b7-9abbbfd49081,33.76,MEDIUM,APPROVE WITH CAUTION,58.7,3.0,0.6666666666666666,Active
efb23bdc-84ce-4861-a134-babfa6760a3f,0.0,VERY LOW,APPROVE,66.16666666666667,1.0,1.0,Active
c9e6bf5b-cbd0-4e3d-aec0-7f72f58c9248,65.08,HIGH,APPROVE WITH STRICT TERMS,58.56666666666667,1.0,0.0,Active
b7fc3bc9-260c-42c9-b807-a0c16e983d67,0.0,VERY LOW,APPROVE,76.03333333333333,0.0,0.5,Active
7bd55111-8ba4-4538-b5cd-3327e5b6f7b3,0.0,VERY LOW,APPROVE,76.6,2.0,1.0,Active
74ffe079-f587-4efb-99a2-3f417de31cc8,0.0,VERY LOW,APPROVE,24.833333333333332,1.0,1.0,Active
282019ec-51f9-4a9e-afed-8a885d91383f,0.0,VERY LOW,APPROVE,23.133333333333333,0.0,0.5,Terminated
2294455d-cda4-44c9-a256-1102d5aea9ff,0.0,VERY LOW,APPROVE,40.333333333333336,1.0,1.0,Active
5ec0116f-841e-4720-93c4-9ea404a113de,0.0,VERY LOW,APPROVE,19.3,0.0,0.5,Active
1a8023fd-e808-48f0-8a8c-77c1eea161f0,0.0,VERY LOW,APPROVE,60.53333333333333,0.0,0.5,Inactive
c0911d7d-28ab-490d-8d0c-c7651a42155a,0.0,VERY LOW,APPROVE,71.26666666666667,0.0,0.5,Inactive
bb6057a5-3d91-4872-93e1-afef7bb07af9,0.0,VERY LOW,APPROVE,62.3,1.0,1.0,Active
a2424190-314e-4159-acd8-48d9567d3d6a,0.0,VERY LOW,APPROVE,22.533333333333335,0.0,0.5,Terminated
ec4d6e0b-5379-49f8-a3d4-e5e1572656d1,53.97,HIGH,APPROVE WITH STRICT TERMS,46.53333333333333,3.0,0.6666666666666666,Active
94cb9b2d-699a-4013-8402-4d0122b8f3bb,0.0,VERY LOW,APPROVE,58.1,0.0,0.5,Inactive
a1fb7a01-8fec-4d0c-8d1d-5879d1dad55c,85.99,VERY HIGH,REJECT,56.0,1.0,0.0,Active
d36c7d77-809b-45d2-a5ed-a94c9b1f00b4,0.0,VERY LOW,APPROVE,52.7,1.0,1.0,Active
71a1e416-79b5-400c-9d04-91b9dfbfa4a9,0.0,VERY LOW,APPROVE,46.36666666666667,0.0,0.5,Active
81d87665-0fb2-46ea-ba95-7540104d46d5,0.0,VERY LOW,APPROVE,65.2,2.0,1.0,Active
21e76b8d-224e-4585-9515-9a08a167e8c0,55.86,HIGH,APPROVE WITH STRICT TERMS,19.066666666666666,1.0,0.0,Active
78433b38-444f-438b-88dc-8772dc2fbbc6,0.0,VERY LOW,APPROVE,51.03333333333333,2.0,1.0,Active
1b6b476c-42c2-4df5-9f9e-a593da91f09e,0.0,VERY LOW,APPROVE,53.2,1.0,1.0,Active
2bfa40a7-9d1e-4433-92d7-1dc5ebba2ec0,0.0,VERY LOW,APPROVE,19.233333333333334,1.0,1.0,Active
f628412c-52a7-4ed6-a47c-c32fc1e09487,54.48,HIGH,APPROVE WITH STRICT TERMS,41.86666666666667,1.0,0.0,Active
99d3c820-58df-4efe-b669-f41e3346e40a,0.0,VERY LOW,APPROVE,73.2,0.0,0.5,Active
edcba5a9-526e-4827-a463-f5482af65b66,0.0,VERY LOW,APPROVE,55.266666666666666,1.0,1.0,Active
ac11f999-4434-4ba6-9c6c-b77dfff1ba62,0.0,VERY LOW,APPROVE,71.2,0.0,0.5,Inactive
b211a2f1-143d-445c-a784-d9374abf6853,98.33,VERY HIGH,REJECT,61.13333333333333,3.0,0.3333333333333333,Active
f40a8f59-5ff9-4a2e-bf53-5b9aa5a680c2,0.0,VERY LOW,APPROVE,70.76666666666667,0.0,0.5,Active
c8f5c876-df22-4c95-b116-41503d6843d4,0.0,VERY LOW,APPROVE,27.333333333333332,0.0,0.5,Active
d1a53a69-ad4b-4821-8245-22d7e4626eb7,0.0,VERY LOW,APPROVE,20.766666666666666,0.0,0.5,Inactive
a9ed0ae4-0d88-463c-b8bb-a9903f52c474,95.91,VERY HIGH,REJECT,75.93333333333334,2.0,0.0,Active
53902286-c2ec-4887-b328-3614bafd60a7,96.28,VERY HIGH,REJECT,37.13333333333333,2.0,0.0,Active
c9b370bd-3105-494f-b413-49db7b2270a7,31.91,MEDIUM,APPROVE WITH CAUTION,21.233333333333334,1.0,0.0,Active
448ac60d-11e3-42d9-82e8-6230d876c46e,0.0,VERY LOW,APPROVE,51.3,2.0,1.0,Active
405a21a1-2c0d-4aa3-915a-c8425923f580,75.0,VERY HIGH,REJECT,36.2,1.0,0.0,Active
76bd6e63-84c2-49be-9836-383da7729f2a,0.0,VERY LOW,APPROVE,25.0,1.0,1.0,Active
e091a847-18af-44e9-a99d-8c01bc4cb062,74.57,VERY HIGH,REJECT,42.13333333333333,1.0,0.0,Active
071ef832-9f65-4e82-af52-777471b0f3be,0.0,VERY LOW,APPROVE,44.7,1.0,1.0,Active
b20016bc-cc9a-46c4-9b36-f7191bd4e618,0.0,VERY LOW,APPROVE,55.53333333333333,0.0,0.5,Active
79b23362-3f19-4825-a590-46177708676c,0.0,VERY LOW,APPROVE,45.86666666666667,1.0,1.0,Active
0d724e58-3f9e-43a4-985e-da85deb4e192,0.0,VERY LOW,APPROVE,45.9,0.0,0.5,Active
5040dffc-be3e-4059-b020-f9130e0f9a89,54.22,HIGH,APPROVE WITH STRICT TERMS,21.1,3.0,0.3333333333333333,Active
61e7353c-afcf-4734-a745-ce91f122652e,0.0,VERY LOW,APPROVE,38.7,0.0,0.5,Active
9328638b-ceb6-4db6-b82b-f3a2ec79a7a6,95.56,VERY HIGH,REJECT,57.833333333333336,4.0,0.5,Active
c6ab85af-4859-41f9-b0e6-a84f576fb281,0.0,VERY LOW,APPROVE,20.2,1.0,1.0,Active
a0255312-f714-4151-8f3b-76a8fbfa9514,0.0,VERY LOW,APPROVE,33.63333333333333,0.0,0.5,Terminated
8835618c-1e15-4f5a-8807-b28c37c730ad,80.44,VERY HIGH,REJECT,60.266666666666666,1.0,0.0,Active
b57deaf3-8826-46f8-90fd-37a56486d198,0.04,VERY LOW,APPROVE,40.9,1.0,1.0,Active
6a26bb24-086b-4cdf-a5e9-c5b6b7046eb1,90.31,VERY HIGH,REJECT,33.9,1.0,0.0,Active
0fee0bad-be24-488d-b09d-a20b03c3e1f9,0.0,VERY LOW,APPROVE,52.4,0.0,0.5,Active
b0d02f31-2cea-41bb-bba8-52e3958f4f1b,93.22,VERY HIGH,REJECT,76.1,1.0,0.0,Active
400f071d-71b9-4c28-90f8-741d76c268f3,0.0,VERY LOW,APPROVE,40.06666666666667,1.0,1.0,Active
3649f304-4336-4a37-b45a-b55a04890da1,98.19,VERY HIGH,REJECT,71.33333333333333,3.0,0.3333333333333333,Active
be72d1df-f79b-4be8-b4dd-bb185b4c1fe3,0.0,VERY LOW,APPROVE,25.266666666666666,2.0,1.0,Active
397883f7-ae83-4b56-8f6b-dfd5596be1cb,60.72,HIGH,APPROVE WITH STRICT TERMS,28.433333333333334,3.0,0.6666666666666666,Active
79ca7177-fa90-4825-b71b-8a8ba0c5e036,0.0,VERY LOW,APPROVE,68.33333333333333,0.0,0.5,Active
bcd4dea2-8d8d-4a07-83c7-a64a546c1008,0.0,VERY LOW,APPROVE,53.833333333333336,0.0,0.5,Active
01c32999-454f-444f-ad72-d2a556fc990b,0.0,VERY LOW,APPROVE,21.8,0.0,0.5,Active
6365dd66-5461-4000-9c2b-e2259aa81d74,81.88,VERY HIGH,REJECT,57.43333333333333,2.0,0.0,Active
6fc6880b-5e75-450e-ae70-220326b4a243,0.0,VERY LOW,APPROVE,71.8,0.0,0.5,Active
301aa20f-faf2-4d92-ae1d-396db12df04d,0.0,VERY LOW,APPROVE,74.46666666666667,1.0,1.0,Active
6c8fcdff-8446-4afb-aa8e-c5799a74f363,0.0,VERY LOW,APPROVE,36.266666666666666,0.0,0.5,Active
36b6df91-d480-4bba-b0fe-c0870de05cff,59.52,HIGH,APPROVE WITH STRICT TERMS,36.1,2.0,0.5,Active
f0100e70-9458-4dd7-acb4-ae3569b5cb3c,0.0,VERY LOW,APPROVE,26.733333333333334,1.0,1.0,Active
efdd8737-2998-42ec-8b97-938e17abc768,67.85,HIGH,APPROVE WITH STRICT TERMS,58.96666666666667,1.0,0.0,Active
551a4438-e53a-407e-9deb-ded5b7fb143c,0.0,VERY LOW,APPROVE,52.36666666666667,0.0,0.5,Active
228e562b-6b34-44d7-bf18-1e546e12b995,0.0,VERY LOW,APPROVE,56.43333333333333,0.0,0.5,Inactive
23d48b23-7e98-4a5a-841f-ceca009d360c,0.0,VERY LOW,APPROVE,70.9,1.0,1.0,Active
4f6f89a4-7d82-4c4a-8aa2-5ebedaf94acb,0.0,VERY LOW,APPROVE,60.63333333333333,0.0,0.5,Inactive
c8ba57c0-73ba-41df-a88c-4b0864f1d180,0.0,VERY LOW,APPROVE,67.6,1.0,1.0,Active
bc6e2f08-157a-4383-b145-1d1b9c965a81,0.0,VERY LOW,APPROVE,61.3,2.0,1.0,Active
456bc584-a736-4bbd-8d06-4cc62684b378,0.0,VERY LOW,APPROVE,30.333333333333332,1.0,1.0,Active
7a65fa48-25cf-423b-a0fc-65d123b74fd6,0.0,VERY LOW,APPROVE,73.3,1.0,1.0,Active
215db70a-0dc5-433c-b318-1b401b5ae4ec,0.0,VERY LOW,APPROVE,61.733333333333334,0.0,0.5,Inactive
2e8efaf3-70e6-411d-a9f5-189b7d4dac0b,0.0,VERY LOW,APPROVE,26.266666666666666,0.0,0.5,Terminated
0a1d05c8-e567-40f0-945f-3b77c9561261,0.0,VERY LOW,APPROVE,24.366666666666667,0.0,0.5,Inactive
91a3d2a9-2786-4000-899e-6238d0de05fa,0.0,VERY LOW,APPROVE,51.766666666666666,0.0,0.5,Inactive
f19105fd-5dad-4325-afd3-4fff9e723928,0.0,VERY LOW,APPROVE,57.233333333333334,1.0,1.0,Active
a4f8ac38-7283-484d-8749-562577694ece,69.26,HIGH,APPROVE WITH STRICT TERMS,26.4,2.0,0.5,Active
3108061e-f27a-4631-94bb-014eae1c23a0,0.0,VERY LOW,APPROVE,32.833333333333336,0.0,0.5,Active
fda05507-5057-4f1e-85d0-8d8bb3ea491f,86.22,VERY HIGH,REJECT,55.8,1.0,0.0,Active
e00d997b-513d-4dea-88df-a7352c45129f,0.0,VERY LOW,APPROVE,58.266666666666666,1.0,1.0,Active
2bc33c65-7ed8-4a4c-885f-3e734ff0ff18,0.0,VERY LOW,APPROVE,23.7,0.0,0.5,Inactive
1d2064e9-9c7d-4d21-9dff-8660154b2324,78.48,VERY HIGH,REJECT,35.93333333333333,2.0,0.5,Active
41865990-8341-4bfe-b6a7-b644ff1f92f0,0.0,VERY LOW,APPROVE,58.43333333333333,1.0,1.0,Active
11cf27f7-8016-42f9-bf1c-6b08bd19e913,0.0,VERY LOW,APPROVE,32.1,0.0,0.5,Active
6c22b7cc-de0e-4720-acfe-52952d3a1522,0.0,VERY LOW,APPROVE,64.0,3.0,1.0,Active
5ed714a9-7add-485f-8872-d62159add204,51.5,HIGH,APPROVE WITH STRICT TERMS,55.86666666666667,3.0,0.6666666666666666,Active
6059a81b-110f-42d7-9000-e5c965c5d99a,0.0,VERY LOW,APPROVE,39.166666666666664,1.0,1.0,Active
ccd1135c-ab02-4a08-98ee-1b75b099537c,0.0,VERY LOW,APPROVE,49.7,0.0,0.5,Active
341b6068-c591-484e-8256-32db138facbf,0.0,VERY LOW,APPROVE,43.233333333333334,2.0,1.0,Active
2a534db6-f27c-4167-a14b-b3ce6c3fdc03,0.0,VERY LOW,APPROVE,56.1,0.0,0.5,Terminated
020603ae-dc4f-4599-8d7d-a3da6176b800,0.0,VERY LOW,APPROVE,55.53333333333333,1.0,1.0,Active
1d1f0c1a-cdcf-4177-af31-6f99c2e62b68,0.0,VERY LOW,APPROVE,39.3,1.0,1.0,Active
ea4653f4-b607-48d3-a88e-b760084363b5,0.0,VERY LOW,APPROVE,54.63333333333333,1.0,1.0,Active
abe53640-5678-4329-824d-be6d65803a06,86.25,VERY HIGH,REJECT,51.46666666666667,2.0,0.5,Active
3874c8bf-46b2-468f-ac40-46419a171837,62.69,HIGH,APPROVE WITH STRICT TERMS,48.9,1.0,0.0,Active
ab9d8fd2-b542-44a8-9920-ce916c90b56d,0.0,VERY LOW,APPROVE,36.833333333333336,2.0,1.0,Active
1b96b343-f309-4b3f-819a-ae7a2ca187f4,0.0,VERY LOW,APPROVE,26.233333333333334,0.0,0.5,Active
2598eafd-b9fe-47b1-b6d6-e74cd38979da,0.34,VERY LOW,APPROVE,71.93333333333334,3.0,1.0,Active
8e329ec4-0682-44cd-904f-475f25d1e0ed,0.0,VERY LOW,APPROVE,66.33333333333333,0.0,0.5,Active
1fc68d73-34bc-4cce-8886-8690fff3f3ee,0.0,VERY LOW,APPROVE,58.43333333333333,1.0,1.0,Active
a07008b4-714d-46cf-a630-c9d1c2dee8e8,0.0,VERY LOW,APPROVE,46.63333333333333,3.0,1.0,Active
bfa745c5-ea71-446d-9d6b-17263cc0c16b,65.19,HIGH,APPROVE WITH STRICT TERMS,44.766666666666666,2.0,0.5,Active
ece543ef-6b92-4623-93a6-565e587b052a,0.0,VERY LOW,APPROVE,18.9,0.0,0.5,Active
2945e595-1183-4788-bcda-6ffdaae0b823,0.37,VERY LOW,APPROVE,19.533333333333335,2.0,1.0,Active
f637ec9f-21d9-4841-9b6a-aee9b96e6812,0.26,VERY LOW,APPROVE,21.666666666666668,1.0,1.0,Active
e74a4ec7-7150-4542-ac48-1dd8cb7229cf,69.75,HIGH,APPROVE WITH STRICT TERMS,60.03333333333333,1.0,0.0,Active
362f43e1-0e7b-46a2-8a73-c242316dacfa,0.0,VERY LOW,APPROVE,37.43333333333333,0.0,0.5,Active
8e8433fb-63d9-460b-81a7-c98eff310dbf,0.0,VERY LOW,APPROVE,20.833333333333332,0.0,0.5,Inactive
a2cc77d6-154b-4cd9-adcc-38b1e68516b1,56.43,HIGH,APPROVE WITH STRICT TERMS,65.63333333333334,3.0,0.6666666666666666,Active
fc68a7de-d51f-48bc-bc0c-22a1f6d95c15,0.0,VERY LOW,APPROVE,75.03333333333333,1.0,1.0,Active
cbc9aea3-b25c-4f12-8e85-810f4dca7be0,0.0,VERY LOW,APPROVE,36.233333333333334,1.0,1.0,Active
a1d40ebb-5748-4b98-ac44-5f5ba440876a,0.0,VERY LOW,APPROVE,21.266666666666666,0.0,0.5,Inactive
5343616d-50fa-4a19-9ac6-61f25effb579,0.0,VERY LOW,APPROVE,72.13333333333334,0.0,0.5,Terminated
c052cde5-063e-4098-ba49-fd8c28760886,0.0,VERY LOW,APPROVE,21.633333333333333,0.0,0.5,Inactive
fa839dfb-16cb-4a01-a0e5-05eb06651508,0.0,VERY LOW,APPROVE,72.83333333333333,0.0,0.5,Active
7ab76eb7-a6d9-42b9-823a-cf729ecba215,67.82,HIGH,APPROVE WITH STRICT TERMS,39.2,1.0,0.0,Active
4d2f37ac-f788-432a-837f-b8bff832ea10,0.0,VERY LOW,APPROVE,43.833333333333336,2.0,1.0,Active
8967d84a-eb87-47b3-8daf-fe2834190bef,89.25,VERY HIGH,REJECT,66.73333333333333,1.0,0.0,Active
2a79a02e-9226-428e-be21-8738aa8dfdc7,0.0,VERY LOW,APPROVE,16.633333333333333,0.0,0.5,Inactive
42ca29c3-6bb3-4fa6-b6f2-8764dc84907e,0.05,VERY LOW,APPROVE,43.7,1.0,1.0,Active
b0cc3619-5411-45c9-b2d5-ff3e7e2f01f7,52.55,HIGH,APPROVE WITH STRICT TERMS,23.8,1.0,0.0,Active
acb950bb-ec51-4942-80d3-8f6f8f9681f6,0.0,VERY LOW,APPROVE,74.96666666666667,0.0,0.5,Inactive
4dba55ff-d1c5-4971-9169-d72169569a7e,0.0,VERY LOW,APPROVE,73.66666666666667,0.0,0.5,Inactive
a6d32087-4321-475b-8800-5e693fd41908,0.0,VERY LOW,APPROVE,72.63333333333334,1.0,1.0,Active
2458b83b-42a1-495a-b4f8-7c6a1f5f5726,0.0,VERY LOW,APPROVE,33.53333333333333,3.0,1.0,Active
ab1b7e09-a5c7-466a-ad86-05c807e18613,98.66,VERY HIGH,REJECT,30.966666666666665,3.0,0.0,Active
bb47f632-55a1-4b0b-8d2a-d1b201397a89,64.81,HIGH,APPROVE WITH STRICT TERMS,53.5,1.0,0.0,Active
89f42968-5b7a-4bad-b9a6-ab984a4dc09e,0.0,VERY LOW,APPROVE,76.03333333333333,0.0,0.5,Inactive
f0adf83f-1a85-40e2-b067-7135b41f5a08,0.0,VERY LOW,APPROVE,62.833333333333336,0.0,0.5,Inactive
ddfc075f-cfdd-4570-9c12-318f7380a974,83.72,VERY HIGH,REJECT,21.466666666666665,1.0,0.0,Active
1aef52ed-acd7-446e-be05-ce26135144ef,0.0,VERY LOW,APPROVE,71.56666666666666,0.0,0.5,Active
d3ab938a-3e6c-483e-8248-f8f54a974376,0.0,VERY LOW,APPROVE,75.23333333333333,0.0,0.5,Inactive
3d6efec3-87a4-4149-b546-e6f4f3ff91f0,0.0,VERY LOW,APPROVE,19.6,0.0,0.5,Active
8af39ddb-abc8-4364-be77-aa84d9697de6,0.0,VERY LOW,APPROVE,31.8,0.0,0.5,Inactive
147d9b57-e3ee-42c9-8b2b-402bcc14addf,0.0,VERY LOW,APPROVE,49.96666666666667,1.0,1.0,Active
cdb06fb7-92a1-42d9-bd48-7d16ae906436,85.2,VERY HIGH,REJECT,49.4,1.0,0.0,Active
10654e3e-1e54-40e8-bdc3-ab2fca6e2e9e,0.0,VERY LOW,APPROVE,74.53333333333333,1.0,1.0,Active
296247e1-c77e-46e9-8925-34ea8f2e0df9,0.0,VERY LOW,APPROVE,19.3,0.0,0.5,Active
0270626c-dc6d-42b1-be15-f7ada4aac49e,0.0,VERY LOW,APPROVE,20.166666666666668,0.0,0.5,Active
4383bd2f-b71a-4ce2-b7f3-5a667dd32c01,0.04,VERY LOW,APPROVE,73.2,1.0,1.0,Active
9effdeda-8307-4953-b7b9-a0f213a0d8a7,0.0,VERY LOW,APPROVE,52.46666666666667,0.0,0.5,Active
7d9004ea-a981-428c-b002-6a4bf1addb3a,41.88,MEDIUM,APPROVE WITH CAUTION,64.06666666666666,2.0,0.5,Active
fe37615d-9c14-45a5-9aaf-dc24caec54c2,0.0,VERY LOW,APPROVE,46.233333333333334,1.0,1.0,Active
d46a0ca8-cc16-41e3-8ef4-08c88cf3fd3c,0.37,VERY LOW,APPROVE,22.333333333333332,2.0,1.0,Active
c93a6888-e6e9-46cd-8a91-caacc6a775fa,0.0,VERY LOW,APPROVE,27.433333333333334,2.0,1.0,Active
1aa56fc4-3d14-49b8-a937-c59635dec079,0.0,VERY LOW,APPROVE,45.5,0.0,0.5,Inactive
f4d499ee-dffc-4ace-8a0c-8f0b1f7c2857,0.0,VERY LOW,APPROVE,46.766666666666666,2.0,1.0,Active
e9cbfa7b-60f4-491f-8efe-d1293f0719e1,0.0,VERY LOW,APPROVE,16.666666666666668,0.0,0.5,Active
db90105e-8da3-49bd-86c8-9a1afc3d1d4b,77.33,VERY HIGH,REJECT,47.56666666666667,2.0,0.5,Active
6c7ef183-5dce-425a-adfa-9b0599977078,0.86,VERY LOW,APPROVE,53.233333333333334,1.0,1.0,Active
5090dd09-d0eb-49ed-a71d-ec44e891a8d7,0.0,VERY LOW,APPROVE,22.733333333333334,0.0,0.5,Terminated
c2255ba9-7f59-4e73-9cfb-2b0575848e57,0.0,VERY LOW,APPROVE,27.0,2.0,1.0,Active
cc64ca4f-8122-40ec-a70f-aa53df020c78,38.76,MEDIUM,APPROVE WITH CAUTION,71.83333333333333,2.0,0.5,Active
a3e2a4e1-e576-476a-934b-58eb0ff6da9e,0.0,VERY LOW,APPROVE,53.5,1.0,1.0,Active
75a57b71-af9e-4702-8e4b-fa32d9604ce2,84.17,VERY HIGH,REJECT,25.966666666666665,1.0,0.0,Active
1ea83ce7-9ba0-49a5-8a07-d654aa662cf6,84.83,VERY HIGH,REJECT,55.4,4.0,0.75,Active
865cd49b-ace4-489c-96cc-cd77d73e90bd,83.03,VERY HIGH,REJECT,39.733333333333334,1.0,0.0,Active
6b27ec65-b488-499f-88d6-d82f6acd3a51,0.0,VERY LOW,APPROVE,25.366666666666667,2.0,1.0,Active
0a1078d8-dea1-44e7-a15b-df285317edc2,63.67,HIGH,APPROVE WITH STRICT TERMS,16.766666666666666,3.0,0.6666666666666666,Active
b0cd61d4-51c4-401b-9220-ec42d6e8d619,0.0,VERY LOW,APPROVE,25.4,0.0,0.5,Active
c8b6d4c8-94a0-438c-ad80-d9d3f046e9cf,0.0,VERY LOW,APPROVE,63.96666666666667,0.0,0.5,Active
e84f268d-896c-4089-872b-b36e54c36f39,0.27,VERY LOW,APPROVE,69.0,1.0,1.0,Active
80c14ad4-2933-4f83-b401-82fb9db59a0e,0.0,VERY LOW,APPROVE,24.933333333333334,0.0,0.5,Inactive
a474801a-4c09-4cb7-b8cc-43dd4b60baea,0.0,VERY LOW,APPROVE,70.33333333333333,2.0,1.0,Active
bb95679d-8802-4596-9ce8-6519371975f8,0.0,VERY LOW,APPROVE,47.36666666666667,1.0,1.0,Active
eceecab2-ef3e-48b6-9c13-459fb8bbadae,0.0,VERY LOW,APPROVE,20.6,2.0,1.0,Active
1454b329-09d8-4043-904c-58509a8b69d1,79.79,VERY HIGH,REJECT,71.8,1.0,0.0,Active
b83f2300-ea79-468b-bdea-b2b5ded061fd,0.0,VERY LOW,APPROVE,27.6,0.0,0.5,Active
45257e41-52be-4237-9994-7df87cf955c6,90.43,VERY HIGH,REJECT,32.233333333333334,4.0,0.5,Active
bcd37367-8e94-48a1-a847-4f1a3f2bfd8f,0.0,VERY LOW,APPROVE,68.26666666666667,0.0,0.5,Terminated
7fdf78c4-8ee4-4f13-8870-5e00658987bf,0.0,VERY LOW,APPROVE,19.033333333333335,0.0,0.5,Active
8eebc8e5-fcb8-4bb3-b0a3-d9316b2acd74,0.0,VERY LOW,APPROVE,35.8,0.0,0.5,Active
72e7e37f-f84a-421d-bfc0-aaf50d99281a,0.0,VERY LOW,APPROVE,43.666666666666664,0.0,0.5,Active
e6448604-fcd6-4664-98cc-a3e3817e63fd,0.0,VERY LOW,APPROVE,32.733333333333334,1.0,1.0,Active
33fb350a-1f9c-49c3-9e4a-1e2e1fbc05b2,0.0,VERY LOW,APPROVE,71.53333333333333,3.0,1.0,Active
bae11907-ebd2-475f-a44c-e7583b46aa34,40.84,MEDIUM,APPROVE WITH CAUTION,30.233333333333334,1.0,0.0,Active
e87e7b2f-5183-4548-9d0d-e48ac605c21c,0.0,VERY LOW,APPROVE,29.366666666666667,0.0,0.5,Active
2e0819c0-b4a7-4c89-bd36-3d4399da050f,0.0,VERY LOW,APPROVE,56.3,2.0,1.0,Active
42a5857f-9478-4957-af9f-5295954ce7f7,77.76,VERY HIGH,REJECT,65.96666666666667,2.0,0.5,Active
9c08eb75-1b30-4d29-978f-b1b397795b5b,0.05,VERY LOW,APPROVE,26.633333333333333,1.0,1.0,Active
54f53da2-5bcd-4f13-b326-c152e40c0363,71.99,VERY HIGH,REJECT,70.06666666666666,1.0,0.0,Active
1470d6ab-1222-499d-862d-9451e072d803,90.5,VERY HIGH,REJECT,31.0,2.0,0.5,Active
ee4da1c7-512a-4a7d-8d7c-1fcd24991ad8,0.0,VERY LOW,APPROVE,60.4,1.0,1.0,Active
fc39063d-29d8-449b-b9ed-7319948a750f,66.59,HIGH,APPROVE WITH STRICT TERMS,60.53333333333333,3.0,0.6666666666666666,Active
92ed6d09-4a6c-4a8b-9612-b0626b988a25,0.0,VERY LOW,APPROVE,45.46666666666667,0.0,0.5,Inactive
74434dd7-a5d5-4b48-a0f5-34773ad106e4,0.0,VERY LOW,APPROVE,48.1,1.0,1.0,Active
4bea9ce2-5cee-46c1-b0d2-db10719a4af6,0.0,VERY LOW,APPROVE,48.96666666666667,0.0,0.5,Inactive
bde124fa-d252-4d3b-a826-89c74d9dbf1e,0.0,VERY LOW,APPROVE,23.166666666666668,0.0,0.5,Active
05635df5-9c4b-4bf6-89c1-c02a61ed27bc,0.0,VERY LOW,APPROVE,55.5,2.0,1.0,Active
55f09fec-7d03-45e8-8ec0-e4d755564d1c,0.0,VERY LOW,APPROVE,18.533333333333335,0.0,0.5,Active
bcb67d2c-ff59-4527-88a1-6046ca033076,69.5,HIGH,APPROVE WITH STRICT TERMS,40.766666666666666,1.0,0.0,Active
3b76e80e-da02-4627-bfd8-9125427c743a,0.04,VERY LOW,APPROVE,22.366666666666667,1.0,1.0,Active
1f1e4032-f51e-4531-ad16-a308ab096a36,91.23,VERY HIGH,REJECT,27.333333333333332,4.0,0.75,Active
1191503b-3739-493a-bc9a-47f2cb97c249,0.0,VERY LOW,APPROVE,24.433333333333334,3.0,1.0,Active
b42ff11d-656e-40fe-8463-c89a64dd85e6,0.0,VERY LOW,APPROVE,65.76666666666667,0.0,0.5,Active
38b9f896-a6ca-4580-9602-cab595042f79,50.2,HIGH,APPROVE WITH STRICT TERMS,43.36666666666667,1.0,0.0,Active
a709df5c-56a5-4e15-bdee-9450ce9b9e50,0.04,VERY LOW,APPROVE,39.43333333333333,1.0,1.0,Active
13748f4a-00a1-40da-9681-47345c308cbd,0.0,VERY LOW,APPROVE,23.333333333333332,0.0,0.5,Active
f50c4b5b-61e5-4691-b32b-9e3aad13e67a,88.08,VERY HIGH,REJECT,63.8,1.0,0.0,Active
29fc450f-66ff-479c-b707-bc188c03ec9a,0.0,VERY LOW,APPROVE,63.93333333333333,0.0,0.5,Active
c5712c23-eb0d-408c-9a2c-afc2cdef4bbf,46.65,MEDIUM,APPROVE WITH CAUTION,38.86666666666667,1.0,0.0,Active
9a9cb599-0771-450c-a007-e99e6251fd8b,93.33,VERY HIGH,REJECT,68.76666666666667,3.0,0.3333333333333333,Active
074f806b-5418-49dc-aae8-d52e0e8e0b60,0.0,VERY LOW,APPROVE,24.9,0.0,0.5,Terminated
37fa5a60-867b-4803-a60a-6801044f41da,0.0,VERY LOW,APPROVE,56.1,0.0,0.5,Inactive
6a6f514c-a8d6-4856-bd68-5f25794a96c5,0.0,VERY LOW,APPROVE,74.06666666666666,2.0,1.0,Active
8afd979d-3476-448f-b921-20034f2f9707,0.0,VERY LOW,APPROVE,53.4,0.0,0.5,Active
fad9e920-665c-4a7f-a3b2-fb3393bfa0d0,0.0,VERY LOW,APPROVE,48.4,0.0,0.5,Terminated
13928888-ccaa-4fb2-8d02-ee2ab1fb7a6b,0.0,VERY LOW,APPROVE,39.733333333333334,1.0,1.0,Active
0e7f880e-13c3-494a-979a-4a59d8240000,0.0,VERY LOW,APPROVE,59.666666666666664,0.0,0.5,Inactive
5fd0a642-998e-4bc0-8c72-ac604db230a3,0.0,VERY LOW,APPROVE,69.83333333333333,1.0,1.0,Active
b90c9521-9676-4106-91ec-cd646e39acd8,0.0,VERY LOW,APPROVE,16.8,0.0,0.5,Active
07e362ca-085d-404b-87eb-6ca29cf1a4b1,0.0,VERY LOW,APPROVE,75.96666666666667,1.0,1.0,Active
fbab495a-a093-4a41-bbef-620826b92b1d,0.0,VERY LOW,APPROVE,21.533333333333335,1.0,1.0,Active
43560daa-315d-4204-8eb0-369e11477615,0.0,VERY LOW,APPROVE,29.8,2.0,1.0,Active
3458070b-d75f-4e60-9405-0b2d47e18c34,0.0,VERY LOW,APPROVE,76.66666666666667,1.0,1.0,Active
be1f2e20-fe52-4e50-a673-75af2efdb250,0.0,VERY LOW,APPROVE,45.06666666666667,0.0,0.5,Active
962b5e26-dcc8-4d33-9c7e-b1ff2a20be09,0.0,VERY LOW,APPROVE,33.3,0.0,0.5,Inactive
617bc172-693c-446e-a16f-0270e2c4e111,0.0,VERY LOW,APPROVE,70.0,0.0,0.5,Inactive
67a185a4-0ec7-4fce-9c18-385285ecf02b,0.27,VERY LOW,APPROVE,76.13333333333334,1.0,1.0,Active
6eaf9f0b-c466-429d-841c-0ff01ebd28cc,0.0,VERY LOW,APPROVE,39.266666666666666,0.0,0.5,Terminated
ebce4681-f814-432b-bdea-541c9ed10747,0.0,VERY LOW,APPROVE,22.866666666666667,0.0,0.5,Active
29280d13-de09-440b-a688-eb0a44351922,37.37,MEDIUM,APPROVE WITH CAUTION,63.86666666666667,2.0,0.5,Active
fd756667-8de8-4da6-90f6-7e53324db9ec,0.0,VERY LOW,APPROVE,18.666666666666668,1.0,1.0,Active
723145ec-d2c8-412c-bba5-f8b2103c3632,0.0,VERY LOW,APPROVE,71.76666666666667,0.0,0.5,Inactive
395a77d6-53a9-4bd0-ae4e-3340ae014d99,0.0,VERY LOW,APPROVE,25.033333333333335,0.0,0.5,Active
ee11562e-944e-468b-a904-c8a9ab8dd6dc,0.0,VERY LOW,APPROVE,27.1,1.0,1.0,Active
33a7ebc2-7b15-43a0-8f5d-04442f7871c2,0.0,VERY LOW,APPROVE,22.633333333333333,0.0,0.5,Terminated
c17f07ef-9b60-47b0-8075-5fb4058339f6,70.39,VERY HIGH,REJECT,38.06666666666667,2.0,0.5,Active
69747c06-e5ef-4b92-8639-83aa8de6ddfd,0.0,VERY LOW,APPROVE,47.93333333333333,0.0,0.5,Inactive
2546fe27-ef77-45ae-8200-1f3d0d5eabf0,0.0,VERY LOW,APPROVE,19.0,0.0,0.5,Active
0d6e387f-bd24-4bb5-86ad-d8b284f33ca9,0.0,VERY LOW,APPROVE,39.46666666666667,0.0,0.5,Active
4e826376-a8d3-45ac-97d4-86ab18046b1d,0.0,VERY LOW,APPROVE,53.63333333333333,1.0,1.0,Active
706a2954-449c-4aab-a34c-df155230fcf3,0.0,VERY LOW,APPROVE,66.13333333333334,0.0,0.5,Inactive
51ef10cc-cb47-467c-ae76-867ccdb1d247,0.0,VERY LOW,APPROVE,57.6,1.0,1.0,Active
3ce69664-4e5c-4994-8194-79ef012d8eb5,0.61,VERY LOW,APPROVE,41.13333333333333,3.0,1.0,Active
5aa55cf1-130a-48d9-bac7-3e8d08f32fe2,0.0,VERY LOW,APPROVE,72.26666666666667,0.0,0.5,Active
d7a73f1d-1304-46e5-85c3-9befbef43b57,0.0,VERY LOW,APPROVE,62.86666666666667,1.0,1.0,Active
20b90667-dcf2-4e71-9b9d-b016bd92998b,0.0,VERY LOW,APPROVE,57.63333333333333,1.0,1.0,Active
70830c41-9253-42bb-a41b-8da3cfa45d8a,0.0,VERY LOW,APPROVE,32.6,0.0,0.5,Inactive
990bbf90-4db3-4aa8-af77-06cf337857a2,0.0,VERY LOW,APPROVE,36.03333333333333,0.0,0.5,Terminated
ec7f1b18-2611-4e02-99b8-f6452853e597,0.0,VERY LOW,APPROVE,59.56666666666667,0.0,0.5,Terminated
b7f55e9c-cd42-4882-9534-9ab41dc1394f,0.0,VERY LOW,APPROVE,41.13333333333333,1.0,1.0,Active
b55006ee-b297-4404-b22a-e7792e801b8f,84.8,VERY HIGH,REJECT,46.93333333333333,2.0,0.5,Active
5aa68ce1-c7f3-4146-a3e9-5a1af741a0b7,61.35,HIGH,APPROVE WITH STRICT TERMS,50.6,1.0,0.0,Active
a1a5f5d4-6ded-4737-9567-38d6a7faabcf,0.0,VERY LOW,APPROVE,65.86666666666666,0.0,0.5,Active
d596e7d0-75b4-4234-ab6d-350a100f7ee5,0.0,VERY LOW,APPROVE,35.86666666666667,0.0,0.5,Inactive
4509e8ee-4548-4e75-883c-cdd9ccf2a3fd,0.0,VERY LOW,APPROVE,32.5,2.0,1.0,Active
0771460a-3f1c-47e8-84b2-de1a9d5bb3a6,0.0,VERY LOW,APPROVE,75.46666666666667,1.0,1.0,Active
bb7c299d-e176-4013-a9c4-e5b64910b347,0.0,VERY LOW,APPROVE,20.966666666666665,1.0,1.0,Active
517c27db-e1cf-49fd-935e-1106c9e8a78f,0.37,VERY LOW,APPROVE,18.4,2.0,1.0,Active
cad77b3d-f69f-4513-8a3a-d3bcf35b697d,0.0,VERY LOW,APPROVE,59.36666666666667,0.0,0.5,Terminated
28ce048e-17f2-488c-a37a-f5c37d2cbe81,0.0,VERY LOW,APPROVE,55.36666666666667,0.0,0.5,Inactive
4ef5774d-40c7-4981-b873-5f55c3197c05,0.05,VERY LOW,APPROVE,42.56666666666667,1.0,1.0,Active
45fd19b9-3b14-4eb5-864a-dd8e3b8b8f7f,0.0,VERY LOW,APPROVE,73.6,1.0,1.0,Active
9a0bd6c7-992b-49df-8fba-040e0e587d9b,0.0,VERY LOW,APPROVE,22.766666666666666,2.0,1.0,Active
41d9e911-90bb-4d58-b8b8-30df3f873f4e,0.0,VERY LOW,APPROVE,20.5,1.0,1.0,Active
3dc81712-0d57-43ff-96c2-5f00349c9b55,0.0,VERY LOW,APPROVE,65.6,0.0,0.5,Active
d5c83805-f3da-473b-9b7d-06c2ad494354,0.0,VERY LOW,APPROVE,41.166666666666664,0.0,0.5,Inactive
54639a96-8234-4a2f-8e10-b63d39ca0e10,62.65,HIGH,APPROVE WITH STRICT TERMS,36.1,1.0,0.0,Active
813ac1e7-627d-4041-b586-4785af41e2e2,74.45,VERY HIGH,REJECT,58.233333333333334,1.0,0.0,Active
8beeca37-d2dd-4e5f-a82e-0bd90fb7f0a1,39.02,MEDIUM,APPROVE WITH CAUTION,34.63333333333333,1.0,0.0,Active
cd293cd1-855e-454f-8535-b234b7220345,0.0,VERY LOW,APPROVE,62.833333333333336,0.0,0.5,Inactive
7a4eca6d-c0e7-492c-8c5e-044cd6e1e7c0,0.0,VERY LOW,APPROVE,40.93333333333333,0.0,0.5,Inactive
e31d2943-c04d-4801-96b7-5f510c3126f4,0.0,VERY LOW,APPROVE,58.266666666666666,0.0,0.5,Active
745088b8-c387-4163-8bfe-60778a9b5e17,54.46,HIGH,APPROVE WITH STRICT TERMS,47.43333333333333,3.0,0.6666666666666666,Active
80fde0cc-0023-47a6-bc8a-59c96f356141,0.0,VERY LOW,APPROVE,49.96666666666667,2.0,1.0,Active
d269b4df-0bb6-4032-a434-5b87f9fdbfde,0.0,VERY LOW,APPROVE,63.2,1.0,1.0,Active
3585be67-3d55-4af6-86a1-32e92450216b,0.0,VERY LOW,APPROVE,53.3,0.0,0.5,Active
573bb960-dd1f-41f0-9ab2-908a527aa990,0.0,VERY LOW,APPROVE,43.8,0.0,0.5,Inactive
b356277c-ef40-415c-9fc3-158177a079a1,0.0,VERY LOW,APPROVE,37.233333333333334,0.0,0.5,Active
e710a3ef-cc69-4036-a99b-3480e962a13c,0.0,VERY LOW,APPROVE,47.13333333333333,0.0,0.5,Terminated
65648b18-685e-4aad-9abb-e525b16df8dd,0.0,VERY LOW,APPROVE,43.0,0.0,0.5,Inactive
0d6a8c29-af59-421a-8da7-74fb1498c14b,0.37,VERY LOW,APPROVE,61.166666666666664,3.0,1.0,Active
15079155-f744-4afa-98e7-6455760063b9,74.95,VERY HIGH,REJECT,29.7,2.0,0.5,Active
ad215ad8-2f66-4676-9a2e-c5d5da03f7c3,0.04,VERY LOW,APPROVE,30.133333333333333,2.0,1.0,Active
85204eb1-f426-409d-9929-adf39df806cd,0.0,VERY LOW,APPROVE,68.33333333333333,1.0,1.0,Active
57a398fb-060d-417b-8126-222df174a03d,0.0,VERY LOW,APPROVE,42.53333333333333,0.0,0.5,Active
51ebf8ba-ca54-4f30-902e-4fb54f4b63d0,0.0,VERY LOW,APPROVE,63.733333333333334,2.0,1.0,Active
8de87517-55cd-4d39-a9c5-7c0629e979af,62.28,HIGH,APPROVE WITH STRICT TERMS,47.96666666666667,2.0,0.5,Active
729660c7-41e6-42d1-bab0-737bd46ab8df,0.27,VERY LOW,APPROVE,65.06666666666666,1.0,1.0,Active
c4ffc9b5-caff-4af6-8866-57c89367be2f,0.0,VERY LOW,APPROVE,69.7,0.0,0.5,Active
2684e053-6232-4092-8373-2e6ec6484d11,0.04,VERY LOW,APPROVE,48.9,1.0,1.0,Active
ec59a472-a9f6-43d8-9f9a-a5862cce17c6,0.0,VERY LOW,APPROVE,37.766666666666666,0.0,0.5,Terminated
e3a6a8a6-a46c-43a6-b03e-8199752dc15b,0.0,VERY LOW,APPROVE,60.46666666666667,2.0,1.0,Active
521fb7b3-2894-46ba-8880-b57488c2745b,0.0,VERY LOW,APPROVE,59.53333333333333,0.0,0.5,Active
eca70068-0c69-437f-bb94-cb6296c5ee0d,0.0,VERY LOW,APPROVE,21.3,1.0,1.0,Active
dcde130f-d957-480d-9242-3752c67655e4,86.53,VERY HIGH,REJECT,50.3,2.0,0.5,Active
976b7b4f-e123-4f66-9f33-07804c58cca9,36.53,MEDIUM,APPROVE WITH CAUTION,68.3,2.0,0.5,Active
5bc7c16c-11d1-406e-9249-08f57100b77d,0.0,VERY LOW,APPROVE,58.4,0.0,0.5,Inactive
5474aea3-4791-4a06-b4de-39dd71174601,0.0,VERY LOW,APPROVE,48.766666666666666,3.0,1.0,Active
56b194eb-31ce-4bc4-a388-2d1499ef0ed3,0.0,VERY LOW,APPROVE,53.46666666666667,0.0,0.5,Inactive
a1ffbd22-3d09-4213-9033-99fe1cee216d,0.0,VERY LOW,APPROVE,75.46666666666667,0.0,0.5,Inactive
0e86a8d5-b4e4-4d0f-b010-28a31ecaaf02,85.92,VERY HIGH,REJECT,52.56666666666667,2.0,0.5,Active
b38c569c-61fe-4518-8514-7b94778f01ae,0.0,VERY LOW,APPROVE,61.4,0.0,0.5,Active
4815ad4a-78c0-4afc-9749-09c1ecd5d954,0.12,VERY LOW,APPROVE,58.833333333333336,1.0,1.0,Active
4745f3f0-461c-46e1-837f-c0ba18d19560,84.35,VERY HIGH,REJECT,70.16666666666667,1.0,0.0,Active
42b77c97-80cb-49a9-aa50-41943b39cf27,0.0,VERY LOW,APPROVE,32.46666666666667,0.0,0.5,Active
4e6350b1-e0ad-4a70-8321-bf892788e4a0,0.0,VERY LOW,APPROVE,59.56666666666667,2.0,1.0,Active
60669f55-3094-4e3c-9f98-82c13062d13d,0.0,VERY LOW,APPROVE,42.43333333333333,0.0,0.5,Active
de663695-e64b-427d-83c0-66e375300f46,0.0,VERY LOW,APPROVE,66.43333333333334,2.0,1.0,Active
bd2d49af-aba2-4c14-844c-2dee02e3ab4b,0.0,VERY LOW,APPROVE,36.86666666666667,0.0,0.5,Active
50bc2c1e-60a5-44f9-ab1d-f412df89f79e,0.0,VERY LOW,APPROVE,66.56666666666666,0.0,0.5,Inactive
3636b375-92bd-4c58-8512-4ffb9ab6d0f7,0.0,VERY LOW,APPROVE,57.03333333333333,1.0,1.0,Active
dfb44262-87db-4f7a-8293-a3c75d729d11,0.26,VERY LOW,APPROVE,70.36666666666666,0.0,0.5,Inactive
d169dd80-e37c-441e-886a-215a026ae291,0.0,VERY LOW,APPROVE,69.23333333333333,0.0,0.5,Inactive
58550fab-fcf1-4c56-b443-235087c6a1b7,0.0,VERY LOW,APPROVE,69.56666666666666,0.0,0.5,Active
04663f4f-276e-4f07-9621-dc45d749ba73,78.98,VERY HIGH,REJECT,23.633333333333333,3.0,0.3333333333333333,Active
051a8b9a-259c-4576-bd73-d48737e61c90,0.0,VERY LOW,APPROVE,46.36666666666667,0.0,0.5,Inactive
db79c319-64e6-4712-a1f8-818e28022357,64.65,HIGH,APPROVE WITH STRICT TERMS,20.966666666666665,1.0,0.0,Active
52d18073-edc9-468d-b06a-04e948d6abd2,0.0,VERY LOW,APPROVE,48.43333333333333,0.0,0.5,Inactive
80bec6ef-a70d-492f-83a1-0f27ef97b54d,0.0,VERY LOW,APPROVE,56.233333333333334,1.0,1.0,Active
f18ec06f-6ee9-490b-897f-b83e58ebfa9d,0.04,VERY LOW,APPROVE,68.03333333333333,1.0,1.0,Active
057abf75-f121-459c-86c2-8b6210c8bad7,0.0,VERY LOW,APPROVE,56.1,0.0,0.5,Active
7ef20621-f049-484b-b658-03542b662ac8,0.0,VERY LOW,APPROVE,46.36666666666667,0.0,0.5,Active
bc3670cc-95a0-48a5-8e13-d0d10881535a,0.0,VERY LOW,APPROVE,49.8,0.0,0.5,Active
666f6bf2-fb85-4589-8532-c8ad93b61b7c,0.0,VERY LOW,APPROVE,34.733333333333334,0.0,0.5,Active
2d3453cf-1333-44ac-9710-09aa3efc36a5,53.55,HIGH,APPROVE WITH STRICT TERMS,47.63333333333333,4.0,0.75,Active
602b71cb-9d4e-46b7-be98-105888a40ff5,0.0,VERY LOW,APPROVE,44.2,1.0,1.0,Active
758267d1-f710-4b3a-8ac2-c5038d667c64,0.0,VERY LOW,APPROVE,76.56666666666666,0.0,0.5,Active
667452e6-fcfe-4199-a48c-71ab31c08bb8,0.0,VERY LOW,APPROVE,34.233333333333334,1.0,1.0,Active
c675cd9c-7deb-415d-97ee-927b1a98ec59,0.0,VERY LOW,APPROVE,39.666666666666664,1.0,1.0,Active
bc011df1-ccef-4b5b-adb4-4017d5cb54ac,0.0,VERY LOW,APPROVE,48.1,2.0,1.0,Active
a6857834-770b-4219-b226-080d28f50ed2,31.37,MEDIUM,APPROVE WITH CAUTION,19.933333333333334,1.0,0.0,Active
eee2eddb-bab5-4785-90ee-19bf2b2289a8,86.08,VERY HIGH,REJECT,72.6,2.0,0.5,Active
60921447-25a1-4b3a-9526-b044a5f4dc02,56.9,HIGH,APPROVE WITH STRICT TERMS,26.966666666666665,1.0,0.0,Active
ec1b4373-c2d7-4229-ad21-80fc6f655317,0.0,VERY LOW,APPROVE,69.2,2.0,1.0,Active
664bfd4e-b096-4f8c-b0a0-404211855a34,0.0,VERY LOW,APPROVE,22.433333333333334,1.0,1.0,Active
d1e8e8d1-301e-4638-a82b-b31ed64fdd1e,0.0,VERY LOW,APPROVE,21.866666666666667,1.0,1.0,Active
64142344-05bc-4292-9426-65f1aaecc00f,0.0,VERY LOW,APPROVE,63.1,0.0,0.5,Inactive
ac761a25-3852-4179-89ca-8d34aa7147c4,74.54,VERY HIGH,REJECT,57.06666666666667,2.0,0.5,Active
10f07e52-0dfd-4ecf-bf38-1057c9e5c2fa,0.0,VERY LOW,APPROVE,24.633333333333333,2.0,1.0,Active
43109eb0-5a8d-42bd-8606-f1d7fcefde70,87.31,VERY HIGH,REJECT,50.93333333333333,1.0,0.0,Active
12205904-5039-4454-bd8c-da4de2c92e03,57.67,HIGH,APPROVE WITH STRICT TERMS,62.13333333333333,1.0,0.0,Active
04938673-7a08-4d1f-b7fc-11fcc1677487,61.71,HIGH,APPROVE WITH STRICT TERMS,54.13333333333333,1.0,0.0,Active
4d793999-1c95-460a-ad06-fd855364239b,0.0,VERY LOW,APPROVE,55.6,3.0,1.0,Active
b80d3c88-cfc5-4e58-91f6-6bb0817fd42d,78.52,VERY HIGH,REJECT,48.1,1.0,0.0,Active
0fbaf1c1-7505-4091-b37c-deea9870122e,0.0,VERY LOW,APPROVE,28.966666666666665,0.0,0.5,Active
a3a15e24-25b4-478d-8849-08a697277a02,0.0,VERY LOW,APPROVE,50.9,0.0,0.5,Inactive
b1f071d1-9bb4-4294-805f-ff59e09f6cef,0.0,VERY LOW,APPROVE,38.5,0.0,0.5,Terminated
3007040f-85e4-4ea5-a8dc-68871bd66b1e,0.0,VERY LOW,APPROVE,22.966666666666665,0.0,0.5,Active
13eac9ee-2138-4ac4-beb4-f770664e32f7,0.0,VERY LOW,APPROVE,21.433333333333334,1.0,1.0,Active
c2a9dec0-1bed-42f1-abf7-6b4cb70155e3,0.0,VERY LOW,APPROVE,33.666666666666664,0.0,0.5,Active
cd786aaf-6a30-4e5d-a22d-7d195c605d60,85.45,VERY HIGH,REJECT,57.06666666666667,1.0,0.0,Active
8f75d5a8-81e2-4aeb-bf1e-dbab3b35922a,0.0,VERY LOW,APPROVE,68.63333333333334,0.0,0.5,Inactive
28a9c3e8-59c1-47a8-8cb6-ffd30d59a308,0.0,VERY LOW,APPROVE,41.766666666666666,1.0,1.0,Active
4529feda-3300-4ccb-98dd-5a94ae336a07,0.12,VERY LOW,APPROVE,61.56666666666667,1.0,1.0,Active
872279a6-1555-454f-97f1-d2f8bf05d838,0.0,VERY LOW,APPROVE,43.7,0.0,0.5,Active
3617fdb0-ed86-44f0-9e98-92542b39580a,0.0,VERY LOW,APPROVE,58.333333333333336,1.0,1.0,Active
8c1cc686-f42e-42e8-8904-d269588df6f1,0.0,VERY LOW,APPROVE,69.2,1.0,1.0,Active
f728cde4-703a-4e20-92c7-d02ddbd6a655,0.0,VERY LOW,APPROVE,20.933333333333334,2.0,1.0,Active
856a426a-c50d-4d72-a3a3-bfe90fecf108,0.0,VERY LOW,APPROVE,75.96666666666667,0.0,0.5,Inactive
8fb08665-2fea-44bf-b7f6-4eed38cb1704,0.0,VERY LOW,APPROVE,30.633333333333333,0.0,0.5,Active
6fe6f8ab-a0b5-4f89-82d1-5849c2a8099d,0.0,VERY LOW,APPROVE,44.5,0.0,0.5,Inactive
3e7360e0-fcf1-410d-97cb-671361092d39,0.04,VERY LOW,APPROVE,19.966666666666665,2.0,1.0,Active
85a7053c-74e0-493c-ae9e-292eaee5e34f,96.25,VERY HIGH,REJECT,66.0,3.0,0.3333333333333333,Active
5905fff2-3d9a-4720-add8-3d85a5bc04a9,0.0,VERY LOW,APPROVE,32.13333333333333,0.0,0.5,Active
69065357-01d0-40ac-a45a-7635617b98e7,0.0,VERY LOW,APPROVE,23.666666666666668,1.0,1.0,Active
4d880120-1917-4845-858d-30c1c278f051,0.0,VERY LOW,APPROVE,69.1,1.0,1.0,Active
324d9a07-5ab8-433c-b37c-f9901d0a8597,62.06,HIGH,APPROVE WITH STRICT TERMS,19.3,1.0,0.0,Active
d185b219-426e-40df-a05b-2f33485f4a99,0.0,VERY LOW,APPROVE,42.3,2.0,1.0,Active
424ef554-4b75-4764-9c1b-da05f147cf0b,15.8,LOW,APPROVE,17.7,3.0,0.6666666666666666,Active
8d694823-8a91-49e2-b2c6-3881baed0eac,0.0,VERY LOW,APPROVE,50.93333333333333,1.0,1.0,Active
7765d188-a432-44c6-8621-bfe842af494e,0.0,VERY LOW,APPROVE,53.4,0.0,0.5,Active
b53076f7-1a5b-4771-8a24-c9541a4735f9,0.0,VERY LOW,APPROVE,58.733333333333334,0.0,0.5,Active
0ec9e828-df67-4647-a6c4-3a7267d23f52,0.0,VERY LOW,APPROVE,67.53333333333333,0.0,0.5,Inactive
c20c4efd-e8f0-4067-bd57-dd1ed7b233f2,0.0,VERY LOW,APPROVE,24.7,0.0,0.5,Inactive
02d328f9-7970-4ab0-b852-794848336115,0.0,VERY LOW,APPROVE,68.03333333333333,0.0,0.5,Active
421ac9c8-dcac-4610-a894-eabe77f2bf25,0.0,VERY LOW,APPROVE,73.16666666666667,0.0,0.5,Terminated
13be7c20-8001-46c9-af9f-4d044d1bf78a,0.0,VERY LOW,APPROVE,18.0,0.0,0.5,Active
812e6758-f13a-4271-9645-a8623b41db6b,0.0,VERY LOW,APPROVE,51.166666666666664,0.0,0.5,Inactive
d15d048a-f1b7-45f8-81dc-2fbf164ff0cc,0.0,VERY LOW,APPROVE,77.0,1.0,1.0,Active
c54527f6-a51a-4cc2-89d8-8d97c208a370,0.0,VERY LOW,APPROVE,61.56666666666667,1.0,1.0,Active
0bfb845b-1ab2-40e2-96a4-4641293b5491,89.81,VERY HIGH,REJECT,22.8,1.0,0.0,Active
862803c6-2a1c-42e8-838f-9731e2e24bb0,0.0,VERY LOW,APPROVE,40.766666666666666,0.0,0.5,Active
1e4d7f99-1ca1-4519-8c43-d44713c186a0,0.0,VERY LOW,APPROVE,33.233333333333334,0.0,0.5,Terminated
afbe6951-dd5f-4f2e-b076-f87a3bea6c29,78.83,VERY HIGH,REJECT,74.93333333333334,2.0,0.5,Active
229ab238-4c3a-4d1d-a0be-e6d4692799d2,0.0,VERY LOW,APPROVE,57.5,0.0,0.5,Active
1e34cbe9-aeb8-4ce7-9a4d-1ebe8b835281,0.0,VERY LOW,APPROVE,38.96666666666667,0.0,0.5,Inactive
388d4184-4fc7-4836-bf38-7e919be07f03,0.0,VERY LOW,APPROVE,63.166666666666664,0.0,0.5,Inactive
57661724-7a03-4bbb-b1f6-e1ad39715bba,0.0,VERY LOW,APPROVE,25.733333333333334,2.0,1.0,Active
2b22ae9d-b146-4b14-adad-dbd9a3a95eed,0.0,VERY LOW,APPROVE,71.93333333333334,2.0,1.0,Active
e5463934-c7c8-49d9-9dff-e32b637b87b2,0.0,VERY LOW,APPROVE,56.86666666666667,0.0,0.5,Active
078b2158-3424-431f-adac-0a02fa0ca9d9,76.77,VERY HIGH,REJECT,73.13333333333334,3.0,0.6666666666666666,Active
1545dfbf-2200-44bc-8568-eb0cff7b3b1f,70.93,VERY HIGH,REJECT,62.8,2.0,0.5,Active
6d297adb-84f4-4a80-95e6-3f4a3f0331fc,0.0,VERY LOW,APPROVE,20.966666666666665,0.0,0.5,Inactive
d316013f-5883-45bb-8a5e-eab054c25341,0.0,VERY LOW,APPROVE,26.5,0.0,0.5,Terminated
e7b0ae68-e38c-47f2-b5b0-6e3df5770dba,64.86,HIGH,APPROVE WITH STRICT TERMS,51.9,1.0,0.0,Active
b3a5d15d-e5a8-4d6e-b3e3-c4343cb4436b,0.0,VERY LOW,APPROVE,51.166666666666664,0.0,0.5,Inactive
992e13aa-0a3a-47ce-90da-49a441912d8e,89.76,VERY HIGH,REJECT,75.36666666666666,2.0,0.5,Active
8c5d30df-826a-458c-afa8-1fafb97b53d3,0.0,VERY LOW,APPROVE,45.233333333333334,0.0,0.5,Terminated
4a242a9c-6ffb-41f3-b3ae-164a5c49d5df,0.0,VERY LOW,APPROVE,33.96666666666667,0.0,0.5,Active
75692fa6-80ad-4ab2-a788-14a09b7a8cb4,0.43,VERY LOW,APPROVE,48.0,1.0,1.0,Active
9704c4c7-6a6f-4956-a2a8-966e3e9567ee,0.0,VERY LOW,APPROVE,51.36666666666667,2.0,1.0,Active
a6ef6db3-ad05-4d70-a9b3-f148e0d0f4ad,0.0,VERY LOW,APPROVE,65.36666666666666,0.0,0.5,Active
12f626c2-2bc6-496f-87e4-ad680bd4afcb,0.0,VERY LOW,APPROVE,56.63333333333333,0.0,0.5,Inactive
a5381aaf-5c7c-40c3-ae11-bc50db5ea3c5,95.34,VERY HIGH,REJECT,47.1,3.0,0.3333333333333333,Active
d3150a13-d972-4a70-8a28-2eadeb6cdddf,0.0,VERY LOW,APPROVE,68.96666666666667,1.0,1.0,Active
e6223694-0200-4561-a1e7-91d1168d5e40,0.34,VERY LOW,APPROVE,74.0,2.0,1.0,Active
c79215e2-b8d0-4266-87ed-0b5315cf7424,0.0,VERY LOW,APPROVE,19.366666666666667,0.0,0.5,Active
fa08976d-f8ac-4236-ab08-bccad0af4ab5,0.0,VERY LOW,APPROVE,49.86666666666667,1.0,1.0,Active
22820bc2-1b40-4383-81e1-6b9f80c17812,89.6,VERY HIGH,REJECT,76.06666666666666,1.0,0.0,Active
a2d25df9-9009-48b2-a3cc-c5963e7f5925,0.05,VERY LOW,APPROVE,20.6,1.0,1.0,Active
cf1d68cb-c19d-4038-b4a4-487da6a9c514,93.18,VERY HIGH,REJECT,26.233333333333334,2.0,0.0,Active
60413f6a-77a3-4f98-80c8-da77973b7663,0.0,VERY LOW,APPROVE,68.43333333333334,2.0,1.0,Active
f2bbc562-c67b-40d3-9c9f-45ed4217fe7b,73.21,VERY HIGH,REJECT,43.233333333333334,1.0,0.0,Active
0272f381-9a57-4924-ab02-279b404e30ba,64.74,HIGH,APPROVE WITH STRICT TERMS,61.46666666666667,1.0,0.0,Active
d46bf49f-96f8-40d0-8000-6b37c73408f1,0.0,VERY LOW,APPROVE,54.13333333333333,1.0,1.0,Active
94ecdc81-a9d1-48fa-8def-f6f4993fd0d0,0.0,VERY LOW,APPROVE,42.9,0.0,0.5,Inactive
e314f168-77cb-49cd-b4d9-7ca648782585,57.82,HIGH,APPROVE WITH STRICT TERMS,53.766666666666666,2.0,0.5,Active
fa56bffc-e285-456f-8ba6-1f99f21f6872,0.0,VERY LOW,APPROVE,45.06666666666667,0.0,0.5,Active
10425fb0-e47b-48b2-a6f7-7f50493b6fdf,0.0,VERY LOW,APPROVE,21.3,0.0,0.5,Inactive
0ebcc69e-958a-4cab-ade1-94b63e4995a5,0.0,VERY LOW,APPROVE,42.06666666666667,0.0,0.5,Active
34b4dfbd-3e8b-4952-9e21-32e67e4dda64,0.0,VERY LOW,APPROVE,56.36666666666667,0.0,0.5,Inactive
a762eb70-b0c2-4dcc-b1fc-6834e08ef46f,0.0,VERY LOW,APPROVE,66.0,1.0,1.0,Active
32461061-7ca2-4787-91f6-f10b692edb71,65.3,HIGH,APPROVE WITH STRICT TERMS,47.3,2.0,0.5,Active
4891523b-b802-4a44-9ad3-112cf73ba6a9,67.36,HIGH,APPROVE WITH STRICT TERMS,46.36666666666667,2.0,0.5,Active
f23adb70-a77d-4120-b4bf-f71e35c7f3d7,0.0,VERY LOW,APPROVE,45.46666666666667,1.0,1.0,Active
8fecdc70-de8e-4718-9477-b34907b84f1d,0.0,VERY LOW,APPROVE,72.86666666666666,1.0,1.0,Active
75bb78d3-fe7c-4a1b-8371-1e99eb25a280,0.0,VERY LOW,APPROVE,77.06666666666666,0.0,0.5,Active
628ecc08-434b-45c1-8dcb-82f56a645994,96.8,VERY HIGH,REJECT,56.9,3.0,0.3333333333333333,Active
725c9e4f-6579-425a-8709-2b9f26f64804,0.0,VERY LOW,APPROVE,66.6,0.0,0.5,Inactive
dc63f332-202d-45d4-b4d4-37ded1d11b0c,95.24,VERY HIGH,REJECT,27.766666666666666,3.0,0.3333333333333333,Active
05d09bc8-d4ce-4e02-9d63-552593d26817,0.0,VERY LOW,APPROVE,18.8,1.0,1.0,Active
1c13b170-1f17-4d8f-ab96-e523be00d42d,0.0,VERY LOW,APPROVE,45.4,2.0,1.0,Active
8388ffc4-af5b-488e-9dd3-1cdff76f079a,61.51,HIGH,APPROVE WITH STRICT TERMS,62.266666666666666,1.0,0.0,Active
a3e14334-d1a0-472e-bae3-89e2709075ba,0.0,VERY LOW,APPROVE,19.0,0.0,0.5,Terminated
a69bbbd8-cc26-4cfc-9b84-53e721726d0c,0.0,VERY LOW,APPROVE,72.3,0.0,0.5,Inactive
76b7e4c8-80b2-43be-b06b-3a3a71104107,0.0,VERY LOW,APPROVE,20.533333333333335,0.0,0.5,Inactive
b5500f83-baca-434d-93b4-a6464016904d,0.0,VERY LOW,APPROVE,58.36666666666667,1.0,1.0,Active
f0cf79d0-7cd2-4b04-a1b5-03a11aea855f,0.04,VERY LOW,APPROVE,46.93333333333333,1.0,1.0,Active
2a64db2f-02ba-4402-8345-a7336c3c76dc,0.0,VERY LOW,APPROVE,24.433333333333334,1.0,1.0,Active
d530d7bd-c4a4-4798-8d48-007abedc616d,0.0,VERY LOW,APPROVE,46.43333333333333,0.0,0.5,Active
63e853e6-f149-4d00-8d22-27000f33ab66,0.0,VERY LOW,APPROVE,72.46666666666667,0.0,0.5,Active
afc5624c-4471-492b-bf5b-1da327f7b4bd,0.0,VERY LOW,APPROVE,52.93333333333333,0.0,0.5,Inactive
449f208d-00eb-44e1-afe9-d56797481a3c,1.27,VERY LOW,APPROVE,62.06666666666667,1.0,1.0,Active
58bbcb5f-5089-49d0-b2cf-aef65de25392,0.0,VERY LOW,APPROVE,32.833333333333336,0.0,0.5,Inactive
5567f1ea-cd57-4639-be91-5de11c8f2fd7,87.48,VERY HIGH,REJECT,21.5,2.0,0.5,Active
f78f73dc-801f-459e-bf68-14034c6f101e,61.41,HIGH,APPROVE WITH STRICT TERMS,54.56666666666667,1.0,0.0,Active
e4cc629e-2c85-45f4-8cb0-eb593471c64b,0.0,VERY LOW,APPROVE,52.43333333333333,1.0,1.0,Active
db99256d-bd53-489c-85e8-eae039a7f76f,90.91,VERY HIGH,REJECT,37.666666666666664,4.0,0.5,Active
63caf379-68e1-40e8-bbca-ad6f1b81a644,81.95,VERY HIGH,REJECT,51.4,1.0,0.0,Active
1db2f181-b391-41e4-a2fd-568ced4c902c,0.0,VERY LOW,APPROVE,67.23333333333333,0.0,0.5,Active
2f7a5c35-1b67-4f47-baf1-9f8b00008ce4,0.0,VERY LOW,APPROVE,54.93333333333333,2.0,1.0,Active
1a76febb-f6ab-4f17-80bd-316c7fbcdc73,76.8,VERY HIGH,REJECT,38.03333333333333,1.0,0.0,Active
fccd4be8-3971-474e-aa71-1d021497b04c,0.0,VERY LOW,APPROVE,66.66666666666667,2.0,1.0,Active
63c6b4a5-29ef-4942-872b-b91afe1cd2f0,0.0,VERY LOW,APPROVE,69.73333333333333,4.0,1.0,Active
3031d8c0-eb81-4255-bee6-9482883e6fab,59.43,HIGH,APPROVE WITH STRICT TERMS,50.63333333333333,2.0,0.5,Active
c1236393-d659-48f2-ade3-f7a935fb4f89,0.04,VERY LOW,APPROVE,23.366666666666667,1.0,1.0,Active
0e9ba5b6-6654-40e0-ac15-47a2a0227d90,74.67,VERY HIGH,REJECT,70.1,1.0,0.0,Active
e57918ae-680b-4986-b983-a84f65103e7a,0.0,VERY LOW,APPROVE,47.666666666666664,0.0,0.5,Active
27624dad-dec6-43c3-ab0a-3a2c811bb38a,0.0,VERY LOW,APPROVE,17.733333333333334,0.0,0.5,Active
318adeb7-e4f3-4101-b9f9-eb9091bec4fb,0.05,VERY LOW,APPROVE,48.833333333333336,1.0,1.0,Active
c49a738b-7c6c-4154-bf3b-7dcfc057f672,0.0,VERY LOW,APPROVE,49.96666666666667,2.0,1.0,Active
6b651ae2-6bf9-4ee0-b8f0-0f67f79dcbb8,0.0,VERY LOW,APPROVE,53.5,0.0,0.5,Inactive
8de6bef0-2298-49ef-86bf-ddc58495690c,0.0,VERY LOW,APPROVE,63.833333333333336,0.0,0.5,Active
a09e46c0-eb55-4c37-9357-05f934948a04,0.34,VERY LOW,APPROVE,68.66666666666667,1.0,1.0,Active
d56a2dc4-8c4e-4524-a52e-2b53a8107950,0.0,VERY LOW,APPROVE,66.3,1.0,1.0,Active
0dfd422f-a2c2-4afc-a097-2733e9f84489,62.66,HIGH,APPROVE WITH STRICT TERMS,38.03333333333333,1.0,0.0,Active
581dd8b9-a12e-42c0-8457-01112ddeaf6e,0.41,VERY LOW,APPROVE,54.13333333333333,2.0,1.0,Active
1a08c2ae-0fe9-49f7-a498-3b99d1018c9c,44.81,MEDIUM,APPROVE WITH CAUTION,65.06666666666666,1.0,0.0,Active
1719a5d2-6c92-4976-9c80-76ad1cc83323,81.28,VERY HIGH,REJECT,64.33333333333333,2.0,0.5,Active
880e3c51-ba3b-452e-87aa-4a6c512368ac,0.0,VERY LOW,APPROVE,74.23333333333333,2.0,1.0,Active
e521ca9b-6d1e-4318-87bd-8212cd8fc3cc,81.07,VERY HIGH,REJECT,76.03333333333333,2.0,0.5,Active
91b47d9c-0d99-4954-8e54-8f999f02d9e3,40.92,MEDIUM,APPROVE WITH CAUTION,60.86666666666667,1.0,0.0,Active
a3d6cd7a-c8d4-478d-8edf-882b24fb1576,72.86,VERY HIGH,REJECT,59.3,2.0,0.5,Active
c9bfd00c-f687-4652-8897-5495500bf6ff,0.0,VERY LOW,APPROVE,70.3,1.0,1.0,Active
ef0e75b2-fec0-4bc6-9a6b-f1c138d06a4f,0.19,VERY LOW,APPROVE,51.13333333333333,1.0,1.0,Active
1bdac05c-e9d6-4122-b980-86a4fbd23e08,0.0,VERY LOW,APPROVE,26.633333333333333,0.0,0.5,Active
0d526c0b-0333-4233-933e-decce7f68bec,0.0,VERY LOW,APPROVE,25.2,1.0,1.0,Active
364e51a4-4e94-4480-b7f0-89e5a6696107,67.57,HIGH,APPROVE WITH STRICT TERMS,34.36666666666667,2.0,0.5,Active
5164e343-824d-46d5-8277-dde37b9184cc,73.57,VERY HIGH,REJECT,32.56666666666667,2.0,0.5,Active
1a28f29a-552d-47e5-8fea-0c264b55ba5e,0.0,VERY LOW,APPROVE,58.5,0.0,0.5,Active
4963145e-a9e9-4e6d-bbc3-5ca81bc97486,0.0,VERY LOW,APPROVE,40.46666666666667,0.0,0.5,Inactive
8718a257-b2f5-4367-abbc-111ccf01ddad,0.0,VERY LOW,APPROVE,55.2,0.0,0.5,Inactive
98b2e0a6-1075-49ea-98c7-93a4b069f572,81.2,VERY HIGH,REJECT,21.166666666666668,1.0,0.0,Active
25c5e27a-c949-4155-b803-39e7768eae8d,64.07,HIGH,APPROVE WITH STRICT TERMS,31.066666666666666,1.0,0.0,Active
95edcf77-fc01-474e-8af5-d7ab87f8fa60,0.0,VERY LOW,APPROVE,55.93333333333333,0.0,0.5,Active
84c29fec-fcf0-4ade-87f8-37ffe37cbe63,0.0,VERY LOW,APPROVE,27.033333333333335,0.0,0.5,Inactive
daacf464-7457-4c40-91aa-e6d1248ec983,0.0,VERY LOW,APPROVE,41.333333333333336,0.0,0.5,Active
e61d8896-f198-4ea1-9a0b-3951479e1075,0.0,VERY LOW,APPROVE,63.766666666666666,0.0,0.5,Inactive
d291ff72-4986-49c9-87f2-fd5c6ca282a2,57.34,HIGH,APPROVE WITH STRICT TERMS,69.7,1.0,0.0,Active
06058f8d-790b-4d71-b3d9-1aac0ceae387,94.68,VERY HIGH,REJECT,73.83333333333333,3.0,0.3333333333333333,Active
ad16b30e-a695-412e-b777-3db7e3c89a7c,92.65,VERY HIGH,REJECT,65.96666666666667,3.0,0.0,Active
6de11fb7-c354-48f9-b106-5ccf6608ee82,0.0,VERY LOW,APPROVE,18.266666666666666,0.0,0.5,Inactive
cdb7e974-1e6a-47af-b559-61ee64d1af56,91.73,VERY HIGH,REJECT,64.96666666666667,1.0,0.0,Active
4a759f89-9796-44bd-bae0-94813ba90cb4,0.0,VERY LOW,APPROVE,49.766666666666666,0.0,0.5,Inactive
33ddb161-3d93-467c-9441-330098cab4a5,0.0,VERY LOW,APPROVE,60.166666666666664,0.0,0.5,Active
a9c70bbe-bb8a-49b5-bfdb-686a58b05b1d,0.0,VERY LOW,APPROVE,38.2,3.0,1.0,Active
72e29fbc-6a9e-45ee-949f-aab1d943395e,0.0,VERY LOW,APPROVE,64.56666666666666,0.0,0.5,Active
4a1277bb-3a22-4878-b82b-52b4deb73e61,65.97,HIGH,APPROVE WITH STRICT TERMS,40.63333333333333,1.0,0.0,Active
e5b4d5a4-ded0-4973-abcd-082123ccf035,0.0,VERY LOW,APPROVE,31.333333333333332,0.0,0.5,Inactive
0224f70a-0f4a-4971-a23b-27e129e5b8a3,0.0,VERY LOW,APPROVE,62.63333333333333,1.0,1.0,Active
eac2e6f6-3aad-4855-83af-78c6cbc6f511,0.0,VERY LOW,APPROVE,36.63333333333333,0.0,0.5,Inactive
de55c129-53b0-433a-910d-5f5ce75c6837,0.0,VERY LOW,APPROVE,72.56666666666666,0.0,0.5,Active
bed19bb1-76a2-4187-af4a-6a729d84604d,0.0,VERY LOW,APPROVE,49.96666666666667,0.0,0.5,Active
1370e990-e250-459a-997f-d02427916c78,0.0,VERY LOW,APPROVE,21.5,1.0,1.0,Active
2dcf1970-c5bd-4849-9015-bda4cdb2bf02,78.45,VERY HIGH,REJECT,16.566666666666666,1.0,0.0,Active
37be08e0-d511-42d9-b59f-ef9cafb840fb,63.25,HIGH,APPROVE WITH STRICT TERMS,26.0,2.0,0.5,Active
9ec56d06-22bf-4052-9cac-13fbf792d318,0.0,VERY LOW,APPROVE,20.066666666666666,3.0,1.0,Active
a67537bc-3bc3-4723-90e6-10a32ec191ef,67.06,HIGH,APPROVE WITH STRICT TERMS,67.23333333333333,2.0,0.5,Active
fa4325b5-9e7b-4b94-b0cf-a061b907127a,0.0,VERY LOW,APPROVE,64.8,0.0,0.5,Inactive
3d04fb0b-a1a1-4b2e-bc56-eb4a64287d48,89.01,VERY HIGH,REJECT,45.833333333333336,1.0,0.0,Active
5386d0f3-12c0-4b8a-b433-025262b9593d,0.0,VERY LOW,APPROVE,57.96666666666667,0.0,0.5,Inactive
8347262f-c20f-462c-baf1-2c6105721886,0.0,VERY LOW,APPROVE,18.0,0.0,0.5,Active
f3cdf2c8-4ea6-426a-8184-a84daace6251,0.72,VERY LOW,APPROVE,75.73333333333333,2.0,1.0,Active
0dc12e0e-d4ed-440a-9263-67264bb4eba1,0.0,VERY LOW,APPROVE,51.766666666666666,0.0,0.5,Active
912b435a-253a-4b90-a907-d2ab8444fac8,0.0,VERY LOW,APPROVE,73.73333333333333,2.0,1.0,Active
96d4400b-9df6-499c-8960-a0750b724e45,74.16,VERY HIGH,REJECT,37.833333333333336,2.0,0.5,Active
252c33a8-bc59-495f-8dd7-469b16636d78,0.0,VERY LOW,APPROVE,37.733333333333334,0.0,0.5,Active
2b93d0ab-0208-443d-aa1a-5abd9cf7ce6f,0.0,VERY LOW,APPROVE,58.166666666666664,3.0,1.0,Active
b0f41ea9-8349-4890-9fac-d98626d38c6b,0.0,VERY LOW,APPROVE,55.86666666666667,1.0,1.0,Active
b78eb1d7-c671-43f8-b81a-209d3a7e1a10,0.0,VERY LOW,APPROVE,52.833333333333336,3.0,1.0,Active
3bc67174-0aac-493f-8928-28fda410179b,64.93,HIGH,APPROVE WITH STRICT TERMS,71.93333333333334,1.0,0.0,Active
4910ebe9-df56-4a3f-8e00-9cc72c604acb,0.37,VERY LOW,APPROVE,66.2,3.0,1.0,Active
f05ec01e-602e-456c-a02e-c940bb54ec76,0.0,VERY LOW,APPROVE,21.0,0.0,0.5,Inactive
b3eb0441-6965-449c-bfad-f1f534730e8e,0.0,VERY LOW,APPROVE,40.06666666666667,0.0,0.5,Active
f93e8157-7a57-4c8d-a2d6-ea45fa8d0a36,0.0,VERY LOW,APPROVE,64.3,1.0,1.0,Active
ab7d2f68-35df-4181-aca8-5ca32bfc904b,0.0,VERY LOW,APPROVE,62.36666666666667,0.0,0.5,Inactive
9d0476b3-7a3c-4877-847b-a1f0d83a5b61,0.0,VERY LOW,APPROVE,40.0,0.0,0.5,Active
95266e71-3041-4048-ac1b-3c030444a148,66.46,HIGH,APPROVE WITH STRICT TERMS,33.93333333333333,2.0,0.5,Active
5ca075b4-2958-4241-a5bb-38a7dd80e9fe,0.0,VERY LOW,APPROVE,17.3,0.0,0.5,Active
a80fcae9-29a0-4535-b035-8036cccd4576,0.0,VERY LOW,APPROVE,76.76666666666667,0.0,0.5,Inactive
bd8b7af8-46ba-4641-b5aa-ca0184298636,0.0,VERY LOW,APPROVE,34.06666666666667,0.0,0.5,Inactive
9437b6d9-a607-413f-935b-2f1e8cbcc71a,69.03,HIGH,APPROVE WITH STRICT TERMS,41.93333333333333,3.0,0.6666666666666666,Active
09d9a64d-a4fd-498a-b8bf-09a7a8a28c4d,0.0,VERY LOW,APPROVE,45.266666666666666,1.0,1.0,Active
2d65fc02-b5a1-4db7-bf1e-0fffea967b26,0.0,VERY LOW,APPROVE,73.43333333333334,0.0,0.5,Active
b9817e76-d6bf-4abf-b6cd-3cdec0e6ef12,0.0,VERY LOW,APPROVE,77.13333333333334,1.0,1.0,Active
74fd403b-7bd8-4236-b67b-66223ee312d4,75.0,VERY HIGH,REJECT,61.43333333333333,2.0,0.5,Active
395d8cfd-d076-4fe3-ad02-83f5c59b2f74,93.71,VERY HIGH,REJECT,17.433333333333334,4.0,0.5,Active
4ae82d51-1a1d-4488-926c-4c00a29c9600,0.0,VERY LOW,APPROVE,46.4,3.0,1.0,Active
9e90c1e0-14ae-485f-8a28-48f588d7d769,0.0,VERY LOW,APPROVE,33.46666666666667,0.0,0.5,Active
5690a89a-db88-4095-8e63-f6ed84dd2ddd,0.0,VERY LOW,APPROVE,65.6,0.0,0.5,Inactive
8b5ff509-2d3b-424b-a647-602ef60803d7,0.0,VERY LOW,APPROVE,31.833333333333332,0.0,0.5,Active
2585f368-f2eb-483d-ac16-f5789671f15e,0.0,VERY LOW,APPROVE,59.46666666666667,1.0,1.0,Active
7d19783e-7e94-4bb3-adb7-029ca6f7a986,0.0,VERY LOW,APPROVE,67.03333333333333,0.0,0.5,Inactive
bb3536d1-9d2c-465f-b2b7-c383e1407b5d,83.93,VERY HIGH,REJECT,38.53333333333333,1.0,0.0,Active
1b6a7693-7104-4a7a-8459-e432e7a2a828,0.0,VERY LOW,APPROVE,31.366666666666667,1.0,1.0,Active
092aa8a0-23b2-4ad8-acd3-2db95b7f8775,89.51,VERY HIGH,REJECT,17.0,2.0,0.5,Active
39298df7-1be1-4653-8d1a-beb4b0e80c4b,0.0,VERY LOW,APPROVE,39.43333333333333,2.0,1.0,Active
26a688d2-5a2b-41bb-b79b-267d5667b3f2,0.0,VERY LOW,APPROVE,68.1,1.0,1.0,Active
d3963e5d-166b-4d38-bf8c-31d8e852057b,0.0,VERY LOW,APPROVE,30.366666666666667,0.0,0.5,Active
cac3da2c-9e3d-4737-aa58-b514d007cc12,0.0,VERY LOW,APPROVE,20.433333333333334,0.0,0.5,Active
3d736307-edfd-472d-b62a-c10f57142198,0.0,VERY LOW,APPROVE,51.766666666666666,1.0,1.0,Active
891c1b46-2f81-4482-a906-0804a89f6d60,0.0,VERY LOW,APPROVE,50.56666666666667,0.0,0.5,Inactive
8008edd7-0a24-4047-971a-0f3f58b12d41,79.64,VERY HIGH,REJECT,48.06666666666667,1.0,0.0,Active
7ec79da6-0739-408d-a6b4-5a85916e4ceb,0.0,VERY LOW,APPROVE,43.1,1.0,1.0,Active
d4a33f84-543c-474b-8b66-9fcfe8293506,87.41,VERY HIGH,REJECT,23.333333333333332,1.0,0.0,Active
dc2eb63d-4487-4e9c-9dd7-c6dfdedd569b,0.0,VERY LOW,APPROVE,30.366666666666667,0.0,0.5,Active
b339c549-3cab-4ace-9383-7622bedb47ab,0.0,VERY LOW,APPROVE,74.23333333333333,0.0,0.5,Inactive
6965179a-062d-43f0-abb1-4f112338ae37,0.0,VERY LOW,APPROVE,75.1,0.0,0.5,Inactive
8307c812-7775-42a0-b560-f01e9f1962e9,0.0,VERY LOW,APPROVE,20.5,2.0,1.0,Active
5f865603-f226-43bf-8969-0f552b9fb196,0.0,VERY LOW,APPROVE,63.13333333333333,0.0,0.5,Active
70406f65-a6e7-44b3-aba1-3270ab21a51e,0.0,VERY LOW,APPROVE,56.6,1.0,1.0,Active
b46f6d83-c69d-496e-bedf-8acfa14a4b46,0.0,VERY LOW,APPROVE,47.0,1.0,1.0,Active
efd3cf5d-149e-42d9-a0b9-5b88515eb884,0.0,VERY LOW,APPROVE,36.233333333333334,0.0,0.5,Terminated
4cbd7c82-da2c-4167-9a62-7b044c2812bd,0.0,VERY LOW,APPROVE,45.233333333333334,1.0,1.0,Active
65577fb4-6ca1-4815-a50d-703fdebb3d9e,89.32,VERY HIGH,REJECT,30.233333333333334,1.0,0.0,Active
d081231e-41b1-4076-981b-778cdf3e5817,0.0,VERY LOW,APPROVE,19.3,0.0,0.5,Active
9b2af41e-4e73-40c1-a022-a33dd539a814,86.51,VERY HIGH,REJECT,40.36666666666667,2.0,0.5,Active
f5d04546-1b0b-462e-90b6-7260e17fdc99,0.04,VERY LOW,APPROVE,58.46666666666667,1.0,1.0,Active
c0725b2e-ce37-43d5-bf33-c61dedc6d625,61.34,HIGH,APPROVE WITH STRICT TERMS,18.766666666666666,3.0,0.6666666666666666,Active
7805474f-a7b1-4a31-b46c-faa303432e5f,0.0,VERY LOW,APPROVE,50.06666666666667,0.0,0.5,Inactive
f1c45a17-0b78-4ccc-8820-515f8664705a,0.0,VERY LOW,APPROVE,50.666666666666664,0.0,0.5,Inactive
a94a7a71-87de-46c0-a9a6-474fdb1f8013,94.2,VERY HIGH,REJECT,35.96666666666667,4.0,0.5,Active
6e254e04-c83e-4d15-af94-d77dd0960539,65.46,HIGH,APPROVE WITH STRICT TERMS,25.266666666666666,1.0,0.0,Active
1c381f85-da55-43ab-b556-264e6734131d,0.0,VERY LOW,APPROVE,21.4,0.0,0.5,Active
13897fc8-71c9-445d-a0e5-4a3b0fd84399,73.37,VERY HIGH,REJECT,48.1,2.0,0.5,Active
393c424b-507f-49e7-aba9-61779db57f54,0.0,VERY LOW,APPROVE,32.733333333333334,1.0,1.0,Active
d0319659-a0a5-4233-8fa5-2dad1e9a4fc3,0.0,VERY LOW,APPROVE,73.06666666666666,0.0,0.5,Inactive
635b5237-61b5-4cff-8865-6b44888d2aa3,88.44,VERY HIGH,REJECT,58.3,3.0,0.6666666666666666,Active
1e119ecf-f8eb-4f9a-b195-71a66438e4f1,0.0,VERY LOW,APPROVE,49.93333333333333,0.0,0.5,Active
04ec5f35-8627-405a-9505-60b5f5563b1a,0.0,VERY LOW,APPROVE,34.03333333333333,0.0,0.5,Active
6ebe495e-1eb4-492e-83f2-01e108a79ba1,57.29,HIGH,APPROVE WITH STRICT TERMS,55.4,1.0,0.0,Active
2970151e-412a-4b52-9dab-41b50514a052,87.17,VERY HIGH,REJECT,46.766666666666666,1.0,0.0,Active
26424072-6bb1-4b44-9f23-83627a465ea2,0.04,VERY LOW,APPROVE,66.5,1.0,1.0,Active
d8ff0989-3503-4ff7-a79f-16c77e7b97fd,0.0,VERY LOW,APPROVE,21.733333333333334,1.0,1.0,Active
75773815-ea5b-4d17-bf63-109d71b2808e,0.0,VERY LOW,APPROVE,59.43333333333333,0.0,0.5,Active
d4ca1502-9d48-4ce3-a379-18a459864f51,0.0,VERY LOW,APPROVE,67.36666666666666,2.0,1.0,Active
ff6785ac-df88-493a-b9b6-5bdbfe22d610,0.0,VERY LOW,APPROVE,57.1,0.0,0.5,Active
bb43c421-e647-4e47-a635-dfcfcbc32017,0.0,VERY LOW,APPROVE,26.6,1.0,1.0,Active
458d17a9-b93b-4a7e-ad4c-8f9f6a589b0b,0.0,VERY LOW,APPROVE,42.233333333333334,1.0,1.0,Active
d14a2bd5-bb55-492c-ac22-da79529297fc,0.0,VERY LOW,APPROVE,21.5,1.0,1.0,Active
e7645186-4c70-487b-bf73-4fb43c321b60,0.0,VERY LOW,APPROVE,72.0,1.0,1.0,Active
608914cb-582b-4ae0-ad47-8551e3bf8358,0.0,VERY LOW,APPROVE,52.06666666666667,0.0,0.5,Active
e79c6c07-67af-4e85-8bf3-4e1c187ce615,0.0,VERY LOW,APPROVE,48.5,0.0,0.5,Terminated
035e20a9-701f-468b-be43-486c585a1226,39.28,MEDIUM,APPROVE WITH CAUTION,66.6,3.0,0.6666666666666666,Active
cc42ddc9-df58-47df-8bf9-3000ee13e254,70.83,VERY HIGH,REJECT,54.766666666666666,1.0,0.0,Active
aa6c9b54-3d6b-43d9-8b98-7ccd3b5661b1,96.84,VERY HIGH,REJECT,33.03333333333333,2.0,0.0,Active
51bfbef7-4e1a-40eb-bef7-6ad6839c494f,0.0,VERY LOW,APPROVE,59.86666666666667,0.0,0.5,Inactive
f80e19bf-abb6-4e8b-bdf0-84180936722d,0.26,VERY LOW,APPROVE,70.5,0.0,0.5,Terminated
4a35cf78-17d2-47a3-a98a-b272e25af4e7,0.0,VERY LOW,APPROVE,23.966666666666665,0.0,0.5,Inactive
c0abe468-0d44-483f-a6c7-457c64b2ad9d,0.0,VERY LOW,APPROVE,58.333333333333336,0.0,0.5,Inactive
eba6a7c2-5c5d-4460-be95-b423aef55ae6,79.86,VERY HIGH,REJECT,58.2,2.0,0.5,Active
f1a3b36d-bf8a-4716-9b7f-2749d0f541bf,84.99,VERY HIGH,REJECT,21.066666666666666,1.0,0.0,Active
d613bec7-9b72-46d6-a151-f5f24055ac06,0.0,VERY LOW,APPROVE,43.9,1.0,1.0,Active
833ec885-4964-4d4f-b316-47166d9826b0,0.0,VERY LOW,APPROVE,28.466666666666665,1.0,1.0,Active
eea6bf5e-7d59-4907-bed9-6670f5316c95,0.0,VERY LOW,APPROVE,54.6,0.0,0.5,Active
ff86740c-fd55-4a87-ade5-d0059257f9bc,0.0,VERY LOW,APPROVE,59.8,0.0,0.5,Active
0f6d3504-d1f1-44f3-87a2-ca62d6f77c71,0.0,VERY LOW,APPROVE,52.9,0.0,0.5,Active
8732b65c-861f-4181-b8f6-ff61bfcf30f3,0.0,VERY LOW,APPROVE,46.766666666666666,0.0,0.5,Terminated
ea8ba973-d275-4171-994e-92f3b1d2d17f,63.17,HIGH,APPROVE WITH STRICT TERMS,61.63333333333333,3.0,0.6666666666666666,Active
073ba407-39b2-46b7-8fc7-2100d96b5303,0.0,VERY LOW,APPROVE,19.3,1.0,1.0,Active
a0cda8c6-6e8f-4cb3-9ee9-191fce6a530f,86.67,VERY HIGH,REJECT,58.333333333333336,4.0,0.75,Active
33fb3f94-6c44-4c4d-a312-d2d142355afa,51.57,HIGH,APPROVE WITH STRICT TERMS,49.3,2.0,0.5,Active
98b91f38-3124-4c92-aa3f-3697fb6441a4,0.0,VERY LOW,APPROVE,19.066666666666666,0.0,0.5,Active
1c6965cd-12d0-43ea-872d-b25197afea9d,0.05,VERY LOW,APPROVE,23.933333333333334,1.0,1.0,Active
69d5fb30-3aa4-4aca-9297-b4a1a56f70a5,0.0,VERY LOW,APPROVE,48.3,1.0,1.0,Active
2a9babf5-6fc9-4db7-9fd2-b6d58bb604cc,77.02,VERY HIGH,REJECT,60.63333333333333,2.0,0.5,Active
220a21ca-e4b2-4c0f-a369-84b96e64f83e,0.0,VERY LOW,APPROVE,68.66666666666667,0.0,0.5,Active
65f64904-6bee-4818-b666-b2dacfa02357,62.42,HIGH,APPROVE WITH STRICT TERMS,57.766666666666666,1.0,0.0,Active
cca52b97-8735-43f4-994a-e1ca273b9c2d,0.0,VERY LOW,APPROVE,70.26666666666667,0.0,0.5,Inactive
6b7cf73b-8f9c-4b45-b745-97eb7e3a9481,0.0,VERY LOW,APPROVE,30.466666666666665,0.0,0.5,Inactive
aaa39cda-2ade-4375-98fc-416cb62fb9bf,0.0,VERY LOW,APPROVE,61.333333333333336,0.0,0.5,Active
b803eff0-2e17-4428-97de-afba98e1df06,0.0,VERY LOW,APPROVE,55.36666666666667,0.0,0.5,Inactive
6d5d45ef-5642-458c-9ebe-6bae1bb4ebe4,0.26,VERY LOW,APPROVE,35.6,1.0,1.0,Active
1ba1b639-1459-4e3d-8bf6-376b9fa6acd4,0.0,VERY LOW,APPROVE,57.833333333333336,0.0,0.5,Active
86ff8d95-2734-414e-99ab-bc39c73164b9,0.0,VERY LOW,APPROVE,33.2,0.0,0.5,Active
71297324-abec-43a2-8f6c-9f9de48c882d,0.0,VERY LOW,APPROVE,18.9,0.0,0.5,Terminated
146cdda6-3b6a-400c-ad23-a34396339770,85.79,VERY HIGH,REJECT,75.66666666666667,2.0,0.0,Active
86cffa28-aa74-450a-88da-eadf6733f85c,0.0,VERY LOW,APPROVE,18.333333333333332,0.0,0.5,Active
b6908a7e-2fda-4436-8ead-fd9f342d6b79,0.0,VERY LOW,APPROVE,55.233333333333334,1.0,1.0,Active
ab1f3177-e449-46ba-9622-efdd62363fff,0.0,VERY LOW,APPROVE,36.36666666666667,1.0,1.0,Active
0a7a7251-a189-40eb-9b12-c4e5fac49c9e,0.0,VERY LOW,APPROVE,61.233333333333334,0.0,0.5,Inactive
8f85518a-7254-4be9-b0d3-bbba59a7bac7,0.0,VERY LOW,APPROVE,66.33333333333333,0.0,0.5,Terminated
e434dd33-f6ed-4481-881a-2154dcac35af,0.0,VERY LOW,APPROVE,30.133333333333333,1.0,1.0,Active
4e2423d8-a854-4734-baf7-3b8df95ef195,74.92,VERY HIGH,REJECT,65.43333333333334,2.0,0.5,Active
975ccea8-3a6e-4960-8f88-8dab63826241,73.99,VERY HIGH,REJECT,69.3,2.0,0.5,Active
2d52599d-9e1d-4521-8ae9-b8d387a40400,89.86,VERY HIGH,REJECT,43.93333333333333,1.0,0.0,Active
cd792118-0db2-4cf1-9e20-c44e6aee8b07,75.51,VERY HIGH,REJECT,70.43333333333334,2.0,0.5,Active
b47924c6-430d-4787-8cfe-e26e06a4d632,0.0,VERY LOW,APPROVE,37.833333333333336,0.0,0.5,Inactive
b724d135-14c2-4176-8776-fdba4e7d643f,0.0,VERY LOW,APPROVE,33.0,1.0,1.0,Active
dd4a29cb-212d-4dc5-a5f0-562971e32dbb,0.0,VERY LOW,APPROVE,43.9,1.0,1.0,Active
8f7f3814-121b-4a00-a137-d52a524823e9,0.0,VERY LOW,APPROVE,50.43333333333333,1.0,1.0,Active
88d025e5-eca4-4080-85ff-f3705dc7f9c8,49.12,MEDIUM,APPROVE WITH CAUTION,28.366666666666667,1.0,0.0,Active
51afbeda-b6d6-4915-9b0e-22d90cbc82ea,79.48,VERY HIGH,REJECT,55.9,2.0,0.5,Active
b0f5016c-4f0a-47ee-a755-acac444a2f0f,0.0,VERY LOW,APPROVE,45.8,0.0,0.5,Terminated
bbac286d-5bd5-4679-9699-f0e93c3ead84,69.74,HIGH,APPROVE WITH STRICT TERMS,76.23333333333333,3.0,0.6666666666666666,Active
5d21be83-d2f2-4911-98b8-8222e9ab16b9,0.24,VERY LOW,APPROVE,43.06666666666667,3.0,1.0,Active
17e2caa1-cf71-458a-8ca0-280e8d1c8cab,67.34,HIGH,APPROVE WITH STRICT TERMS,42.5,2.0,0.5,Active
41e056db-240c-4d30-bf99-23ebe1b02792,0.0,VERY LOW,APPROVE,42.9,1.0,1.0,Active
9dd5367a-b9ce-4b1d-8280-b6ee6b30a2bd,0.0,VERY LOW,APPROVE,52.63333333333333,1.0,1.0,Active
a08862e6-c45f-4436-ae53-04ee8b6f085c,0.27,VERY LOW,APPROVE,58.46666666666667,1.0,1.0,Active
3f740c93-8e54-441a-b947-8326a69fe052,0.0,VERY LOW,APPROVE,27.0,0.0,0.5,Active
cc263602-bcbe-4807-8ddc-d04d53f3be3f,2.22,VERY LOW,APPROVE,25.0,4.0,1.0,Active
f51db4f0-8e98-4b7f-91e5-6eac19d135a1,69.67,HIGH,APPROVE WITH STRICT TERMS,69.3,1.0,0.0,Active
e38ef538-ac56-4ad4-b5c4-fa2ac04d63d3,2.38,VERY LOW,APPROVE,20.066666666666666,4.0,1.0,Active
ee95f1ce-27af-40f7-a9e0-4082bf3a452a,0.0,VERY LOW,APPROVE,27.866666666666667,0.0,0.5,Inactive
e48b5bc7-075d-4b76-8100-acda6133ccb5,0.0,VERY LOW,APPROVE,37.733333333333334,0.0,0.5,Active
4aaf47da-6524-4b6a-beab-343c5119e364,0.0,VERY LOW,APPROVE,33.233333333333334,0.0,0.5,Inactive
cad814da-4993-449f-848a-ac5c7470d625,79.19,VERY HIGH,REJECT,34.6,3.0,0.6666666666666666,Active
e6f5a65c-62ee-4734-be6b-824f00ce08ae,69.98,HIGH,APPROVE WITH STRICT TERMS,53.46666666666667,3.0,0.3333333333333333,Active
5f671943-3f40-4560-be3c-46ead91363dc,0.0,VERY LOW,APPROVE,59.7,2.0,1.0,Active
b6351a8d-a5a3-490a-8ef6-a780e2438527,0.0,VERY LOW,APPROVE,28.633333333333333,0.0,0.5,Active
2e1a2e49-f48f-4e70-8282-1bbf3f799ebd,0.0,VERY LOW,APPROVE,18.633333333333333,0.0,0.5,Inactive
296a4156-9472-451d-9978-ba08981e48fd,0.0,VERY LOW,APPROVE,16.933333333333334,1.0,1.0,Active
bb9eb361-bae0-44e3-a647-46acd2855f6f,0.0,VERY LOW,APPROVE,69.23333333333333,1.0,1.0,Active
bc9628ad-9275-4848-9f93-10f4527b7ca7,0.0,VERY LOW,APPROVE,68.96666666666667,0.0,0.5,Active
edb5a9de-7ab2-4745-8e5e-8ff6338914a6,87.05,VERY HIGH,REJECT,54.166666666666664,2.0,0.5,Active
2da704e1-e681-4a20-b7dc-257a127cbc86,0.0,VERY LOW,APPROVE,70.8,0.0,0.5,Active
a1bf56ea-7958-4b3f-8f4d-4cf9c499ab6a,0.0,VERY LOW,APPROVE,53.2,1.0,1.0,Active
440f12b7-0178-4fc4-837a-62179bb2a2ab,0.0,VERY LOW,APPROVE,31.366666666666667,0.0,0.5,Terminated
6f4cae0f-a63c-4277-b38a-85ebb02dcac2,0.0,VERY LOW,APPROVE,60.666666666666664,1.0,1.0,Active
78088e52-6c03-42d6-ad97-5a96f8b4c565,0.0,VERY LOW,APPROVE,69.46666666666667,0.0,0.5,Active
f05c51fe-7a93-4b7d-9cb7-7a1898a73779,0.0,VERY LOW,APPROVE,18.733333333333334,1.0,1.0,Active
f9482153-12dc-4c79-ae6e-9930802d1518,0.0,VERY LOW,APPROVE,41.4,0.0,0.5,Inactive
1854ebdc-03a2-4f41-a5fd-e5bf5f66ef90,0.0,VERY LOW,APPROVE,53.766666666666666,1.0,1.0,Active
0d2dc761-8ba8-45f9-899c-9335ad993946,0.0,VERY LOW,APPROVE,43.5,0.0,0.5,Inactive
95798afb-5fe6-438a-bf5b-1bae8ddf2752,0.0,VERY LOW,APPROVE,34.233333333333334,0.0,0.5,Active
a022bbca-56a4-4a3c-b941-679be9f6c7bf,0.04,VERY LOW,APPROVE,64.56666666666666,1.0,1.0,Active
c21ea83d-97ea-409e-9f24-29a7baf33932,81.47,VERY HIGH,REJECT,38.86666666666667,1.0,0.0,Active
517f88d6-88d9-4921-a3aa-478261733ba0,0.0,VERY LOW,APPROVE,25.7,0.0,0.5,Inactive
3bc12cef-8d7d-4b70-afd6-fb326e17d39b,0.0,VERY LOW,APPROVE,24.9,0.0,0.5,Terminated
f8d7cdfb-508a-480d-b4ee-430cfbb10ed7,77.43,VERY HIGH,REJECT,36.06666666666667,2.0,0.5,Active
0db324ed-3136-4cd2-b453-fbb8cee2a316,0.0,VERY LOW,APPROVE,36.36666666666667,0.0,0.5,Active
2f440b5c-b7c9-4838-b67a-86232afd4bd8,0.0,VERY LOW,APPROVE,35.166666666666664,0.0,0.5,Inactive
8f7ac42c-7be4-497c-bb8f-e416b0ae8161,0.0,VERY LOW,APPROVE,70.16666666666667,0.0,0.5,Inactive
839caea5-8d70-40d6-be82-83b8e07010bf,0.0,VERY LOW,APPROVE,55.7,1.0,1.0,Active
d88734f3-7567-424e-8154-48f92ce3b21f,0.0,VERY LOW,APPROVE,73.1,1.0,1.0,Active
5723595a-7841-4230-a201-75daf8489b64,0.0,VERY LOW,APPROVE,47.93333333333333,1.0,1.0,Active
be4134b1-10aa-4b09-b718-a4c14c8c65cc,60.29,HIGH,APPROVE WITH STRICT TERMS,20.1,1.0,0.0,Active
1f1e1ffe-dca2-4742-8c44-b8e7a81760dd,0.0,VERY LOW,APPROVE,73.9,0.0,0.5,Active
1b4d2db9-1c0d-428e-b7c9-a5a1570fc6a8,0.0,VERY LOW,APPROVE,38.833333333333336,1.0,1.0,Active
8babfab9-9f6e-4a70-b240-bfd93d11158a,0.0,VERY LOW,APPROVE,51.86666666666667,0.0,0.5,Active
ff5744a9-50fd-4a45-8768-e22de55173a9,0.0,VERY LOW,APPROVE,39.9,0.0,0.5,Active
786f591c-e94d-4676-8c2c-6269e3448633,0.0,VERY LOW,APPROVE,76.83333333333333,1.0,1.0,Active
a58fc4d9-cd4a-450b-9bc3-d2a2d1e01223,0.05,VERY LOW,APPROVE,26.333333333333332,1.0,1.0,Active
8aad8d88-c066-4cc1-8dba-b5816de612f4,0.04,VERY LOW,APPROVE,34.43333333333333,1.0,1.0,Active
f5c26817-3426-4757-b8cb-4dfcde7d2d89,90.05,VERY HIGH,REJECT,72.5,3.0,0.3333333333333333,Active
83db593a-d13f-41ee-952c-d19098668fa8,0.0,VERY LOW,APPROVE,35.3,0.0,0.5,Inactive
78b990e0-0c32-4f97-af88-2c04d63dfaed,0.0,VERY LOW,APPROVE,18.566666666666666,0.0,0.5,Active
68f79ece-088f-408a-8070-c59ad840b0dc,75.87,VERY HIGH,REJECT,30.3,3.0,0.6666666666666666,Active
3e417b5a-5b4c-42fb-bb52-fc0bf8b1b494,0.0,VERY LOW,APPROVE,26.4,0.0,0.5,Inactive
545eee37-e17b-4ec9-90ff-50b1149dea6b,70.21,VERY HIGH,REJECT,36.36666666666667,1.0,0.0,Active
0e7dc5cf-18e1-4dcb-9e1c-6697d96176d3,0.0,VERY LOW,APPROVE,19.666666666666668,0.0,0.5,Inactive
031562e5-e247-4caf-a89e-dfedcf2ad973,79.35,VERY HIGH,REJECT,75.13333333333334,1.0,0.0,Active
5a7948a8-5927-460a-9384-edec8d53b1ba,0.0,VERY LOW,APPROVE,65.36666666666666,1.0,1.0,Active
ea1eb69c-c86b-4936-bc31-436c356202c9,81.84,VERY HIGH,REJECT,66.66666666666667,1.0,0.0,Active
e20d25a6-5bdd-41a3-bd61-1300e6170623,0.0,VERY LOW,APPROVE,26.166666666666668,1.0,1.0,Active
e82d52e0-c37f-4374-819d-5fb6e626dfee,0.0,VERY LOW,APPROVE,25.366666666666667,1.0,1.0,Active
322a8400-fd35-404d-96be-a3464ffe15f4,53.96,HIGH,APPROVE WITH STRICT TERMS,45.03333333333333,1.0,0.0,Active
b0c96297-a11f-4e51-9144-49ab4fbb4481,65.31,HIGH,APPROVE WITH STRICT TERMS,18.933333333333334,1.0,0.0,Active
f290f04d-47b8-44f9-8fc9-39a37ec67b4f,67.14,HIGH,APPROVE WITH STRICT TERMS,72.63333333333334,1.0,0.0,Active
a0b1cdc5-62fc-4ec8-a0c1-a23536c5879a,0.34,VERY LOW,APPROVE,70.83333333333333,2.0,1.0,Active
e53ac9ba-cd94-4e40-aaf9-26c63fa0621a,0.0,VERY LOW,APPROVE,65.23333333333333,0.0,0.5,Active
1a0f6bc8-4732-467d-93c8-ee7ad1fd2ee0,0.0,VERY LOW,APPROVE,69.96666666666667,2.0,1.0,Active
52fa3e3d-de82-4ee8-8462-f3f3272cde9b,0.0,VERY LOW,APPROVE,76.83333333333333,0.0,0.5,Active
cff59b0b-cf6e-4385-987d-786372f921f7,0.0,VERY LOW,APPROVE,73.46666666666667,0.0,0.5,Active
9f8ba702-570b-4c7b-bcf3-1844e4b03c05,80.21,VERY HIGH,REJECT,54.666666666666664,3.0,0.6666666666666666,Active
07a1b6a7-4a9d-4bd4-973d-3305e28311e1,0.0,VERY LOW,APPROVE,51.86666666666667,0.0,0.5,Active
fa566117-6428-4b7b-9f93-8048ed0c8592,0.0,VERY LOW,APPROVE,18.366666666666667,2.0,1.0,Active
fea9d25b-5069-49f4-afac-40cd939a677d,0.0,VERY LOW,APPROVE,68.43333333333334,3.0,1.0,Active
91fbe505-00fb-4fd0-87bb-4752248bd8ea,0.0,VERY LOW,APPROVE,76.16666666666667,0.0,0.5,Terminated
fe5db0be-479e-4fdd-a117-3f7c65a3cec9,0.0,VERY LOW,APPROVE,31.6,1.0,1.0,Active
8eff29b9-0c12-43cf-a69a-946409a1a889,0.0,VERY LOW,APPROVE,34.2,0.0,0.5,Inactive
a0401fc8-deef-4aaa-9b5b-a7a52bd6564d,0.0,VERY LOW,APPROVE,53.13333333333333,0.0,0.5,Active
211b6a12-3eb0-4277-a622-c7ecd8881b6e,0.0,VERY LOW,APPROVE,48.8,0.0,0.5,Inactive
96fb413a-7d89-4d63-bf76-927f32a42bd3,0.0,VERY LOW,APPROVE,40.4,0.0,0.5,Terminated
1b971b48-a7b0-4308-88d2-2a5d7730292e,0.0,VERY LOW,APPROVE,69.7,0.0,0.5,Inactive
6f654f40-0395-4c5d-afd1-fe32fdb899bb,59.74,HIGH,APPROVE WITH STRICT TERMS,24.0,3.0,0.6666666666666666,Active
bacd80c4-9d1f-4e5b-b7fd-d4af5c942b77,89.45,VERY HIGH,REJECT,72.06666666666666,1.0,0.0,Active
fe21ea20-8f95-49fa-b1f3-ffbe05aff8a7,0.0,VERY LOW,APPROVE,65.76666666666667,1.0,1.0,Active
6c5884c9-d334-457a-ae23-5ab68b7bd628,0.0,VERY LOW,APPROVE,62.1,1.0,1.0,Active
cec4a4c7-f5fe-4248-a794-cd5c0e23325d,37.81,MEDIUM,APPROVE WITH CAUTION,31.133333333333333,3.0,0.6666666666666666,Active
70d5bc93-e7b7-420b-a171-c79230cc2051,85.27,VERY HIGH,REJECT,35.13333333333333,2.0,0.5,Active
a4554984-7f59-461e-b329-ad9095869a9d,0.0,VERY LOW,APPROVE,49.333333333333336,1.0,1.0,Active
046ebadd-0c32-4232-a129-59abc3113589,0.0,VERY LOW,APPROVE,76.3,0.0,0.5,Active
93ad4928-52b7-412b-be4d-e47b45a3d940,0.04,VERY LOW,APPROVE,71.43333333333334,1.0,1.0,Active
0d1a30a8-d07d-4664-8ede-840b001c4f75,0.0,VERY LOW,APPROVE,22.366666666666667,2.0,1.0,Active
6278c0f2-28f9-463c-9823-341d2c8e665e,0.0,VERY LOW,APPROVE,49.733333333333334,1.0,1.0,Active
064ff4a8-c818-4fec-a9fa-05a9647c9ad8,0.0,VERY LOW,APPROVE,59.9,1.0,1.0,Active
438f25b4-acc7-4fb9-ac73-c965c3d139c5,0.0,VERY LOW,APPROVE,43.43333333333333,3.0,1.0,Active
a54a49b3-c1f6-4c2d-a7be-b8615aa41fbf,0.0,VERY LOW,APPROVE,32.56666666666667,3.0,1.0,Active
5bc43a11-5f60-4c2c-8a09-cfb2c0a2cd7f,0.0,VERY LOW,APPROVE,65.3,1.0,1.0,Active
a131a0a4-180d-4787-9e1d-b443acbfdffc,0.0,VERY LOW,APPROVE,69.46666666666667,0.0,0.5,Terminated
be8923a8-34cc-48dc-a654-032cb61c1ced,0.0,VERY LOW,APPROVE,34.86666666666667,0.0,0.5,Active
8b77f505-7a7d-4c3f-8ce1-7164140a6baa,0.0,VERY LOW,APPROVE,71.1,1.0,1.0,Active
e872ba2c-6f1e-4555-a1b7-095836fd9cba,0.0,VERY LOW,APPROVE,63.233333333333334,1.0,1.0,Active
55dcd0f4-1a42-424b-9911-d0e08c475c9c,0.0,VERY LOW,APPROVE,53.93333333333333,0.0,0.5,Terminated
698baffa-2a72-4c82-858e-d02cc7afd328,0.43,VERY LOW,APPROVE,45.766666666666666,1.0,1.0,Active
874708b7-c033-4d1f-aec8-493cb65c62a3,0.0,VERY LOW,APPROVE,20.4,1.0,1.0,Active
76e8e5b8-5a14-474b-9ded-2a4db95c76ab,0.0,VERY LOW,APPROVE,47.666666666666664,0.0,0.5,Active
987bd0ca-2224-4b12-81b4-90a80535ae11,0.0,VERY LOW,APPROVE,47.833333333333336,0.0,0.5,Inactive
13f49a51-7046-4aa3-89d9-7a4a7122268d,80.37,VERY HIGH,REJECT,43.86666666666667,2.0,0.5,Active
55d84f13-cec1-4fae-9dfe-b5a8d6450af0,83.9,VERY HIGH,REJECT,27.0,1.0,0.0,Active
1ee40b17-aef7-4230-a95c-57aef95a5935,0.0,VERY LOW,APPROVE,26.633333333333333,0.0,0.5,Inactive
f11be06a-7f7b-4751-849f-feca2443e6c4,62.59,HIGH,APPROVE WITH STRICT TERMS,67.46666666666667,1.0,0.0,Active
37ac79e6-9f96-4c09-b4be-5dab22575367,0.0,VERY LOW,APPROVE,32.86666666666667,1.0,1.0,Active
03f91e2c-ecac-489a-9a80-309e04f482eb,58.96,HIGH,APPROVE WITH STRICT TERMS,23.133333333333333,1.0,0.0,Active
a4080b41-f6df-448f-b6a9-68d38a7141bb,53.92,HIGH,APPROVE WITH STRICT TERMS,57.56666666666667,1.0,0.0,Active
c6372e9c-8ada-4b47-8d29-be6394b12b2b,95.26,VERY HIGH,REJECT,42.96666666666667,3.0,0.3333333333333333,Active
e5a3d58b-6826-4eb6-afee-24b6f95cc86b,41.37,MEDIUM,APPROVE WITH CAUTION,58.6,1.0,0.0,Active
3ba8e4a7-ec31-47fa-8576-70b49933da5f,53.21,HIGH,APPROVE WITH STRICT TERMS,44.6,1.0,0.0,Active
bc4daebe-3ad8-4c6d-ac19-85467d974e06,0.0,VERY LOW,APPROVE,38.46666666666667,1.0,1.0,Active
ab02ef03-a3a4-4ff3-82a7-ce2af078df80,0.0,VERY LOW,APPROVE,60.03333333333333,0.0,0.5,Terminated
6fd3594c-7a3d-477c-aba5-effd32ab1ee1,0.0,VERY LOW,APPROVE,19.833333333333332,0.0,0.5,Inactive
1bbd5207-c933-4b7d-9c0c-cfde58a559b2,0.0,VERY LOW,APPROVE,55.2,0.0,0.5,Inactive
a39d034e-b783-4385-b56c-e9381eb597b2,51.68,HIGH,APPROVE WITH STRICT TERMS,18.433333333333334,2.0,0.5,Active
11d16206-10f6-4cd3-abb4-247dd2593477,0.0,VERY LOW,APPROVE,64.36666666666666,0.0,0.5,Inactive
7af576e5-7c94-4390-89f0-8bdae7d48be4,0.0,VERY LOW,APPROVE,23.333333333333332,2.0,1.0,Active
4a663019-8db3-4078-a3d3-8f6a544cc63e,82.23,VERY HIGH,REJECT,62.96666666666667,1.0,0.0,Active
95ba2df8-5e1a-450d-ab89-b38d7b91c779,0.0,VERY LOW,APPROVE,30.066666666666666,0.0,0.5,Terminated
edd6d44a-7298-4b23-ab66-f86885d82a30,0.0,VERY LOW,APPROVE,51.333333333333336,0.0,0.5,Inactive
5b7c411c-9fd6-4d88-87f9-b222038f42f4,0.0,VERY LOW,APPROVE,24.5,0.0,0.5,Active
2674260a-5411-48ed-bd00-2d45c4e6bba2,0.0,VERY LOW,APPROVE,18.066666666666666,0.0,0.5,Active
8f9fdec7-d549-4fbb-bfd4-c4680e79433b,0.0,VERY LOW,APPROVE,25.066666666666666,0.0,0.5,Inactive
3e37a88c-d7ca-4fe5-8c2e-723f48a26a46,0.0,VERY LOW,APPROVE,35.03333333333333,0.0,0.5,Inactive
3192fd7f-2008-42b4-aca9-83902c715c79,43.87,MEDIUM,APPROVE WITH CAUTION,76.2,1.0,0.0,Active
2f107850-ed37-43bb-b7d7-cbb0bbdb2575,0.0,VERY LOW,APPROVE,26.366666666666667,0.0,0.5,Active
5d521e05-6f9b-4afa-80be-b5df7737e002,0.0,VERY LOW,APPROVE,65.76666666666667,0.0,0.5,Active
d2344c77-bd62-4355-8ed6-b6aee939f3ea,0.0,VERY LOW,APPROVE,42.2,0.0,0.5,Inactive
e843ca7f-54b1-4128-805f-e0b2b8de0588,76.84,VERY HIGH,REJECT,73.56666666666666,1.0,0.0,Active
bc21d956-160e-4a86-b88d-1786c3993455,0.0,VERY LOW,APPROVE,29.033333333333335,0.0,0.5,Active
30856410-60b5-4229-9de6-a0d14051e146,0.0,VERY LOW,APPROVE,66.03333333333333,1.0,1.0,Active
f9640a7b-f4fb-45e9-aa1a-0d914a42ee69,55.84,HIGH,APPROVE WITH STRICT TERMS,34.0,2.0,0.5,Active
3f1611ab-8a96-42e9-82c8-60edd73e370a,52.32,HIGH,APPROVE WITH STRICT TERMS,26.7,1.0,0.0,Active
4ba63e5c-d1fe-4fa1-b9e7-95bbfd63a6d8,0.0,VERY LOW,APPROVE,30.4,1.0,1.0,Active
be540019-ba72-45dd-84a0-7649349e5a24,0.0,VERY LOW,APPROVE,52.7,1.0,1.0,Active
eaa53380-1ba3-4d21-991a-e4619a7ba639,83.03,VERY HIGH,REJECT,17.333333333333332,1.0,0.0,Active
57a841ca-c370-445b-9b3a-a3a094da74c0,84.25,VERY HIGH,REJECT,50.333333333333336,2.0,0.5,Active
2612314c-27c9-49c8-bbe8-8c4654a0c0b6,0.0,VERY LOW,APPROVE,28.266666666666666,0.0,0.5,Inactive
23b84d7a-ff5e-47c8-afa7-6f42a79b40f3,80.26,VERY HIGH,REJECT,39.46666666666667,3.0,0.6666666666666666,Active
4e8f831c-4e47-4136-8904-a056b6548387,0.0,VERY LOW,APPROVE,53.833333333333336,0.0,0.5,Inactive
9afc0792-a591-4e32-9c80-189eb262f9f5,91.69,VERY HIGH,REJECT,31.633333333333333,1.0,0.0,Active
ac161121-496f-4f5b-a785-dd191a7f015d,76.81,VERY HIGH,REJECT,50.06666666666667,2.0,0.5,Active
67e8e946-a0fe-4957-ba1b-8d67e26772e4,0.0,VERY LOW,APPROVE,65.83333333333333,1.0,1.0,Active
88e3d0da-4376-4045-b6bd-aa23c8d4f792,0.0,VERY LOW,APPROVE,70.23333333333333,1.0,1.0,Active
3d23d5c9-f298-4656-bfca-d61060d8c070,82.27,VERY HIGH,REJECT,73.36666666666666,2.0,0.5,Active
ae54b397-df67-4b7c-861a-a8f98b5b6379,0.0,VERY LOW,APPROVE,68.6,2.0,1.0,Active
3618dfb6-b210-4879-8492-7ea6af00dfd6,0.04,VERY LOW,APPROVE,76.5,1.0,1.0,Active
f080dbd7-e3c4-4b4d-abd2-700f78882585,0.0,VERY LOW,APPROVE,54.5,1.0,1.0,Active
b87e26d2-ef9c-47a2-9444-61d27fec6081,2.62,VERY LOW,APPROVE,24.1,4.0,1.0,Active
2a8d6a7f-c0dc-4f46-9e53-6e364e957ac2,0.27,VERY LOW,APPROVE,73.4,1.0,1.0,Active
f6fc9eba-3d5b-4b53-82c9-38f2903c90e9,90.02,VERY HIGH,REJECT,33.266666666666666,4.0,0.5,Active
b5995a6f-725e-4e3d-b462-fe11b075dbec,0.0,VERY LOW,APPROVE,47.5,2.0,1.0,Active
809575a8-f734-44a5-9a9a-2cee768be856,0.0,VERY LOW,APPROVE,39.766666666666666,0.0,0.5,Inactive
912a1e92-b8ec-4fba-b597-a37ea9cdc685,0.0,VERY LOW,APPROVE,67.96666666666667,2.0,1.0,Active
add80eda-c218-4b2b-976b-9978d627e3d6,0.0,VERY LOW,APPROVE,36.06666666666667,0.0,0.5,Inactive
a4a1bcd6-2ad8-40ee-bbf1-1f4ac6c9e303,0.0,VERY LOW,APPROVE,56.766666666666666,0.0,0.5,Inactive
3ee45116-bd58-4018-a044-9a399f5025ea,64.68,HIGH,APPROVE WITH STRICT TERMS,71.86666666666666,1.0,0.0,Active
e1f55bfa-be51-431b-a5d0-d37fb39dc255,0.0,VERY LOW,APPROVE,43.93333333333333,0.0,0.5,Active
5cd18ec3-426a-4d9b-aed6-cc2ba8a1958e,0.0,VERY LOW,APPROVE,68.4,1.0,1.0,Active
c8067a59-bba7-492c-ab29-ebcbd65b0bce,0.0,VERY LOW,APPROVE,21.7,1.0,1.0,Active
d6b4cc75-e484-4d3a-bf31-471a8461a047,81.72,VERY HIGH,REJECT,25.233333333333334,2.0,0.5,Active
a7223c8c-e706-4c6c-851f-282d66172432,91.77,VERY HIGH,REJECT,23.466666666666665,2.0,0.5,Active
2ece0955-64d3-41e9-9060-05daf58d377a,0.19,VERY LOW,APPROVE,51.4,1.0,1.0,Active
e44f0c5d-1d31-402b-9c9b-875636446ba1,0.0,VERY LOW,APPROVE,26.266666666666666,0.0,0.5,Active
580a68a3-c6dd-4743-b6a4-4f3133a4912f,81.54,VERY HIGH,REJECT,43.833333333333336,3.0,0.6666666666666666,Active
86ba169b-3f76-4a34-be62-77ce71881450,96.35,VERY HIGH,REJECT,52.5,2.0,0.0,Active
714055b6-5720-4e97-9226-bafdef05fee3,0.0,VERY LOW,APPROVE,21.3,0.0,0.5,Inactive
a7099049-f6c5-4d75-a488-c98454da9732,84.59,VERY HIGH,REJECT,22.433333333333334,1.0,0.0,Active
88ef370f-997b-4b0f-a973-2a1a74804c9f,0.0,VERY LOW,APPROVE,28.266666666666666,0.0,0.5,Active
aadc6767-3d73-410c-9b01-fc6339c32bc7,0.0,VERY LOW,APPROVE,55.43333333333333,2.0,1.0,Active
e0c2fb0d-1c5c-42f4-b8c0-5906b7e25a98,95.74,VERY HIGH,REJECT,42.06666666666667,2.0,0.0,Active
662a960f-b9a3-4314-8340-a276a29153cc,0.0,VERY LOW,APPROVE,68.7,1.0,1.0,Active
88271cb5-325c-446b-bbfb-28daf5b0276e,74.16,VERY HIGH,REJECT,50.56666666666667,3.0,0.6666666666666666,Active
c1503f70-f970-4baf-9587-14bd3cb342ba,0.0,VERY LOW,APPROVE,47.03333333333333,1.0,1.0,Active
df9d5e05-10cb-4c87-a466-c717aa7b4dc8,0.05,VERY LOW,APPROVE,36.266666666666666,1.0,1.0,Active
9deee79d-14cc-4c3a-bb0d-2d407ace3746,90.38,VERY HIGH,REJECT,59.733333333333334,2.0,0.5,Active
ed3710e1-b73f-4da3-a620-f9ab0f1f229f,94.83,VERY HIGH,REJECT,51.666666666666664,2.0,0.0,Active
a6d8b1a0-1f9d-485c-be9f-b64af9d9635c,0.0,VERY LOW,APPROVE,73.83333333333333,1.0,1.0,Active
ec41695b-f177-4006-b33a-abf888b98395,0.0,VERY LOW,APPROVE,61.86666666666667,0.0,0.5,Inactive
ffb4f533-dc5d-4a47-8280-cf9c42e0d029,76.54,VERY HIGH,REJECT,39.766666666666666,1.0,0.0,Active
b9ce443b-0029-47ae-904d-108a0404db0e,0.0,VERY LOW,APPROVE,38.766666666666666,1.0,1.0,Active
16697c75-2563-4909-a9a7-fbb37f39e684,52.43,HIGH,APPROVE WITH STRICT TERMS,49.333333333333336,2.0,0.5,Active
89ca9ebe-6b19-466a-82fb-1646445a3acc,71.64,VERY HIGH,REJECT,66.0,2.0,0.5,Active
07e8fe9c-6115-418d-adf6-f9257a6f140e,0.0,VERY LOW,APPROVE,58.43333333333333,1.0,1.0,Active
89f57851-c2ac-4f00-973d-caa7e0d7ac8e,96.79,VERY HIGH,REJECT,23.733333333333334,2.0,0.0,Active
ae667140-1ea1-49d8-816b-292d28925e06,63.85,HIGH,APPROVE WITH STRICT TERMS,30.366666666666667,2.0,0.5,Active
9adc29ba-a585-4376-a451-65a4754f7e5e,0.0,VERY LOW,APPROVE,74.9,1.0,1.0,Active
90d9d2a7-12d6-452e-a3c3-40ed869dfafc,0.0,VERY LOW,APPROVE,60.1,2.0,1.0,Active
27acdf3c-fc66-4dfa-bd47-bde5437ea595,0.0,VERY LOW,APPROVE,36.63333333333333,0.0,0.5,Active
46771304-697f-4e0e-b828-c98e71a34ef5,77.7,VERY HIGH,REJECT,33.5,2.0,0.5,Active
7a48bfad-c2d4-474f-9246-32db5de4efa5,0.0,VERY LOW,APPROVE,69.93333333333334,0.0,0.5,Active
33791292-8db3-4d0e-93ad-6ba1a6466d83,0.13,VERY LOW,APPROVE,23.166666666666668,1.0,1.0,Active
5eb4894e-58da-41aa-a963-306f5e61f113,75.46,VERY HIGH,REJECT,66.9,1.0,0.0,Active
9954a383-9e30-4786-be6d-69d4cce556d6,77.38,VERY HIGH,REJECT,55.4,4.0,0.75,Active
6770ed65-4087-42f7-9af9-2158eba8f47c,0.0,VERY LOW,APPROVE,43.7,2.0,1.0,Active
ede0876a-c78b-4c1c-a091-88fc70d6bfc1,0.0,VERY LOW,APPROVE,24.566666666666666,0.0,0.5,Terminated
a63a41cb-a428-466b-8ace-c7a7c7d5b19d,68.17,HIGH,APPROVE WITH STRICT TERMS,49.96666666666667,1.0,0.0,Active
476ef1a0-8379-4967-be94-ccb16b5bc136,0.0,VERY LOW,APPROVE,44.7,0.0,0.5,Active
abb305cd-aa3e-477c-9411-683a32e41917,0.0,VERY LOW,APPROVE,53.766666666666666,1.0,1.0,Active
09d56dd1-1763-458d-93cb-98ec4891bd6f,2.08,VERY LOW,APPROVE,16.9,4.0,1.0,Active
f9e1b17f-a43a-4423-882b-36d77a725956,84.76,VERY HIGH,REJECT,28.966666666666665,1.0,0.0,Active
0e74c17b-6c83-4aa3-bc6e-373f29948d8e,97.88,VERY HIGH,REJECT,49.233333333333334,4.0,0.25,Active
da85f493-2ba3-4465-8ee9-7baefda9e3cf,0.0,VERY LOW,APPROVE,17.566666666666666,0.0,0.5,Inactive
ca207c33-7d43-4dc0-ba46-307c23dc43ef,57.03,HIGH,APPROVE WITH STRICT TERMS,49.96666666666667,1.0,0.0,Active
c620a18c-68ed-4bfe-a384-caa7ca8d7ce1,0.0,VERY LOW,APPROVE,73.73333333333333,1.0,1.0,Active
3b532085-b83e-497f-b369-215327b5b713,83.13,VERY HIGH,REJECT,50.166666666666664,3.0,0.6666666666666666,Active
7bb9d3ec-a469-42c4-9f50-0a6727817cba,0.0,VERY LOW,APPROVE,74.93333333333334,1.0,1.0,Active
2b079aff-8fab-4bab-b767-87aa15b34d7c,84.98,VERY HIGH,REJECT,72.66666666666667,2.0,0.5,Active
3b1cf54c-23b0-4c61-aceb-3d1a8afe6ac6,0.0,VERY LOW,APPROVE,40.5,1.0,1.0,Active
d5188dc0-36ed-445f-8328-47621dd56ff2,0.0,VERY LOW,APPROVE,58.93333333333333,0.0,0.5,Active
532a62a9-928c-47a8-9dc9-918992e4ed70,0.0,VERY LOW,APPROVE,69.63333333333334,0.0,0.5,Active
5ae4420d-ed75-4e80-90e2-8191a6f73b63,0.0,VERY LOW,APPROVE,63.7,0.0,0.5,Active
92828d7d-5fd6-4046-a771-48e3d00d66bd,85.36,VERY HIGH,REJECT,38.833333333333336,4.0,0.5,Active
7c4ba82e-8d49-41b1-9d78-b179631ea80c,0.05,VERY LOW,APPROVE,22.1,1.0,1.0,Active
2fda550b-6bfa-4916-a9bd-1ea73ee8ba23,67.42,HIGH,APPROVE WITH STRICT TERMS,51.8,2.0,0.5,Active
c4529b17-c0ea-4b60-9270-1a83df775fd7,0.0,VERY LOW,APPROVE,47.7,0.0,0.5,Inactive
856e0c22-fb6e-4805-8288-9c6b88ae8b7f,85.32,VERY HIGH,REJECT,30.433333333333334,1.0,0.0,Active
8a1210d4-0d34-45c6-bf75-149b7947d24c,0.0,VERY LOW,APPROVE,76.16666666666667,0.0,0.5,Active
3aa97324-4be6-42d0-99ea-8a1f2831f55b,63.93,HIGH,APPROVE WITH STRICT TERMS,21.033333333333335,1.0,0.0,Active
7713743c-8f4b-46e1-aa27-574ae395c621,59.09,HIGH,APPROVE WITH STRICT TERMS,64.9,1.0,0.0,Active
d1ead716-9de6-4297-bec2-f08ab9c9927e,0.0,VERY LOW,APPROVE,59.766666666666666,0.0,0.5,Inactive
83c51d6d-cd04-45ce-8a52-eab055ac1c99,0.0,VERY LOW,APPROVE,25.666666666666668,0.0,0.5,Inactive
a719b562-85d8-4742-9324-576ebcf123c3,0.0,VERY LOW,APPROVE,67.73333333333333,1.0,1.0,Active
74fe0235-f4c8-4e53-be7b-c286f24276a6,85.04,VERY HIGH,REJECT,56.333333333333336,2.0,0.0,Active
75721c6c-5cbc-46b6-9f5b-2a5123c4cbd6,0.0,VERY LOW,APPROVE,76.03333333333333,0.0,0.5,Terminated
2a36b35f-6892-4ca3-b42c-8f6bfc3e848e,0.04,VERY LOW,APPROVE,40.36666666666667,1.0,1.0,Active
84bb2310-2087-4ae6-84bd-aa7bf30419d6,0.0,VERY LOW,APPROVE,56.9,1.0,1.0,Active
da5b610a-537a-4461-bf7c-abcda992d145,0.0,VERY LOW,APPROVE,64.7,1.0,1.0,Active
a8b33703-5c51-48ff-9a51-9cce1b9712a6,0.0,VERY LOW,APPROVE,73.26666666666667,1.0,1.0,Active
1eeff8f1-0672-4a7e-9b8a-9c3b5f7db028,70.02,VERY HIGH,REJECT,21.1,1.0,0.0,Active
cac5020b-52f8-4f24-8371-8e30b8ffdcdc,0.0,VERY LOW,APPROVE,55.666666666666664,4.0,1.0,Active
61c44f8c-aa51-454d-b0c5-a4e4bfc49ec6,0.0,VERY LOW,APPROVE,23.2,0.0,0.5,Inactive
f4317a0e-327a-4e18-bf24-77b9f3af8e61,0.0,VERY LOW,APPROVE,26.966666666666665,0.0,0.5,Active
8678790c-c6d3-41d1-9e2e-f4aab5732319,89.38,VERY HIGH,REJECT,44.6,1.0,0.0,Active
ec2180a0-f75a-4b68-86b8-a96e4c110c81,68.09,HIGH,APPROVE WITH STRICT TERMS,48.03333333333333,2.0,0.5,Active
bc85de81-5cb2-43f3-a9ac-611463f3c2dc,0.0,VERY LOW,APPROVE,52.1,1.0,1.0,Active
dbbfb72b-9f9a-4508-a15d-1438f81594f4,68.47,HIGH,APPROVE WITH STRICT TERMS,48.36666666666667,1.0,0.0,Active
d49a6cd2-de81-4a6b-9131-c0fa08017b1f,0.0,VERY LOW,APPROVE,40.03333333333333,0.0,0.5,Active
f0453c06-4db2-4c06-bb80-c3554832a221,0.04,VERY LOW,APPROVE,42.5,1.0,1.0,Active
129c65fc-775b-49dc-ac64-4a17e779b363,0.0,VERY LOW,APPROVE,65.83333333333333,4.0,1.0,Active
9e2de7b7-706b-401b-b8fb-9d42a8050f16,0.0,VERY LOW,APPROVE,32.9,0.0,0.5,Active
f7c79c6e-2913-441a-897e-cc134c5776b4,77.85,VERY HIGH,REJECT,53.7,3.0,0.6666666666666666,Active
d19eb475-4068-43ba-8fae-914fb19cfc1d,0.0,VERY LOW,APPROVE,42.13333333333333,0.0,0.5,Active
c7582886-d2f1-4ea4-bf38-97d65b4862ea,0.0,VERY LOW,APPROVE,69.83333333333333,1.0,1.0,Active
1dda619e-5a7b-4a16-8a8f-42fac7a1dab6,0.0,VERY LOW,APPROVE,49.06666666666667,1.0,1.0,Active
26892a52-8db2-4e7e-9d01-d5313534688a,56.17,HIGH,APPROVE WITH STRICT TERMS,61.03333333333333,1.0,0.0,Active
72ef9401-0aa1-42b0-abbd-90fbf626237e,0.0,VERY LOW,APPROVE,62.666666666666664,0.0,0.5,Inactive
c59a6d9d-6179-4089-a2f5-13f21b72a6a1,0.0,VERY LOW,APPROVE,31.666666666666668,0.0,0.5,Active
ce4728e7-4b8d-45e9-ab14-19eb7df0c5d6,0.0,VERY LOW,APPROVE,33.93333333333333,2.0,1.0,Active
1e5e318e-246d-47d9-959d-31ad1d555d7c,0.0,VERY LOW,APPROVE,62.5,0.0,0.5,Active
6438dd03-90a6-4768-8431-64320948441b,82.01,VERY HIGH,REJECT,30.666666666666668,2.0,0.5,Active
a4ed60fa-bc10-42d0-b3fb-ec088181b1da,0.0,VERY LOW,APPROVE,56.666666666666664,2.0,1.0,Active
256ebb09-8987-4f1b-8614-fcd5c155f4df,0.0,VERY LOW,APPROVE,41.36666666666667,0.0,0.5,Inactive
0c3cfed4-ddc5-4c05-b317-08568ecac558,0.0,VERY LOW,APPROVE,53.1,1.0,1.0,Active
658d5eb7-ebe9-49ec-b753-0005c777eb17,0.04,VERY LOW,APPROVE,26.933333333333334,1.0,1.0,Active
a28ea149-29a5-4a41-aaef-a116393e51fd,74.85,VERY HIGH,REJECT,35.766666666666666,1.0,0.0,Active
0aaece2f-318c-4e8e-afae-eee8e2fc37f9,0.0,VERY LOW,APPROVE,62.63333333333333,0.0,0.5,Active
e4acb3eb-4736-4aba-89cb-360bea736ac5,0.0,VERY LOW,APPROVE,38.233333333333334,0.0,0.5,Active
df1d9105-2704-46a1-97de-514ff4bcd30c,0.0,VERY LOW,APPROVE,71.96666666666667,1.0,1.0,Active
65db0bd5-eb90-405f-8621-29548c2d19fa,0.0,VERY LOW,APPROVE,52.2,1.0,1.0,Active
6455f881-0492-46ab-a181-b38146d639cd,0.0,VERY LOW,APPROVE,43.03333333333333,0.0,0.5,Terminated
dc6d7433-037e-4054-8c24-37bf57622d87,0.0,VERY LOW,APPROVE,58.13333333333333,0.0,0.5,Inactive
c60704d1-59b3-4bad-a3a7-6eeaf5942b76,0.0,VERY LOW,APPROVE,64.0,1.0,1.0,Active
0a1428f7-988e-47ba-926a-aeff2619b76c,0.0,VERY LOW,APPROVE,64.4,1.0,1.0,Active
1ad0de48-789b-408f-a675-4155d5d5d7ea,0.0,VERY LOW,APPROVE,32.63333333333333,1.0,1.0,Active
91ff4402-0bae-45b2-b6d9-eb9f885c9e44,0.13,VERY LOW,APPROVE,34.9,1.0,1.0,Active
d4a9ecfa-bcbb-46ca-b635-b84979956510,0.0,VERY LOW,APPROVE,61.3,1.0,1.0,Active
f94185b4-c90d-4826-986a-c57792e18090,71.69,VERY HIGH,REJECT,71.06666666666666,1.0,0.0,Active
347dbc38-c2ba-4231-9e06-44401853d0f5,84.81,VERY HIGH,REJECT,55.13333333333333,1.0,0.0,Active
01e23e25-b1a1-4155-b69a-bae34f87dff3,0.0,VERY LOW,APPROVE,43.3,0.0,0.5,Active
3c8e2f93-4740-4390-af11-8bc985ac535b,0.0,VERY LOW,APPROVE,49.666666666666664,1.0,1.0,Active
b721994b-be3b-40ed-b80f-dc34008f5184,0.0,VERY LOW,APPROVE,56.93333333333333,1.0,1.0,Active
a5aaefbd-c1a5-4f4b-855b-4dd049c64a6e,0.0,VERY LOW,APPROVE,36.333333333333336,0.0,0.5,Active
6684c2db-2c9d-468f-96ce-b679e2970856,0.0,VERY LOW,APPROVE,49.6,0.0,0.5,Inactive
3a246e48-7b0f-4575-9bde-4c0d81a273ac,64.3,HIGH,APPROVE WITH STRICT TERMS,52.166666666666664,3.0,0.6666666666666666,Active
71246487-30c8-461e-985d-e8c898fb63fb,0.0,VERY LOW,APPROVE,74.7,0.0,0.5,Active
6bfd1e00-7673-4c92-9848-b3b78e030da6,0.0,VERY LOW,APPROVE,73.13333333333334,2.0,1.0,Active
5a04a3f8-cdaa-4ca2-af4e-1963e2d49fab,88.95,VERY HIGH,REJECT,21.9,3.0,0.3333333333333333,Active
dbd88795-f571-47f6-af04-8530f584ec88,0.0,VERY LOW,APPROVE,73.7,1.0,1.0,Active
3c196188-5c14-48ae-9632-d2d58239eef7,0.0,VERY LOW,APPROVE,47.333333333333336,0.0,0.5,Active
1753ad8e-2735-49f8-bb6d-764a1086b7a0,0.0,VERY LOW,APPROVE,47.233333333333334,2.0,1.0,Active
70ede390-a156-4cc7-8e8d-f4d4fd7a187e,0.0,VERY LOW,APPROVE,72.86666666666666,0.0,0.5,Terminated
194a4473-7ff2-480f-8f06-4536888d918c,75.73,VERY HIGH,REJECT,50.36666666666667,2.0,0.5,Active
57ded203-4a35-414e-afdb-b384596239d5,0.0,VERY LOW,APPROVE,30.466666666666665,0.0,0.5,Active
0e0ba92f-ff25-4b17-a73d-cfd3569368c3,3.77,VERY LOW,APPROVE,16.8,4.0,1.0,Active
df28ae00-15d5-4eca-a31a-ac8148c1437f,75.6,VERY HIGH,REJECT,75.63333333333334,1.0,0.0,Active
4a84553b-256e-4547-84d6-cc0f0742185b,0.0,VERY LOW,APPROVE,25.166666666666668,3.0,1.0,Active
991053d6-f55c-499e-a236-18bbd5396550,63.41,HIGH,APPROVE WITH STRICT TERMS,57.93333333333333,2.0,0.5,Active
6c60b9e0-2b7d-4862-ad97-dca0ec822baf,49.89,MEDIUM,APPROVE WITH CAUTION,55.03333333333333,2.0,0.5,Active
c9c21ac4-60d6-4160-b8d4-7590d9b1fad3,0.0,VERY LOW,APPROVE,25.2,0.0,0.5,Active
c7cc4135-6b91-4cda-adf9-d6761876f0b3,0.0,VERY LOW,APPROVE,40.93333333333333,2.0,1.0,Active
f36c39ed-ec9c-4038-a9a3-8563b1932d99,0.0,VERY LOW,APPROVE,25.466666666666665,0.0,0.5,Active
b1e87a48-6241-4dc7-a59d-0c4fc0c2ac1d,0.0,VERY LOW,APPROVE,18.8,0.0,0.5,Inactive
fe7c21cf-ae16-4f2d-b04c-54690881ed7a,52.58,HIGH,APPROVE WITH STRICT TERMS,66.7,1.0,0.0,Active
f0990d46-01fc-41e5-b33e-08fef6066b03,60.4,HIGH,APPROVE WITH STRICT TERMS,21.8,1.0,0.0,Active
ee99a909-9329-4350-b6cb-4c05b29c7f8d,85.34,VERY HIGH,REJECT,36.8,3.0,0.6666666666666666,Active
293ffb0b-3139-4c16-b000-69be78bf7d4b,91.91,VERY HIGH,REJECT,47.9,2.0,0.5,Active
adc9b09c-49cf-427a-a679-18fcd0cdf2fc,0.0,VERY LOW,APPROVE,75.5,0.0,0.5,Active
ce82a25e-ab65-415e-90af-bfef53b49812,0.0,VERY LOW,APPROVE,77.2,2.0,1.0,Active
cb56c197-0810-410e-9b53-5c6b79384d02,0.0,VERY LOW,APPROVE,18.8,0.0,0.5,Inactive
4b2746c9-6fa9-4320-87b2-798efb2347ff,0.05,VERY LOW,APPROVE,27.133333333333333,1.0,1.0,Active
e9d9ee12-5c7f-47d2-b26a-e8fd30ded4d1,74.27,VERY HIGH,REJECT,69.2,3.0,0.6666666666666666,Active
fb6f941a-5351-473a-978c-ca8f6d8d5b16,0.0,VERY LOW,APPROVE,70.03333333333333,0.0,0.5,Inactive
6a9039c9-9259-4ecb-b87e-92f9863e42a2,0.0,VERY LOW,APPROVE,74.53333333333333,0.0,0.5,Inactive
f5e04620-5cb6-45e0-a16d-f9fd1cf35fd6,0.0,VERY LOW,APPROVE,68.93333333333334,0.0,0.5,Active
f187f645-0d22-4487-abf2-489f267b48ac,0.0,VERY LOW,APPROVE,46.63333333333333,0.0,0.5,Active
eaac423f-d084-4a08-9601-d732640fff4d,0.0,VERY LOW,APPROVE,49.96666666666667,1.0,1.0,Active
aaf9a48b-2df4-4838-a626-ea435e186f74,0.0,VERY LOW,APPROVE,50.333333333333336,0.0,0.5,Inactive
74013707-9c8b-4308-978d-2d81364ce3dc,87.94,VERY HIGH,REJECT,54.1,1.0,0.0,Active
d5f71145-252d-4c68-90c4-3bd67fa9107a,0.0,VERY LOW,APPROVE,65.23333333333333,3.0,1.0,Active
cf42ce7e-367c-4e82-b774-3773c7e9a1ae,0.0,VERY LOW,APPROVE,23.833333333333332,2.0,1.0,Active
e9d19057-b873-4490-bb1e-a5b5b52f312d,0.0,VERY LOW,APPROVE,61.63333333333333,0.0,0.5,Active
42872923-1597-4aa9-b298-08d718d54346,0.0,VERY LOW,APPROVE,35.0,1.0,1.0,Active
7ec790cb-ceb2-4095-8466-204b944aff30,0.0,VERY LOW,APPROVE,40.1,0.0,0.5,Inactive
413cbdc6-202a-4c84-af2e-74fc4a4b168c,89.93,VERY HIGH,REJECT,28.8,1.0,0.0,Active
a48be6f0-04f5-4f62-b607-cd2f0d6df578,0.0,VERY LOW,APPROVE,67.96666666666667,2.0,1.0,Active
634ddd94-fd36-47f7-bfad-d73c6b6ca151,0.0,VERY LOW,APPROVE,37.233333333333334,0.0,0.5,Active
068e6a2d-720d-4805-b8d5-55006ebb3cb8,29.52,LOW,APPROVE,33.666666666666664,1.0,0.0,Active
9aa8552a-8f50-454b-a075-e0b617a1cb74,87.24,VERY HIGH,REJECT,22.1,1.0,0.0,Active
3806d09f-c25e-4fe8-954f-a550fbdeb2bb,65.85,HIGH,APPROVE WITH STRICT TERMS,37.8,1.0,0.0,Active
43aa09e3-ae9a-47fc-92ac-16dc3f8cfe25,0.0,VERY LOW,APPROVE,44.766666666666666,0.0,0.5,Inactive
66c9899a-77c1-496a-ab4e-bd7425668665,0.0,VERY LOW,APPROVE,35.86666666666667,2.0,1.0,Active
787f85a8-b587-4369-9a7c-6be5ae411ca0,0.0,VERY LOW,APPROVE,25.866666666666667,1.0,1.0,Active
ea057ec5-187e-45cf-87b9-5e4fc30d5659,0.0,VERY LOW,APPROVE,39.06666666666667,0.0,0.5,Inactive
97309eea-fd8a-4498-be3f-213891f1d57c,76.86,VERY HIGH,REJECT,51.3,2.0,0.5,Active
36301c72-97bd-4632-b697-a421caff4689,0.34,VERY LOW,APPROVE,71.36666666666666,2.0,1.0,Active
9fd1d6bf-97d0-488f-9836-fdaf503ff72a,0.04,VERY LOW,APPROVE,16.966666666666665,1.0,1.0,Active
be7b4e66-bdae-493c-ac6d-3ced52abd7d2,0.0,VERY LOW,APPROVE,24.766666666666666,0.0,0.5,Inactive
23f28858-2e27-4ea8-80b3-ed798df0b841,66.55,HIGH,APPROVE WITH STRICT TERMS,42.06666666666667,1.0,0.0,Active
ee92cab5-cb46-4200-adfd-c007cbb5648a,0.0,VERY LOW,APPROVE,45.13333333333333,1.0,1.0,Active
35f075ba-e890-4bf4-b147-60d25521aeef,0.0,VERY LOW,APPROVE,72.86666666666666,0.0,0.5,Inactive
fef12c8f-f997-4721-bbec-8009d84f8076,0.0,VERY LOW,APPROVE,48.13333333333333,0.0,0.5,Inactive
11d02ebb-9b84-40da-9106-ec9fca2c0b32,0.0,VERY LOW,APPROVE,26.933333333333334,0.0,0.5,Active
b41df814-36b1-4b0a-811f-5231d0daa868,74.66,VERY HIGH,REJECT,30.266666666666666,1.0,0.0,Active
180168c4-e619-4049-a726-dbe3baa98640,0.0,VERY LOW,APPROVE,32.2,1.0,1.0,Active
46d9fa8d-2af9-42a0-909f-6e9c73b311c6,0.0,VERY LOW,APPROVE,43.96666666666667,0.0,0.5,Terminated
57c3b5d6-5b18-4f64-8594-779465e7d30c,0.0,VERY LOW,APPROVE,67.3,3.0,1.0,Active
6264d7a6-eeec-4622-9527-2860382d88c7,0.0,VERY LOW,APPROVE,63.0,0.0,0.5,Inactive
faaf45f8-262f-4360-8d37-f9fc4ebc6da5,0.43,VERY LOW,APPROVE,45.7,1.0,1.0,Active
619fcbe7-fecb-47f0-b9a9-1183c03d8bc9,0.0,VERY LOW,APPROVE,26.0,1.0,1.0,Active
6eb62ba7-66d7-448d-a94e-8d7df302d09b,0.0,VERY LOW,APPROVE,22.433333333333334,0.0,0.5,Inactive
1533746d-77c6-43fc-812f-84b509dece7a,0.0,VERY LOW,APPROVE,70.1,0.0,0.5,Terminated
384fe0c1-eb0f-4688-90aa-9aab05498cd1,0.0,VERY LOW,APPROVE,34.6,0.0,0.5,Inactive
8415e80f-1f8c-44b8-8800-2f1b61edaf52,0.0,VERY LOW,APPROVE,65.96666666666667,1.0,1.0,Active
741a9340-bbfb-4f52-afa8-e4d3397ee0b5,0.0,VERY LOW,APPROVE,55.766666666666666,0.0,0.5,Active
96093411-e0f7-4450-addf-6bd737955d21,0.0,VERY LOW,APPROVE,53.5,0.0,0.5,Active
afbfe07c-f0bc-4eea-8e4a-aee3b369012b,0.48,VERY LOW,APPROVE,16.766666666666666,2.0,1.0,Active
0b67b6bf-cf64-42ab-b609-6540d5e62ad6,0.0,VERY LOW,APPROVE,47.3,2.0,1.0,Active
6855a877-2f08-409b-bda1-2feaa074c641,0.27,VERY LOW,APPROVE,67.2,4.0,1.0,Active
8a4beaf4-2fa8-4ac2-8bde-475f7cfd64c8,0.0,VERY LOW,APPROVE,45.333333333333336,1.0,1.0,Active
cdd7d207-22d7-4bfb-b389-5b1d0146b603,0.0,VERY LOW,APPROVE,70.3,1.0,1.0,Active
6c8baa26-954b-44e3-a537-4562f87c5991,0.0,VERY LOW,APPROVE,37.63333333333333,0.0,0.5,Active
5abd2ba4-4fd9-46f9-a804-bdd694e857b2,0.0,VERY LOW,APPROVE,60.3,0.0,0.5,Active
2a809efa-b5ff-4dc0-9170-4b201dd1a048,0.0,VERY LOW,APPROVE,55.7,0.0,0.5,Active
e8244d24-3fc9-4d97-a16f-1072d6f3fa50,0.0,VERY LOW,APPROVE,30.6,1.0,1.0,Active
4bbcc647-599c-42de-97e7-b20d7f1206ed,0.0,VERY LOW,APPROVE,63.266666666666666,0.0,0.5,Inactive
de637f00-670c-4e7f-a501-e35dd86396e5,0.0,VERY LOW,APPROVE,50.2,1.0,1.0,Active
c3826d73-344c-47f9-983a-45d9e9c4d92c,0.0,VERY LOW,APPROVE,48.2,0.0,0.5,Inactive
a903bb75-32be-459f-b0b8-303aa34eedd7,0.0,VERY LOW,APPROVE,21.033333333333335,1.0,1.0,Active
9937a5ef-8439-48cb-95eb-5afb5247085b,0.0,VERY LOW,APPROVE,75.33333333333333,0.0,0.5,Active
7a3203ea-bcd4-4574-8268-0aa90c08eb8b,83.23,VERY HIGH,REJECT,48.43333333333333,2.0,0.5,Active
c2179ab4-cead-4695-80c7-1cbef0208a26,0.0,VERY LOW,APPROVE,74.83333333333333,1.0,1.0,Active
c9b319bd-33eb-4368-a932-a7ae5db3d641,78.87,VERY HIGH,REJECT,60.233333333333334,1.0,0.0,Active
64d39e53-272e-4c21-a1e3-bbbd074db677,66.79,HIGH,APPROVE WITH STRICT TERMS,57.5,2.0,0.5,Active
2e745442-375c-4f3f-9f83-38a8db01507d,0.0,VERY LOW,APPROVE,71.16666666666667,0.0,0.5,Terminated
92641a57-2fdf-4977-aad9-26e3bdfd7663,0.04,VERY LOW,APPROVE,30.133333333333333,1.0,1.0,Active
6df429a2-824d-422f-8ab0-330c0f2335e8,0.0,VERY LOW,APPROVE,28.033333333333335,1.0,1.0,Active
b2fd56d2-7a67-4145-b35a-62bab15dceb9,0.0,VERY LOW,APPROVE,69.83333333333333,0.0,0.5,Terminated
00ca4c1e-4c14-4ece-812b-7266c13c56a2,0.0,VERY LOW,APPROVE,21.533333333333335,1.0,1.0,Active
42fdf95a-57cc-4de4-943a-ba582923a63f,0.0,VERY LOW,APPROVE,68.2,1.0,1.0,Active
2447034f-868c-43ac-a4d3-a239271f9bae,0.0,VERY LOW,APPROVE,76.56666666666666,0.0,0.5,Active
e39bed03-910e-4751-b8da-46bbe88f244e,0.0,VERY LOW,APPROVE,73.96666666666667,0.0,0.5,Inactive
694a2b3c-a213-4e61-843d-7861e9de4a2f,91.4,VERY HIGH,REJECT,36.666666666666664,2.0,0.0,Active
0fde88bf-2b96-49be-9423-da57f22e1512,0.0,VERY LOW,APPROVE,69.83333333333333,0.0,0.5,Inactive
7bbc85db-0dee-4b08-872f-9ece89105357,0.0,VERY LOW,APPROVE,44.53333333333333,0.0,0.5,Active
db1d4bb3-71e0-4370-a454-01895f1cc6a9,0.0,VERY LOW,APPROVE,31.1,0.0,0.5,Active
816b21f8-94ab-4e2e-906e-15d4ef9f6d83,85.61,VERY HIGH,REJECT,56.6,1.0,0.0,Active
d058b27d-82d7-468b-aa1c-095dbb0db37c,0.0,VERY LOW,APPROVE,71.2,1.0,1.0,Active
3512c4b9-e116-4faa-accc-0f3da8ce434b,0.0,VERY LOW,APPROVE,38.266666666666666,0.0,0.5,Terminated
e51bc47c-71f0-482d-bcb3-43c5b3647b2a,0.0,VERY LOW,APPROVE,67.13333333333334,0.0,0.5,Inactive
a84ce9fb-39d5-4678-a52a-ae32bb84c185,0.0,VERY LOW,APPROVE,17.6,0.0,0.5,Active
011d9185-a88c-445e-bb90-adce9e799cd6,0.0,VERY LOW,APPROVE,69.36666666666666,0.0,0.5,Terminated
015342ff-b59e-4e04-8bfc-f0e4b646958a,0.0,VERY LOW,APPROVE,60.8,1.0,1.0,Active
1f0af180-48c1-41aa-9fba-b5f5af9ce44c,0.0,VERY LOW,APPROVE,44.13333333333333,1.0,1.0,Active
d7f987ac-c114-4671-a63d-cc1aedcb7c1b,1.28,VERY LOW,APPROVE,17.933333333333334,3.0,1.0,Active
ecf27d4e-2b68-40b4-bdd7-90da0255e964,0.0,VERY LOW,APPROVE,76.43333333333334,0.0,0.5,Terminated
1e424045-5791-434b-af56-3d817c7422e4,0.0,VERY LOW,APPROVE,46.3,0.0,0.5,Active
4d7c32c4-06d7-46f9-b3ea-d234ba2024fb,86.89,VERY HIGH,REJECT,58.93333333333333,2.0,0.5,Active
bd8381f8-55d2-444e-9d4a-87551beaf4a5,0.04,VERY LOW,APPROVE,38.4,1.0,1.0,Active
42f9b0c9-8f02-42b3-a6ac-033381f21e52,92.6,VERY HIGH,REJECT,16.9,4.0,0.75,Active
8ef3f2dd-7a48-4ee6-90ad-7b30b2ccf04c,55.19,HIGH,APPROVE WITH STRICT TERMS,67.13333333333334,2.0,0.5,Active
a6c6130b-0507-468f-8d6a-45b67ce1bab3,0.0,VERY LOW,APPROVE,56.2,1.0,1.0,Active
72cd0f6f-5ac0-4f1e-9508-efa565069649,81.78,VERY HIGH,REJECT,27.866666666666667,1.0,0.0,Active
7a939f4d-5067-4dc1-8dfd-98b58f105706,0.0,VERY LOW,APPROVE,60.8,0.0,0.5,Active
7e0708b3-f5df-4100-961c-9f651e750dc4,0.0,VERY LOW,APPROVE,41.36666666666667,0.0,0.5,Active
94a6b6a1-b34e-441a-8323-0c153d045986,55.18,HIGH,APPROVE WITH STRICT TERMS,57.46666666666667,1.0,0.0,Active
aeea3c6c-3331-408c-985a-bca9428e420a,0.0,VERY LOW,APPROVE,22.133333333333333,0.0,0.5,Inactive
a7cae674-23e5-46e6-af98-b1b643736721,0.0,VERY LOW,APPROVE,38.266666666666666,0.0,0.5,Active
d59b92ae-cdb2-47bf-864d-4d7c34039188,60.37,HIGH,APPROVE WITH STRICT TERMS,57.13333333333333,2.0,0.5,Active
416ab8a1-7ff0-4b76-9e26-bdcb032f0858,0.0,VERY LOW,APPROVE,20.366666666666667,0.0,0.5,Inactive
a6dc430a-b5c1-4972-80ff-dc2e0de0caa5,1.23,VERY LOW,APPROVE,42.666666666666664,4.0,1.0,Active
7cad449a-f348-4221-96ce-62e2ede868af,0.04,VERY LOW,APPROVE,67.6,2.0,1.0,Active
e1cbea09-33f9-449c-a314-e1a8a6359609,76.32,VERY HIGH,REJECT,64.76666666666667,1.0,0.0,Active
471592f1-7970-4441-a965-d4a39b6c075d,0.0,VERY LOW,APPROVE,38.9,0.0,0.5,Active
c654a2c1-796a-456e-bf3c-74cf16ef18bb,0.0,VERY LOW,APPROVE,67.76666666666667,3.0,1.0,Active
10cc73cb-c01b-435c-b997-7bc84946b87e,0.0,VERY LOW,APPROVE,49.4,0.0,0.5,Inactive
53b4802b-6b40-48c0-bba1-45a838b6b9b3,0.0,VERY LOW,APPROVE,47.3,0.0,0.5,Active
029594f0-2654-454d-b6fc-efb57d504a43,55.66,HIGH,APPROVE WITH STRICT TERMS,73.66666666666667,1.0,0.0,Active
275e903b-c9fe-4eaf-bffa-803f22218c17,0.0,VERY LOW,APPROVE,73.76666666666667,2.0,1.0,Active
b8385080-d165-44fa-9df3-0c7817045c5f,71.53,VERY HIGH,REJECT,70.43333333333334,1.0,0.0,Active
83f18345-f8d9-4458-a0fc-350936f2a650,53.98,HIGH,APPROVE WITH STRICT TERMS,58.766666666666666,1.0,0.0,Active
3b52942f-dbbe-45c0-a431-ffb11dabace8,0.0,VERY LOW,APPROVE,31.666666666666668,0.0,0.5,Active
b433a96c-e212-4c7a-841b-9aeccb3d72c7,61.67,HIGH,APPROVE WITH STRICT TERMS,35.13333333333333,1.0,0.0,Active
aad6a4c7-17eb-4484-b821-d95068b3c6cd,0.0,VERY LOW,APPROVE,25.0,0.0,0.5,Terminated
32fa7d54-5652-42ab-9417-cb456fd0fce7,0.0,VERY LOW,APPROVE,21.633333333333333,0.0,0.5,Active
5d6ccd5c-05cb-40b3-a8eb-7882ba448b08,0.0,VERY LOW,APPROVE,21.666666666666668,0.0,0.5,Active
65de6d1c-fa3c-40d1-92e5-6e3dbfb9e7dc,0.0,VERY LOW,APPROVE,72.73333333333333,1.0,1.0,Active
524c383e-5275-4dfe-a999-a834ad60e093,0.0,VERY LOW,APPROVE,76.56666666666666,1.0,1.0,Active
424afb57-5115-40fa-9253-d0815471a628,88.62,VERY HIGH,REJECT,51.166666666666664,3.0,0.6666666666666666,Active
22062092-d370-446f-bb5d-5a29101f4659,0.0,VERY LOW,APPROVE,73.3,0.0,0.5,Inactive
7b16c58b-2681-40eb-9334-8598316ef2b9,31.67,MEDIUM,APPROVE WITH CAUTION,63.2,4.0,0.75,Active
a482396c-32da-4374-8015-f6f6ed91f34b,0.0,VERY LOW,APPROVE,25.733333333333334,1.0,1.0,Active
92d30740-6897-483f-99c3-cfbfd7f4b554,0.05,VERY LOW,APPROVE,23.366666666666667,1.0,1.0,Active
506804cb-2353-4ae0-a63c-e16de64573b4,0.0,VERY LOW,APPROVE,41.7,2.0,1.0,Active
55084ad8-2603-4a20-8b66-9acc48716eca,0.0,VERY LOW,APPROVE,43.0,0.0,0.5,Active
951bbb43-012e-4f9d-83d6-75b0cd08e25c,92.83,VERY HIGH,REJECT,32.0,2.0,0.0,Active
b193fb10-6581-40df-a596-a8b63ab6ec5c,72.72,VERY HIGH,REJECT,18.6,3.0,0.6666666666666666,Active
037deec4-f3a2-4cd9-8ab8-cbd804713625,90.71,VERY HIGH,REJECT,51.666666666666664,2.0,0.5,Active
b96ecf47-1f1b-447f-9c53-b6de9e5c6b5a,0.0,VERY LOW,APPROVE,56.833333333333336,0.0,0.5,Inactive
ab3a8284-6b08-4091-8807-bc835379fd62,0.0,VERY LOW,APPROVE,54.3,1.0,1.0,Active
c09e4eb2-977a-429b-9538-da801e1ac6bf,71.96,VERY HIGH,REJECT,34.93333333333333,1.0,0.0,Active
0bbc67ca-47f1-4859-acc5-56c81f4dd86f,0.04,VERY LOW,APPROVE,47.56666666666667,1.0,1.0,Active
6f15e9e2-54f0-43bc-a5d8-fcbbaf8332dc,0.0,VERY LOW,APPROVE,21.166666666666668,1.0,1.0,Active
6b28ed02-c6e7-4e06-bc5a-6efa12807ac0,0.0,VERY LOW,APPROVE,62.36666666666667,0.0,0.5,Inactive
03432315-a3a7-4b06-ac1f-8eda49d55b9c,54.58,HIGH,APPROVE WITH STRICT TERMS,41.333333333333336,4.0,0.75,Active
292262ff-98e2-4032-b2a5-1b46f784aed6,0.05,VERY LOW,APPROVE,45.3,1.0,1.0,Active
ede42664-a825-4c19-8c48-ec0491543fb9,0.0,VERY LOW,APPROVE,36.86666666666667,0.0,0.5,Active
1a9833eb-6818-4691-a4c2-66bf75028238,0.0,VERY LOW,APPROVE,26.1,0.0,0.5,Active
b9ca81be-32ae-4297-b78b-30fb982114a4,75.46,VERY HIGH,REJECT,31.4,3.0,0.6666666666666666,Active
1b74c47d-3702-41e0-9df6-e8977556d95d,0.0,VERY LOW,APPROVE,21.633333333333333,1.0,1.0,Active
fa0bf0a7-782a-4b77-8372-28bee7d99167,0.0,VERY LOW,APPROVE,68.16666666666667,0.0,0.5,Terminated
d332404e-f9a4-4d99-a852-cc9d321afa81,1.51,VERY LOW,APPROVE,35.7,2.0,1.0,Active
d2beabd4-7b3a-4456-8ed6-d63879c0eab3,82.94,VERY HIGH,REJECT,57.3,3.0,0.6666666666666666,Active
64b26a5d-da53-4805-90f3-d275342370c1,50.6,HIGH,APPROVE WITH STRICT TERMS,38.2,1.0,0.0,Active
3f77b7b4-be73-4afe-b325-ad6584c61a8c,0.05,VERY LOW,APPROVE,21.266666666666666,1.0,1.0,Active
eb1307bf-27e7-4205-b8f2-ff656208aae4,0.0,VERY LOW,APPROVE,17.966666666666665,1.0,1.0,Active
339fe48b-cda8-4ea8-8c39-0b902709dbbd,0.0,VERY LOW,APPROVE,44.733333333333334,0.0,0.5,Inactive
73f5ddbf-5737-47ab-857b-b049499885fa,0.0,VERY LOW,APPROVE,74.36666666666666,1.0,1.0,Active
b7e434d7-5826-4727-a77d-66e8c42dd585,87.75,VERY HIGH,REJECT,45.06666666666667,2.0,0.5,Active
038218ce-5882-45c6-8bf1-30f825eab4f5,0.0,VERY LOW,APPROVE,28.033333333333335,1.0,1.0,Active
38fead80-2663-4159-81d6-9379686c57e6,0.0,VERY LOW,APPROVE,33.2,0.0,0.5,Inactive
97975ec2-307b-46e9-a2e7-e10e4cb94cdb,49.6,MEDIUM,APPROVE WITH CAUTION,27.9,2.0,0.5,Active
0a4fa05f-1261-4747-ab31-9f0ce1fc0d2a,0.0,VERY LOW,APPROVE,60.13333333333333,0.0,0.5,Inactive
94481a80-2518-42de-b8c5-fe9fbea0a5d1,0.04,VERY LOW,APPROVE,25.333333333333332,1.0,1.0,Active
ae801c05-4fbc-4272-87d4-cc5c5d4732ad,0.0,VERY LOW,APPROVE,35.36666666666667,0.0,0.5,Active
ef7615f2-68eb-4f57-9216-f23a665a3685,95.02,VERY HIGH,REJECT,23.6,2.0,0.0,Active
382ebc43-cd70-40c2-896e-6b95df5e2667,0.0,VERY LOW,APPROVE,63.43333333333333,3.0,1.0,Active
46b00d79-5a11-4a29-9a0e-84522f4447fa,71.76,VERY HIGH,REJECT,26.6,3.0,0.6666666666666666,Active
291e6020-1008-472a-8e70-bcec8c9a3202,0.0,VERY LOW,APPROVE,38.0,2.0,1.0,Active
74f2f6d6-45ad-4aa3-b338-7139054cb2a5,0.0,VERY LOW,APPROVE,67.26666666666667,1.0,1.0,Active
714b02c7-7112-49cb-85f6-b078a0e0b24a,0.48,VERY LOW,APPROVE,66.26666666666667,2.0,1.0,Active
67261d2e-af2d-45b5-a7db-28e274401db6,81.35,VERY HIGH,REJECT,55.13333333333333,1.0,0.0,Active
7b8188b7-595f-4b6a-ba08-4dda2588a167,69.28,HIGH,APPROVE WITH STRICT TERMS,37.166666666666664,1.0,0.0,Active
ceafee0c-4ca2-4726-b75b-7be21c1816e2,0.0,VERY LOW,APPROVE,39.8,0.0,0.5,Inactive
440a6502-ac0e-4ec7-aee8-0de945cda69c,52.13,HIGH,APPROVE WITH STRICT TERMS,31.066666666666666,1.0,0.0,Active
24c8c546-1fed-4639-84a7-e7e4f1c1bee1,0.0,VERY LOW,APPROVE,21.1,1.0,1.0,Active
b507b9f5-a075-43bd-9cf7-70ba5065b026,0.6,VERY LOW,APPROVE,24.333333333333332,2.0,1.0,Active
fa88339d-5bc5-430e-8a9e-241454503402,0.0,VERY LOW,APPROVE,76.43333333333334,0.0,0.5,Inactive
99371e62-f433-4844-9052-92f76d8ca047,85.09,VERY HIGH,REJECT,45.06666666666667,2.0,0.5,Active
1dd7480d-6802-4226-97a5-e6b570838ba4,0.0,VERY LOW,APPROVE,31.7,2.0,1.0,Active
0e6b6baf-0214-4ad8-b297-638730f4e06f,79.29,VERY HIGH,REJECT,32.5,3.0,0.6666666666666666,Active
3aa06586-c96f-46a1-a703-b80340bd1472,87.38,VERY HIGH,REJECT,75.03333333333333,2.0,0.5,Active
882b2a99-c7ff-4e6d-9606-04503730dbfa,0.0,VERY LOW,APPROVE,72.4,2.0,1.0,Active
92dbda78-c768-46c3-9a21-62a1b1d51fb6,0.0,VERY LOW,APPROVE,74.2,0.0,0.5,Inactive
49a30a39-3405-4686-8c03-3c68e60d8c8c,0.04,VERY LOW,APPROVE,24.433333333333334,1.0,1.0,Active
29f16bf5-9f8e-4e53-9d7d-a3e59351c001,88.19,VERY HIGH,REJECT,39.266666666666666,1.0,0.0,Active
98758390-e31d-4b00-9813-cf0bacc6e258,0.0,VERY LOW,APPROVE,39.13333333333333,0.0,0.5,Inactive
11fc17b9-e5a5-4b52-b62b-c52d5819cb35,66.24,HIGH,APPROVE WITH STRICT TERMS,43.2,1.0,0.0,Active
73a64eb7-0bfe-4abe-bef2-587865c150d5,0.0,VERY LOW,APPROVE,66.53333333333333,1.0,1.0,Active
69866728-b5d5-4b32-b987-2e7c8befec86,86.74,VERY HIGH,REJECT,73.26666666666667,3.0,0.6666666666666666,Active
0fb4c4e9-8129-4291-a1b7-c881638aa2f1,0.0,VERY LOW,APPROVE,22.7,0.0,0.5,Terminated
3318b591-0350-4089-89fd-63dc85102154,0.0,VERY LOW,APPROVE,71.73333333333333,1.0,1.0,Active
76305f6d-4ed2-4003-ae30-992374a5e586,0.0,VERY LOW,APPROVE,16.966666666666665,0.0,0.5,Active
8478ab78-dfd0-4587-94f7-3dfdfbcf4bfc,0.0,VERY LOW,APPROVE,17.666666666666668,0.0,0.5,Terminated
8a3612a2-78ed-4e17-82a6-970b69a565a1,35.7,MEDIUM,APPROVE WITH CAUTION,39.5,2.0,0.5,Active
5fcd7f48-ea91-44ae-b718-c898f85032c6,0.0,VERY LOW,APPROVE,18.6,3.0,1.0,Active
6bdb0a7c-da33-439d-8e38-f72433f02af9,93.91,VERY HIGH,REJECT,62.9,2.0,0.0,Active
43efd5ba-6e70-497f-9fda-ad5a72cf28f9,79.28,VERY HIGH,REJECT,37.266666666666666,2.0,0.5,Active
7dec08e4-8acf-4437-a99b-829351cd8f82,0.0,VERY LOW,APPROVE,55.96666666666667,1.0,1.0,Active
cd496884-3cec-4c40-bec6-e466ac0d6257,0.0,VERY LOW,APPROVE,69.9,0.0,0.5,Inactive
6e82a39e-68e6-4f73-9d7b-01abebd296f3,77.75,VERY HIGH,REJECT,75.23333333333333,1.0,0.0,Active
7eb8ab48-50c9-4f26-a2c5-24ceb6a9c245,0.48,VERY LOW,APPROVE,25.8,2.0,1.0,Active
bb28874d-65d3-4164-b113-2ba37a37d21f,0.0,VERY LOW,APPROVE,51.6,0.0,0.5,Terminated
ec663e7e-9f8a-4c3f-ab80-72779ffaa425,0.0,VERY LOW,APPROVE,56.266666666666666,2.0,1.0,Active
fb8751c1-93b2-4b27-b5b1-7dfedcc50210,84.34,VERY HIGH,REJECT,28.733333333333334,2.0,0.5,Active
4088c339-02f3-406f-bb76-c875e7c715a2,0.0,VERY LOW,APPROVE,64.46666666666667,1.0,1.0,Active
938645d1-afc0-4f27-a03f-5a0764d30ba7,0.0,VERY LOW,APPROVE,25.033333333333335,0.0,0.5,Active
00074bcf-b6b1-494d-b67f-edffae30d6e5,84.54,VERY HIGH,REJECT,45.333333333333336,3.0,0.6666666666666666,Active
1762f286-b7a3-4133-9655-f770f78dc3fe,0.0,VERY LOW,APPROVE,40.06666666666667,1.0,1.0,Active
2f05da12-33eb-4093-800d-977acfaaaef6,0.0,VERY LOW,APPROVE,59.333333333333336,1.0,1.0,Active
d9034898-e84a-4c61-9b49-a1f87b265e7e,0.0,VERY LOW,APPROVE,31.0,1.0,1.0,Active
9f6ef2ea-3ea8-4c9b-bb12-06050c35b558,90.28,VERY HIGH,REJECT,71.8,1.0,0.0,Active
09ce2dc8-6245-45b8-be9e-463e8a73d93c,58.84,HIGH,APPROVE WITH STRICT TERMS,18.966666666666665,1.0,0.0,Active
e1d4b555-4f9d-4f95-a4d4-9ed155558a89,0.0,VERY LOW,APPROVE,58.9,1.0,1.0,Active
beb54f97-9878-4ad4-84b5-45b3f52a93d3,74.92,VERY HIGH,REJECT,45.7,2.0,0.5,Active
1dc8b578-66f3-4e7b-a224-0a897de3daee,0.0,VERY LOW,APPROVE,70.06666666666666,0.0,0.5,Inactive
24761d34-26a8-411d-8ffa-e476b376c7d8,0.0,VERY LOW,APPROVE,35.1,0.0,0.5,Terminated
8dda57fc-2b0e-499f-8fcd-22ed58c3c380,82.56,VERY HIGH,REJECT,72.43333333333334,3.0,0.6666666666666666,Active
4fe4e4cd-df1f-4987-b7f7-262d6f5561c3,0.0,VERY LOW,APPROVE,55.36666666666667,0.0,0.5,Active
d46603f7-1792-453a-b5ef-cc2b9ff5db3c,81.97,VERY HIGH,REJECT,49.86666666666667,2.0,0.5,Active
c16ab254-687f-413e-b10d-6bf523fccced,0.0,VERY LOW,APPROVE,70.7,1.0,1.0,Active
6c5663f9-e058-46f1-b194-de70b446c49e,0.0,VERY LOW,APPROVE,56.13333333333333,3.0,1.0,Active
bbaa0af6-d641-4451-9590-fe7c98c02bcd,42.9,MEDIUM,APPROVE WITH CAUTION,21.066666666666666,1.0,0.0,Active
1b774ce2-99de-49fd-b867-978badf61da4,78.38,VERY HIGH,REJECT,72.33333333333333,2.0,0.5,Active
2d95e991-221b-4c6e-bde9-0ae52f7af330,59.28,HIGH,APPROVE WITH STRICT TERMS,65.53333333333333,1.0,0.0,Active
0af2548d-2aff-46e3-b80a-1d318ee9a9d1,85.31,VERY HIGH,REJECT,67.73333333333333,1.0,0.0,Active
cef97bda-d3e5-4e5b-ae03-926e526091b8,0.0,VERY LOW,APPROVE,54.06666666666667,1.0,1.0,Active
6e4a4828-8ba7-4383-9de7-ad3c226c4c32,87.49,VERY HIGH,REJECT,61.8,1.0,0.0,Active
96fa2d15-ab5d-45b4-acee-d261e9feff81,0.0,VERY LOW,APPROVE,27.5,1.0,1.0,Active
84de9ca7-9782-428a-8728-255295014975,78.98,VERY HIGH,REJECT,17.866666666666667,1.0,0.0,Active
f159e349-b245-4241-9efe-bf4da220b48a,83.17,VERY HIGH,REJECT,54.46666666666667,1.0,0.0,Active
393170f8-7edf-4a5c-926b-37d7ee83a587,0.0,VERY LOW,APPROVE,36.0,2.0,1.0,Active
f42f478f-9220-4e54-8f6a-9ca9df145575,0.0,VERY LOW,APPROVE,53.7,0.0,0.5,Terminated
29d1ea4c-756f-4a75-9398-a3bc62bc1445,0.27,VERY LOW,APPROVE,55.9,1.0,1.0,Active
53eb3602-c0a0-460a-8576-f42be9172a2e,0.0,VERY LOW,APPROVE,19.766666666666666,0.0,0.5,Active
4839e98d-d0d6-40c8-b9ca-ab2dab62e3d5,0.0,VERY LOW,APPROVE,53.5,0.0,0.5,Terminated
487ba583-cb55-4dbc-8c61-204211225c39,0.0,VERY LOW,APPROVE,30.3,2.0,1.0,Active
1318139e-ccf2-47b5-bfe1-b9dc6119f509,67.26,HIGH,APPROVE WITH STRICT TERMS,76.9,2.0,0.5,Active
d4f7264e-99f2-4ee0-9a68-adccbcfbc66e,97.41,VERY HIGH,REJECT,16.4,3.0,0.3333333333333333,Active
6e95b1e2-10fd-4649-9e26-97fd1cc8e7da,0.0,VERY LOW,APPROVE,28.1,0.0,0.5,Active
ea038840-e8a5-42cf-bd5e-8b7f23a0ce1e,92.31,VERY HIGH,REJECT,52.03333333333333,3.0,0.3333333333333333,Active
948a486f-ea1a-4fc7-86aa-a76217a19dcb,0.0,VERY LOW,APPROVE,21.033333333333335,1.0,1.0,Active
55bb108c-6dc0-4730-b81a-68cbfb163a25,0.0,VERY LOW,APPROVE,26.8,0.0,0.5,Inactive
7ab27693-7163-498e-9336-f3a4130daab1,0.0,VERY LOW,APPROVE,51.1,0.0,0.5,Active
c24cec8c-34fb-4b31-b59e-87c17b207002,0.0,VERY LOW,APPROVE,20.233333333333334,0.0,0.5,Inactive
40570b8f-2d12-49c9-8a73-f6120bbd158c,95.5,VERY HIGH,REJECT,63.6,4.0,0.5,Active
61cbea54-d28d-4dbc-bb0a-bfad00e3536c,0.0,VERY LOW,APPROVE,34.9,1.0,1.0,Active
7837b324-6cd3-4968-a20d-a019652d3b6e,0.0,VERY LOW,APPROVE,68.06666666666666,1.0,1.0,Active
38bdfa90-f927-4cb6-bdfc-894361986c02,0.0,VERY LOW,APPROVE,64.66666666666667,0.0,0.5,Active
b5de2d1b-9e18-400c-a718-8c28e0b2a721,73.79,VERY HIGH,REJECT,31.3,2.0,0.5,Active
fa0b5d45-3b0e-45a6-b576-03706da62c7c,0.0,VERY LOW,APPROVE,20.866666666666667,0.0,0.5,Active
68700b55-52f4-42e9-9cdf-0ea1f9001f20,0.0,VERY LOW,APPROVE,41.2,0.0,0.5,Inactive
a38818da-33e6-4269-8aa4-bcc431a35d80,0.0,VERY LOW,APPROVE,31.5,0.0,0.5,Active
5caaa266-bb8c-4166-a2c5-0a7a51248105,93.75,VERY HIGH,REJECT,24.933333333333334,4.0,0.5,Active
7d19126b-0a69-4951-989a-f32f7a33887e,88.82,VERY HIGH,REJECT,35.96666666666667,1.0,0.0,Active
ff2505e0-0655-4421-91bc-99a4d83a2769,0.0,VERY LOW,APPROVE,76.6,1.0,1.0,Active
f9a8e48a-d131-4f4d-871f-777713d3c116,64.74,HIGH,APPROVE WITH STRICT TERMS,53.1,3.0,0.6666666666666666,Active
2db8c741-cd7d-433f-80b0-8b1e70e8af08,0.0,VERY LOW,APPROVE,73.16666666666667,1.0,1.0,Active
1bf4d8af-5df3-4544-9b5e-32ed2afe9da9,74.29,VERY HIGH,REJECT,46.63333333333333,3.0,0.6666666666666666,Active
3598f1f1-ce74-434c-853f-9d178a296fbe,0.0,VERY LOW,APPROVE,49.3,0.0,0.5,Active
b01c83b9-e860-4cdd-83ee-b2a8101a1a5f,0.0,VERY LOW,APPROVE,58.266666666666666,0.0,0.5,Inactive
fad5ff65-012b-498f-a079-25c355d190fe,0.51,VERY LOW,APPROVE,32.96666666666667,4.0,1.0,Active
6336592c-9bf8-486b-8e6d-ce2ef2e89f40,0.0,VERY LOW,APPROVE,35.5,1.0,1.0,Active
824adc60-165f-4132-97e4-628b440b839c,0.0,VERY LOW,APPROVE,43.833333333333336,0.0,0.5,Active
77e91056-a324-43b1-b84f-012b8a50c12b,0.0,VERY LOW,APPROVE,31.333333333333332,1.0,1.0,Active
92f3920d-83fe-49b1-89bd-231160c4ad90,0.0,VERY LOW,APPROVE,46.93333333333333,0.0,0.5,Inactive
8c8284aa-1c59-49c6-b737-6b503e2ba981,0.0,VERY LOW,APPROVE,30.0,1.0,1.0,Active
e93e45fa-43bd-4b72-a7a8-70d7ac26a5b7,0.0,VERY LOW,APPROVE,58.4,1.0,1.0,Active
be8e3dc8-797b-4988-9013-f443802b8e7c,0.04,VERY LOW,APPROVE,53.9,1.0,1.0,Active
01421870-547d-466b-bc6e-013ac0c8b2fb,0.0,VERY LOW,APPROVE,25.666666666666668,0.0,0.5,Active
adc97971-d450-46d3-8b2e-65a809a54ebb,0.0,VERY LOW,APPROVE,72.06666666666666,0.0,0.5,Terminated
10ce17fd-2450-48b1-97a1-cc744d45a410,75.39,VERY HIGH,REJECT,74.56666666666666,3.0,0.6666666666666666,Active
5a179b27-846d-41ea-9017-a44f55e2d4f1,0.0,VERY LOW,APPROVE,45.233333333333334,1.0,1.0,Active
3d6e44d3-061d-4fa0-ad2e-1ce60ac0739b,0.26,VERY LOW,APPROVE,70.5,2.0,1.0,Active
9c4a60b6-32a9-45f2-859c-87ddec966ebb,0.0,VERY LOW,APPROVE,31.033333333333335,0.0,0.5,Inactive
fce5aebb-087d-4638-b89f-8726edbc0f39,0.34,VERY LOW,APPROVE,71.46666666666667,1.0,1.0,Active
c449ba6e-21b2-4ace-921a-50d203214d82,0.0,VERY LOW,APPROVE,26.1,1.0,1.0,Active
31eaa41e-6695-483b-96a6-e2f6b9d3ad99,67.64,HIGH,APPROVE WITH STRICT TERMS,35.53333333333333,2.0,0.5,Active
cc58e3b1-b050-4f01-a8f4-6bc09b549bb2,0.0,VERY LOW,APPROVE,25.566666666666666,1.0,1.0,Active
2a3617b3-eb67-4899-97cb-006ed1316935,0.0,VERY LOW,APPROVE,18.033333333333335,1.0,1.0,Active
bfcdc28d-e685-4c47-af15-716eb6e51798,0.0,VERY LOW,APPROVE,30.133333333333333,2.0,1.0,Active
cbc0ade7-a081-4965-bf0a-c6f3a4a6a467,0.0,VERY LOW,APPROVE,22.333333333333332,1.0,1.0,Active
3a6adcf8-1200-4f32-921f-e2bff55061fb,76.64,VERY HIGH,REJECT,53.4,2.0,0.5,Active
a09a67f9-293d-4687-9128-8c4542e02453,0.0,VERY LOW,APPROVE,26.333333333333332,2.0,1.0,Active
1d9b063c-f5ff-49ef-a2f0-e902d665d2a2,0.0,VERY LOW,APPROVE,36.4,1.0,1.0,Active
64e35f71-7f5d-41cb-9470-5b7b8dc7b959,83.02,VERY HIGH,REJECT,57.5,2.0,0.5,Active
49d1ddad-e909-4b28-8ac7-1b007abb83b7,74.82,VERY HIGH,REJECT,45.4,1.0,0.0,Active
64b91680-d8f6-42e0-86c2-6c3ec702b4da,0.0,VERY LOW,APPROVE,55.1,0.0,0.5,Active
ab96d602-bee1-4225-8e0c-15f2b657c031,0.0,VERY LOW,APPROVE,28.333333333333332,0.0,0.5,Inactive
0e6faecf-98a5-4f33-b9b3-4abd49bb634e,53.06,HIGH,APPROVE WITH STRICT TERMS,51.86666666666667,1.0,0.0,Active
2c8e2b4f-8a9b-4bd3-aec7-2001e4001144,0.0,VERY LOW,APPROVE,49.63333333333333,0.0,0.5,Inactive
743b6e7d-9a22-4b38-80e5-c13ce16e753e,0.0,VERY LOW,APPROVE,58.93333333333333,1.0,1.0,Active
c7ba854d-3f51-42e3-b73c-4a897de93223,0.0,VERY LOW,APPROVE,29.766666666666666,0.0,0.5,Terminated
d03c0b2f-20c2-46b7-b513-eb2ace970e35,0.0,VERY LOW,APPROVE,19.0,0.0,0.5,Active
bd41213b-18c0-47f5-b417-2a0144a49928,0.0,VERY LOW,APPROVE,66.7,0.0,0.5,Inactive
8239296c-2d13-4c42-be15-7b4f2780252c,0.0,VERY LOW,APPROVE,71.2,2.0,1.0,Active
fc8a3751-5fb9-4eb5-ada4-fa686fbff4a5,0.04,VERY LOW,APPROVE,67.7,2.0,1.0,Active
d66cee39-2048-4001-9b0e-87f815b02874,0.0,VERY LOW,APPROVE,40.06666666666667,0.0,0.5,Active
817a13ae-9565-45bc-b45d-713872b85e3c,45.58,MEDIUM,APPROVE WITH CAUTION,23.833333333333332,2.0,0.5,Active
20420d9b-70c1-49fc-b173-473855dd9721,0.0,VERY LOW,APPROVE,69.16666666666667,1.0,1.0,Active
dad9b387-900e-4ffb-93f4-91b5ac1911f1,0.0,VERY LOW,APPROVE,49.4,0.0,0.5,Terminated
c2c0f64a-be89-4a20-84ec-004cd18dace4,0.0,VERY LOW,APPROVE,29.9,0.0,0.5,Terminated
edc3f1ea-cb61-4254-9df9-c60247d78d0d,0.0,VERY LOW,APPROVE,58.666666666666664,0.0,0.5,Terminated
33212694-097f-44f0-afdb-ecfe7ca93de5,59.57,HIGH,APPROVE WITH STRICT TERMS,57.53333333333333,1.0,0.0,Active
04d7019d-d7d1-46d5-a801-6e1ecd9fab44,0.0,VERY LOW,APPROVE,21.033333333333335,1.0,1.0,Active
d2664e7d-8b66-44d3-8b42-4465455f12f4,0.0,VERY LOW,APPROVE,35.86666666666667,1.0,1.0,Active
29579102-c655-4048-8f15-439b51667d12,0.0,VERY LOW,APPROVE,68.96666666666667,2.0,1.0,Active
f5650b40-e061-44aa-a167-33b81363a970,0.0,VERY LOW,APPROVE,40.36666666666667,0.0,0.5,Inactive
cc99ef3e-2dac-48c9-9d8f-1c3d1bee960c,95.77,VERY HIGH,REJECT,68.23333333333333,2.0,0.0,Active
1296c29a-cb01-4da5-bd9f-59a78881c3b8,0.0,VERY LOW,APPROVE,17.566666666666666,1.0,1.0,Active
5bd3ba6e-135f-4c1d-a794-5ff48626d087,0.0,VERY LOW,APPROVE,57.43333333333333,1.0,1.0,Active
3c5bd58f-0153-49b9-81f3-ed06759037a2,0.0,VERY LOW,APPROVE,57.4,1.0,1.0,Active
4d2bbd9c-17ec-4088-af9e-acecf6bc907c,0.0,VERY LOW,APPROVE,38.36666666666667,0.0,0.5,Inactive
8db04468-2d74-4fec-a6c6-b8456f2201db,70.14,VERY HIGH,REJECT,66.1,3.0,0.6666666666666666,Active
acdbdec7-bc35-4ea6-be16-f3084fab9a77,0.0,VERY LOW,APPROVE,68.46666666666667,0.0,0.5,Active
4ab28b59-7bd4-4d25-89ac-9ea2ff9dfea3,0.0,VERY LOW,APPROVE,37.266666666666666,0.0,0.5,Active
29718bca-87bb-4395-9f05-638c9bf39a80,0.0,VERY LOW,APPROVE,37.3,1.0,1.0,Active
1f66fc86-92e2-4514-a49e-2c4144cce12d,97.34,VERY HIGH,REJECT,33.13333333333333,3.0,0.3333333333333333,Active
ae0bfbf6-9ff0-45f4-aa0b-dea731370297,0.0,VERY LOW,APPROVE,52.733333333333334,0.0,0.5,Active
2ab29b33-f470-4636-a08e-1ba2a89e2577,0.0,VERY LOW,APPROVE,17.066666666666666,0.0,0.5,Inactive
6f610b7d-2ad5-4d3b-a270-5d57f71fa172,0.0,VERY LOW,APPROVE,16.866666666666667,0.0,0.5,Active
936b4d71-e916-4451-8603-8003b686d70f,0.0,VERY LOW,APPROVE,44.63333333333333,1.0,1.0,Active
676cdf16-03fa-419c-89f4-7131e56d9af3,0.0,VERY LOW,APPROVE,39.96666666666667,2.0,1.0,Active
011c0254-9c03-43f6-a841-14224203ead6,0.0,VERY LOW,APPROVE,68.06666666666666,0.0,0.5,Inactive
6619228e-6c1c-4d16-8036-a48d825e2618,0.0,VERY LOW,APPROVE,52.9,1.0,1.0,Active
e335baaf-3cbc-4d79-b737-8fa07af7a401,0.0,VERY LOW,APPROVE,31.2,1.0,1.0,Active
5d44d25c-fa5d-4208-b0bb-ae07f48fe487,76.55,VERY HIGH,REJECT,22.166666666666668,2.0,0.5,Active
47128904-3387-4a94-8739-754dd33cffff,65.06,HIGH,APPROVE WITH STRICT TERMS,41.9,2.0,0.5,Active
c6d5f948-346c-48d1-bbff-e10a528126e5,0.0,VERY LOW,APPROVE,71.56666666666666,0.0,0.5,Terminated
6ef8d5fe-d6fb-406a-94bc-316791da2487,0.0,VERY LOW,APPROVE,23.033333333333335,0.0,0.5,Active
a224f570-46c6-46a6-bc2e-7046e48c8de6,67.59,HIGH,APPROVE WITH STRICT TERMS,70.03333333333333,1.0,0.0,Active
d2beb747-1a70-4ef0-8f04-59aadf7199a8,0.0,VERY LOW,APPROVE,28.666666666666668,2.0,1.0,Active
e49e6b37-fc6a-4cb2-bc3a-eb7fa9cc9451,68.76,HIGH,APPROVE WITH STRICT TERMS,21.933333333333334,1.0,0.0,Active
daad8842-bfb8-4385-8478-0722b794e20c,0.0,VERY LOW,APPROVE,39.96666666666667,1.0,1.0,Active
abe8b1f5-515f-4c7a-82ce-2e59f254039e,79.42,VERY HIGH,REJECT,42.1,1.0,0.0,Active
dda3e75a-f764-4007-9309-ea5973a0d864,86.0,VERY HIGH,REJECT,68.03333333333333,1.0,0.0,Active
6ab71383-3bbb-4e9e-87ea-8dcde51885b9,0.0,VERY LOW,APPROVE,73.23333333333333,1.0,1.0,Active
fb996967-f890-47e5-a23d-1d81eee02024,77.63,VERY HIGH,REJECT,26.033333333333335,1.0,0.0,Active
34069893-ab49-4731-9098-346e87fe7368,54.2,HIGH,APPROVE WITH STRICT TERMS,70.46666666666667,1.0,0.0,Active
9ea07b23-629b-4a54-819c-91a3257335f6,82.44,VERY HIGH,REJECT,22.1,2.0,0.5,Active
af270834-fd2a-4fb2-91d1-6e4538ecf828,0.04,VERY LOW,APPROVE,69.93333333333334,1.0,1.0,Active
a16cf1eb-54db-4199-9c72-fbbb01ff4d99,68.63,HIGH,APPROVE WITH STRICT TERMS,59.7,2.0,0.5,Active
bdba8c63-87ed-4c67-b520-f3d798603b4c,98.39,VERY HIGH,REJECT,73.43333333333334,4.0,0.25,Active
1109cce7-3fdc-431d-95c7-24ec1b4ddc01,0.13,VERY LOW,APPROVE,16.866666666666667,1.0,1.0,Active
77d3c5c5-55c3-482f-98bf-a24dd238f7f4,0.0,VERY LOW,APPROVE,58.03333333333333,1.0,1.0,Active
017a1af2-da1c-448c-b49a-c2e0ef9023c8,0.0,VERY LOW,APPROVE,28.533333333333335,0.0,0.5,Terminated
7b065c5b-f8e4-4757-921e-09b51d777291,74.09,VERY HIGH,REJECT,29.133333333333333,4.0,0.75,Active
904e51c8-5bf5-4d5e-b570-bafe9333c31f,0.0,VERY LOW,APPROVE,23.466666666666665,1.0,1.0,Active
62b9998b-2461-471b-8c12-bd27f9794bb5,0.0,VERY LOW,APPROVE,71.26666666666667,0.0,0.5,Active
e8b139ba-d189-4dea-82de-c71e5a6c5aba,0.0,VERY LOW,APPROVE,45.53333333333333,0.0,0.5,Inactive
399a9f2b-7616-47e1-976e-b706d8785cee,87.84,VERY HIGH,REJECT,65.3,4.0,0.75,Active
577b8a7a-61ef-45f9-880b-43eb3a45b0b8,0.0,VERY LOW,APPROVE,25.133333333333333,1.0,1.0,Active
8a1bdec6-57e7-481f-bc93-18eb36b312de,0.04,VERY LOW,APPROVE,55.63333333333333,1.0,1.0,Active
329165ba-639d-4e14-b2e1-ec1f0364f0c6,0.0,VERY LOW,APPROVE,60.266666666666666,0.0,0.5,Inactive
edc339b1-fe44-4135-9897-9a61b6c132ee,0.0,VERY LOW,APPROVE,65.7,2.0,1.0,Active
fa2fdd47-08be-4d68-a3b0-472a735e0e16,0.0,VERY LOW,APPROVE,34.0,0.0,0.5,Active
7afff566-c122-468b-9b9e-cd0422b1451a,0.0,VERY LOW,APPROVE,60.6,0.0,0.5,Terminated
ccaac0bf-2b26-43b4-a854-7c715d108b57,73.88,VERY HIGH,REJECT,53.93333333333333,2.0,0.5,Active
2d1be0be-70b1-478d-9ee3-473ac95944c4,0.0,VERY LOW,APPROVE,30.8,0.0,0.5,Active
56d4dc0e-6ded-4f00-ac21-0bbaaba2a908,0.0,VERY LOW,APPROVE,21.166666666666668,1.0,1.0,Active
7e239d19-59f5-484e-b04e-f912d0aa5941,0.0,VERY LOW,APPROVE,73.2,0.0,0.5,Inactive
138af190-9a9b-49a5-9b7b-729f14bd4fd6,0.0,VERY LOW,APPROVE,69.26666666666667,0.0,0.5,Terminated
97876434-5cb2-4c78-b319-e66ad72d3e60,67.9,HIGH,APPROVE WITH STRICT TERMS,69.33333333333333,1.0,0.0,Active
4fcd5b57-4c22-49a3-9a18-844a538cb6cb,0.0,VERY LOW,APPROVE,75.03333333333333,1.0,1.0,Active
4124c14d-e820-4960-ba85-a20fe633cb0b,69.13,HIGH,APPROVE WITH STRICT TERMS,67.63333333333334,1.0,0.0,Active
91f4a694-a595-419f-90ea-76444feb5805,0.0,VERY LOW,APPROVE,61.733333333333334,0.0,0.5,Inactive
fdc1792c-0120-4b5d-ada5-677d6abb6f61,0.0,VERY LOW,APPROVE,47.766666666666666,2.0,1.0,Active
7c4f8e4c-7065-4fb9-9c09-45c3e8eaf96c,0.0,VERY LOW,APPROVE,58.833333333333336,3.0,1.0,Active
4ddb9252-c641-4f44-a6e1-95beaa016080,0.0,VERY LOW,APPROVE,75.86666666666666,0.0,0.5,Inactive
01f2e130-91ce-4a18-8bef-11627946649c,0.0,VERY LOW,APPROVE,42.4,0.0,0.5,Inactive
2fd0f163-efc1-48b2-bc50-3eca2471b440,60.72,HIGH,APPROVE WITH STRICT TERMS,48.5,1.0,0.0,Active
0b277d31-52ce-413c-bc7a-dbe75e2cb479,0.0,VERY LOW,APPROVE,26.266666666666666,0.0,0.5,Inactive
0b65e31c-9025-426e-8713-378fa29de2ae,0.0,VERY LOW,APPROVE,25.5,1.0,1.0,Active
947cc005-1077-4edd-86d8-76490800201e,0.0,VERY LOW,APPROVE,68.43333333333334,3.0,1.0,Active
81e6db28-d4b8-4ab2-b152-d0d433cf981d,79.89,VERY HIGH,REJECT,26.566666666666666,2.0,0.5,Active
c2052ce8-db0b-4272-b280-6d837e3065f8,0.04,VERY LOW,APPROVE,26.3,1.0,1.0,Active
93efeee4-8165-418c-afe9-e8e9f0f90887,0.0,VERY LOW,APPROVE,53.766666666666666,0.0,0.5,Inactive
e7bec975-0723-47bc-86af-30a167154633,0.0,VERY LOW,APPROVE,33.733333333333334,0.0,0.5,Inactive
61265769-0cd2-43e9-be29-21c86e21397b,0.0,VERY LOW,APPROVE,65.76666666666667,0.0,0.5,Inactive
b27bc6b5-ad33-4bc3-8216-ac9cfb05b2f5,0.0,VERY LOW,APPROVE,23.3,0.0,0.5,Active
7aec7824-de24-472f-b148-40c91c2a35e5,0.0,VERY LOW,APPROVE,21.566666666666666,0.0,0.5,Active
ca50db6e-d1b7-4174-b749-637311c28010,0.0,VERY LOW,APPROVE,55.233333333333334,1.0,1.0,Active
d83ba1df-6f3b-4e28-8cf8-0d1256137038,42.7,MEDIUM,APPROVE WITH CAUTION,49.4,2.0,0.5,Active
a427f79e-8d6d-49ad-82b8-800a807d7500,89.83,VERY HIGH,REJECT,23.533333333333335,1.0,0.0,Active
a1f0b3ca-fc34-4b94-8511-0e06a408037b,0.04,VERY LOW,APPROVE,36.3,1.0,1.0,Active
2995ad9a-bbdd-48a1-ba68-5db21f0633ff,0.0,VERY LOW,APPROVE,59.666666666666664,3.0,1.0,Active
190c78f3-2fe7-4541-aa5c-130f7e0a07b1,0.0,VERY LOW,APPROVE,43.93333333333333,1.0,1.0,Active
dedff292-86aa-4dde-b869-27d856eb54a5,0.0,VERY LOW,APPROVE,65.83333333333333,0.0,0.5,Active
c450c931-358b-4a10-b6ff-c48c389be4e2,95.39,VERY HIGH,REJECT,36.6,3.0,0.3333333333333333,Active
7ea2c37d-306b-4afe-89e2-72111a2665f3,0.0,VERY LOW,APPROVE,23.2,0.0,0.5,Active
b4eb2c45-0fd0-4460-9666-414f839e037c,70.91,VERY HIGH,REJECT,71.73333333333333,3.0,0.6666666666666666,Active
48e0907c-c760-4d72-b387-59e317deff81,0.0,VERY LOW,APPROVE,30.3,1.0,1.0,Active
c561c34d-eff5-4d7c-82ec-9cfa6be26777,0.27,VERY LOW,APPROVE,72.86666666666666,1.0,1.0,Active
12252213-9fcb-4a61-841f-f962e0b406ea,0.0,VERY LOW,APPROVE,70.93333333333334,0.0,0.5,Terminated
339ec421-e145-4094-9638-988be5db7566,0.0,VERY LOW,APPROVE,57.266666666666666,1.0,1.0,Active
52ab022e-de45-47b3-bbe2-06a7cefd884a,0.0,VERY LOW,APPROVE,36.733333333333334,2.0,1.0,Active
0db4266f-8b04-4aff-a123-667ebd4634c5,0.04,VERY LOW,APPROVE,62.333333333333336,1.0,1.0,Active
cb94d948-c8e7-4545-9e57-86bf65674776,59.77,HIGH,APPROVE WITH STRICT TERMS,55.7,1.0,0.0,Active
33a2b533-26e8-4ab8-98fc-470a3bf81cd5,0.0,VERY LOW,APPROVE,28.433333333333334,0.0,0.5,Inactive
7873c41d-b67b-4347-88b8-69f50e3fea5f,0.0,VERY LOW,APPROVE,44.8,0.0,0.5,Active
83a7194a-4232-46e4-a9ac-d7db0dc5bd2a,0.0,VERY LOW,APPROVE,52.0,2.0,1.0,Active
3d7cecf5-1893-4631-9558-619b6633d2fe,72.38,VERY HIGH,REJECT,64.53333333333333,1.0,0.0,Active
f7bd4eb1-f2d7-4fe5-947a-7e4be298fa58,0.6,VERY LOW,APPROVE,21.1,2.0,1.0,Active
8965831b-4d28-4972-a982-d5517e0174e9,0.0,VERY LOW,APPROVE,21.366666666666667,1.0,1.0,Active
afc3ddd9-9595-438e-a463-0ba12f44c3a1,81.83,VERY HIGH,REJECT,48.8,2.0,0.5,Active
801ea560-add0-41d8-8214-1862eb892f6a,0.0,VERY LOW,APPROVE,39.7,0.0,0.5,Inactive
19b90081-3533-4e94-bdc2-b362b4c2fb0e,0.0,VERY LOW,APPROVE,50.6,0.0,0.5,Active
fe6a3dc6-579c-4feb-9e7a-087261b44247,0.0,VERY LOW,APPROVE,35.2,0.0,0.5,Inactive
ed9e93c0-2733-492d-9d18-47ba68f3d8ae,0.0,VERY LOW,APPROVE,73.43333333333334,0.0,0.5,Terminated
65c48751-367b-40df-b0f7-c5fef7fc37ca,0.34,VERY LOW,APPROVE,74.6,2.0,1.0,Active
2e8f9e10-d93d-436d-a3aa-cd56ea93db69,0.0,VERY LOW,APPROVE,60.13333333333333,0.0,0.5,Active
7080734e-c026-4155-8d11-96311c13162a,55.59,HIGH,APPROVE WITH STRICT TERMS,63.8,1.0,0.0,Active
26b76ff6-e958-4e46-a41b-047c379a7d1e,0.0,VERY LOW,APPROVE,44.7,0.0,0.5,Terminated
0e975144-1ee1-4a19-95a1-3cbadbcae5f9,0.0,VERY LOW,APPROVE,19.0,0.0,0.5,Active
fb11012a-6d47-47de-ac54-2ba25fe1a9da,0.0,VERY LOW,APPROVE,54.43333333333333,1.0,1.0,Active
b2073dd5-79c7-4407-9b28-6d7d1424df2f,92.56,VERY HIGH,REJECT,34.8,4.0,0.5,Active
44bba028-e711-4250-bd05-ed31fe502711,2.04,VERY LOW,APPROVE,75.66666666666667,1.0,1.0,Active
799abbb8-ad4c-46f7-ad43-0e5b29700a1c,0.0,VERY LOW,APPROVE,61.06666666666667,0.0,0.5,Inactive
662bbc84-9f79-4e35-95a5-d4cbba49220e,0.27,VERY LOW,APPROVE,54.5,1.0,1.0,Active
4513e216-0d40-4429-bef6-fd47515b2ca9,0.04,VERY LOW,APPROVE,57.833333333333336,1.0,1.0,Active
fa5f1b5e-5ded-4f69-a8e0-cfa45999b719,0.0,VERY LOW,APPROVE,53.166666666666664,2.0,1.0,Active
187ec0bb-a5f9-4b9f-a4a0-a1fa38bab057,78.83,VERY HIGH,REJECT,61.86666666666667,1.0,0.0,Active
d379525a-000f-4314-9105-272d54ae08aa,0.0,VERY LOW,APPROVE,38.666666666666664,0.0,0.5,Inactive
4b8791a2-66b9-4860-bfc0-0914c0cc55b9,0.0,VERY LOW,APPROVE,50.43333333333333,0.0,0.5,Active
a48bf318-2a63-4894-a7ce-99832d48e513,0.0,VERY LOW,APPROVE,16.833333333333332,1.0,1.0,Active
5982b480-e140-4c2c-b9c8-dba555f463d6,0.0,VERY LOW,APPROVE,27.233333333333334,0.0,0.5,Terminated
00f3643a-2c7f-4eac-a42b-d677803cfaae,0.0,VERY LOW,APPROVE,45.2,0.0,0.5,Active
c646a273-61e2-4d6f-8044-bcc2c4e93917,0.0,VERY LOW,APPROVE,59.833333333333336,2.0,1.0,Active
495d080b-3c5b-4286-9039-2fa1215c0772,94.25,VERY HIGH,REJECT,68.76666666666667,4.0,0.5,Active
d1fb5f7b-1b06-4b73-8a90-63fd4fd6c54b,37.73,MEDIUM,APPROVE WITH CAUTION,43.333333333333336,2.0,0.5,Active
0bfec846-5846-4e40-b494-99dc41187368,87.89,VERY HIGH,REJECT,54.93333333333333,2.0,0.5,Active
691a973a-b824-4c2a-87a3-98cd7c61600e,0.05,VERY LOW,APPROVE,41.06666666666667,1.0,1.0,Active
27f086c8-0443-4e85-95c4-0b3ec5d8b9a1,0.05,VERY LOW,APPROVE,21.266666666666666,1.0,1.0,Active
1e8118e1-50b0-4e20-ae68-9f5ae8a92e12,0.0,VERY LOW,APPROVE,18.2,0.0,0.5,Active
f8b40866-b18d-4085-85c0-37510b29864b,87.77,VERY HIGH,REJECT,19.6,1.0,0.0,Active
efc1ef81-266b-49ac-9385-6219144cbf05,0.0,VERY LOW,APPROVE,66.96666666666667,2.0,1.0,Active
f56fc397-a25c-4239-9f12-7065d9bc28f2,0.0,VERY LOW,APPROVE,38.733333333333334,2.0,1.0,Active
731332c2-3903-4afb-b86f-af640d0d2f2d,0.0,VERY LOW,APPROVE,47.53333333333333,0.0,0.5,Inactive
838e4099-2f1e-4f7d-a9a7-239070c6dfd1,0.0,VERY LOW,APPROVE,26.1,0.0,0.5,Active
aae8d91c-0c37-4e96-9e9f-1ab41627af46,41.07,MEDIUM,APPROVE WITH CAUTION,47.36666666666667,3.0,0.6666666666666666,Active
03289bb3-c420-47a0-9121-7352f9597517,0.05,VERY LOW,APPROVE,30.466666666666665,1.0,1.0,Active
629dd38d-d095-40b3-99f3-3bc31205ae01,0.13,VERY LOW,APPROVE,42.86666666666667,1.0,1.0,Active
0e91d5a0-9310-4101-b452-d59a99ebe80d,0.0,VERY LOW,APPROVE,35.166666666666664,0.0,0.5,Active
8900054d-ff13-4539-87ca-c907ed3a0e33,87.79,VERY HIGH,REJECT,53.9,1.0,0.0,Active
6ddb8460-e21a-4484-b16f-8e880b1b7609,83.69,VERY HIGH,REJECT,69.93333333333334,2.0,0.5,Active
3e2b7406-8e31-4b17-95b6-b35562bd2091,0.0,VERY LOW,APPROVE,48.3,0.0,0.5,Inactive
d6953ef8-8083-43a4-b0f2-0fae54dd081c,0.0,VERY LOW,APPROVE,41.56666666666667,1.0,1.0,Active
e52bfeb7-d34b-4ad7-881e-20ecd2a28f6f,67.18,HIGH,APPROVE WITH STRICT TERMS,35.733333333333334,1.0,0.0,Active
77f625b9-2c67-40fa-8309-e6100494191e,0.0,VERY LOW,APPROVE,52.7,0.0,0.5,Terminated
2dac0923-bcc9-4f02-8046-ee6f4bd003ee,0.04,VERY LOW,APPROVE,25.333333333333332,1.0,1.0,Active
5faca8ae-dce1-4b82-bcee-6510ed0a9c48,0.0,VERY LOW,APPROVE,47.93333333333333,1.0,1.0,Active
89aeb911-6282-4951-aafa-bcac278ebe63,0.0,VERY LOW,APPROVE,63.86666666666667,0.0,0.5,Active
5a442469-f682-4c65-971f-5a333f14b174,0.0,VERY LOW,APPROVE,70.66666666666667,1.0,1.0,Active
a3777b1d-0695-42da-8474-9600abea7c4a,0.0,VERY LOW,APPROVE,21.066666666666666,1.0,1.0,Active
591c1a59-2c1d-4ecb-9eaa-c245fcdca3e4,94.83,VERY HIGH,REJECT,47.1,2.0,0.0,Active
1f23bae1-fa25-433b-b00f-67ef87ff884e,70.84,VERY HIGH,REJECT,28.433333333333334,2.0,0.5,Active
0693bdc1-e42f-4968-8fe0-f9e71181fd94,0.0,VERY LOW,APPROVE,46.63333333333333,1.0,1.0,Active
f5887605-075c-47a9-8494-844afe516506,0.0,VERY LOW,APPROVE,47.2,3.0,1.0,Active
2414d7e5-2fe8-4f5f-884c-640dc51beb53,91.29,VERY HIGH,REJECT,72.8,1.0,0.0,Active
e323cca8-8714-46cd-82f4-4d38cfc1aa62,0.0,VERY LOW,APPROVE,33.333333333333336,1.0,1.0,Active
46b9c602-f515-4016-a570-eb02f6bda2de,0.0,VERY LOW,APPROVE,34.36666666666667,0.0,0.5,Active
38fe9e70-9475-4a82-9d4d-4178f2894fe9,82.15,VERY HIGH,REJECT,38.3,1.0,0.0,Active
709f6606-88a3-406c-b816-f5340120102c,94.83,VERY HIGH,REJECT,49.46666666666667,4.0,0.5,Active
106dfb9b-61b1-4c22-98e3-546c47079c0e,76.13,VERY HIGH,REJECT,74.5,1.0,0.0,Active
e0b38dcd-de66-4552-b5d2-46cfbde5f6a7,92.59,VERY HIGH,REJECT,32.86666666666667,1.0,0.0,Active
b99a1c22-a1ad-4e18-b72e-4def8c47f075,0.0,VERY LOW,APPROVE,57.63333333333333,1.0,1.0,Active
f92e0a13-13ca-4019-85a5-c21512192b4b,86.15,VERY HIGH,REJECT,50.0,2.0,0.5,Active
bacc85d0-159d-4b49-a6fd-b2150ce874c1,0.0,VERY LOW,APPROVE,66.66666666666667,0.0,0.5,Active
d0e7890e-6047-4ad1-8692-24ee70606dd4,0.0,VERY LOW,APPROVE,34.63333333333333,1.0,1.0,Active
cda8dcd3-76cb-406c-83f1-c0b741537b81,0.0,VERY LOW,APPROVE,72.13333333333334,1.0,1.0,Active
12f62864-3e67-4418-acaa-3d088a3951dc,65.25,HIGH,APPROVE WITH STRICT TERMS,70.0,2.0,0.5,Active
7933aa10-fb67-4790-9a33-c5553fff797d,0.0,VERY LOW,APPROVE,25.033333333333335,1.0,1.0,Active
5c9c675f-ee09-4df0-b9bf-b456c994d7ba,0.0,VERY LOW,APPROVE,49.7,0.0,0.5,Terminated
ebc41f6d-772a-4581-8e36-9de6f184de3d,86.63,VERY HIGH,REJECT,72.36666666666666,2.0,0.5,Active
afdccb06-60f6-49c1-a0ae-9bbf8c7e729c,0.0,VERY LOW,APPROVE,63.266666666666666,1.0,1.0,Active
48632d59-8ed5-4c27-b963-146ba33945df,0.04,VERY LOW,APPROVE,32.266666666666666,1.0,1.0,Active
54a142e2-a57b-4aa9-a8f5-591408dd8a3d,0.27,VERY LOW,APPROVE,60.2,1.0,1.0,Active
4f3f386b-7424-4f83-a3c8-23ba5c9a853b,76.58,VERY HIGH,REJECT,76.23333333333333,3.0,0.6666666666666666,Active
0df10e7f-fb65-4ef9-bf4e-2e0ea7682a78,2.04,VERY LOW,APPROVE,74.46666666666667,1.0,1.0,Active
f9cf104d-75ae-49be-bc77-709a5a4269d6,0.0,VERY LOW,APPROVE,50.86666666666667,0.0,0.5,Terminated
a093181a-228c-4fad-bfdb-a2850fd2640a,0.0,VERY LOW,APPROVE,35.13333333333333,2.0,1.0,Active
1edcad29-f8bb-4ef1-bf3a-d71e3b907fd7,0.0,VERY LOW,APPROVE,43.43333333333333,1.0,1.0,Active
6af75179-d03c-4e59-a6a3-89a119711cdc,0.0,VERY LOW,APPROVE,68.23333333333333,1.0,1.0,Active
71525b9d-8e35-41fc-b126-767f4e3cfe84,0.0,VERY LOW,APPROVE,33.666666666666664,0.0,0.5,Inactive
1a89043b-0f79-418b-a2ad-a47c27a9c380,76.79,VERY HIGH,REJECT,63.63333333333333,2.0,0.5,Active
7dab2b77-42fc-4e34-91a2-b0b3938adccf,0.04,VERY LOW,APPROVE,65.83333333333333,1.0,1.0,Active
258499e4-3d24-4fbb-96d6-7fbc533e331f,0.0,VERY LOW,APPROVE,67.83333333333333,1.0,1.0,Active
a5e49f50-f6a5-4b63-98bc-7dd4a7c899d9,64.05,HIGH,APPROVE WITH STRICT TERMS,45.56666666666667,2.0,0.5,Active
0c435bea-56d4-481e-b33c-3ff095413544,0.0,VERY LOW,APPROVE,22.433333333333334,0.0,0.5,Inactive
23ecbf9f-f53f-4a7f-ad14-42bcc317de03,0.0,VERY LOW,APPROVE,18.5,0.0,0.5,Active
ff1f8ad9-fdd8-46fb-95db-e785ddfd711b,0.27,VERY LOW,APPROVE,56.6,1.0,1.0,Active
4aba5182-b350-4c73-86b0-c4a44589da37,0.0,VERY LOW,APPROVE,64.0,0.0,0.5,Active
c63b0862-4048-49c9-b648-e8055577a415,0.0,VERY LOW,APPROVE,21.333333333333332,2.0,1.0,Active
78ff5486-dba6-437a-aebb-626cd0339271,54.68,HIGH,APPROVE WITH STRICT TERMS,39.9,2.0,0.5,Active
8596a920-621c-42a5-b958-3a85479255c4,87.88,VERY HIGH,REJECT,27.033333333333335,1.0,0.0,Active
abccd618-4588-4836-9214-5dff5d0a65e4,0.0,VERY LOW,APPROVE,65.8,3.0,1.0,Active
8cfd9e06-2191-41e8-be77-fda5c3ce58ec,0.0,VERY LOW,APPROVE,49.666666666666664,2.0,1.0,Active
3f634764-ca9d-4c7d-8e2f-8921c947a4c9,0.0,VERY LOW,APPROVE,16.433333333333334,0.0,0.5,Inactive
71dd48b7-7849-4863-ac6e-1202adc60a7a,0.0,VERY LOW,APPROVE,45.96666666666667,1.0,1.0,Active
3b38fdb2-2a25-4775-a0d8-9a74352a9136,0.0,VERY LOW,APPROVE,61.56666666666667,0.0,0.5,Inactive
a2627844-06bf-40a5-9faa-6aaa093e05f8,82.92,VERY HIGH,REJECT,71.36666666666666,2.0,0.5,Active
aca2d8b2-471b-4d2f-87d7-2c346e92aff1,0.0,VERY LOW,APPROVE,51.733333333333334,2.0,1.0,Active
06f4885d-69e8-4261-aae0-6fb7f80ab92e,0.0,VERY LOW,APPROVE,27.066666666666666,2.0,1.0,Active
46c923b6-55c2-4a56-b6ed-7493c5611e53,64.35,HIGH,APPROVE WITH STRICT TERMS,59.13333333333333,1.0,0.0,Active
47d0f0b1-4d41-43df-987a-ca52a9252be4,0.04,VERY LOW,APPROVE,32.2,1.0,1.0,Active
50bf4656-9a90-48cb-8dac-64cba53d52bb,0.0,VERY LOW,APPROVE,28.7,1.0,1.0,Active
9c01cc25-02bb-490b-a693-15f9d33ee146,0.0,VERY LOW,APPROVE,75.4,1.0,1.0,Active
1125de5a-9c45-4fdc-8ba9-697daea1baa9,0.0,VERY LOW,APPROVE,71.23333333333333,0.0,0.5,Terminated
357ec159-3ac7-472a-9505-6f093a7ec40e,0.0,VERY LOW,APPROVE,23.433333333333334,0.0,0.5,Active
6a2819d7-1b27-4610-92f0-b58dc8cbe2fa,0.0,VERY LOW,APPROVE,36.0,1.0,1.0,Active
2a0f64eb-d87b-473f-8c99-d3491c2a389f,78.21,VERY HIGH,REJECT,23.533333333333335,1.0,0.0,Active
7f5dd929-b52e-453a-ba39-2f30ca39a385,0.0,VERY LOW,APPROVE,16.933333333333334,0.0,0.5,Inactive
82cd8b1e-79fa-40c5-be00-4f808cc2739c,0.0,VERY LOW,APPROVE,68.8,0.0,0.5,Active
a872c7cf-6413-4df5-a91b-2645f38fefe9,90.74,VERY HIGH,REJECT,16.4,2.0,0.5,Active
f0a42643-0b51-476b-93d0-a80f2dfc4412,59.55,HIGH,APPROVE WITH STRICT TERMS,30.8,1.0,0.0,Active
3d463e27-0b86-449b-8f48-5d92efe76bcf,0.0,VERY LOW,APPROVE,25.4,0.0,0.5,Active
da606dc7-e181-4c35-b981-98037bc5110d,0.0,VERY LOW,APPROVE,61.46666666666667,1.0,1.0,Active
1a33d44e-e7ad-4897-b8f2-27ca694c5dcb,0.0,VERY LOW,APPROVE,72.76666666666667,0.0,0.5,Inactive
6bbc04da-9ff7-4071-a6be-74adc2c79e07,0.0,VERY LOW,APPROVE,74.3,0.0,0.5,Inactive
7cb5b088-fd6b-47a6-9e20-af130754bb14,0.0,VERY LOW,APPROVE,70.66666666666667,0.0,0.5,Inactive
1938300b-a65b-4531-be60-c62ebb1eaac4,0.0,VERY LOW,APPROVE,31.4,0.0,0.5,Inactive
8b808c70-ac9c-492a-b52a-18b76f5c5283,0.0,VERY LOW,APPROVE,19.566666666666666,0.0,0.5,Active
d126ed45-f2d1-43b7-90a9-c91b841a653b,77.71,VERY HIGH,REJECT,35.733333333333334,3.0,0.6666666666666666,Active
768f47ee-cf0c-4c2f-a642-f0a152fd3494,98.29,VERY HIGH,REJECT,73.13333333333334,4.0,0.25,Active
d788cf46-cfb3-49e8-95df-8bd005622cd6,0.0,VERY LOW,APPROVE,61.46666666666667,0.0,0.5,Inactive
c4d5ffe2-1a6e-4953-bc1b-50fa9417f7cf,40.88,MEDIUM,APPROVE WITH CAUTION,50.46666666666667,2.0,0.5,Active
b59b80f8-82e1-4329-9bb7-48f5c2780747,0.0,VERY LOW,APPROVE,22.733333333333334,1.0,1.0,Active
fa5a5006-4bca-4c11-8e78-0a0823a935fd,84.32,VERY HIGH,REJECT,55.43333333333333,1.0,0.0,Active
5e6513ae-1456-4087-af90-14e69fb514f9,0.0,VERY LOW,APPROVE,37.93333333333333,0.0,0.5,Inactive
fc933d3c-67fb-4ea7-abae-ed7aeaade26a,1.57,VERY LOW,APPROVE,62.0,4.0,1.0,Active
8a856206-8322-4976-a707-9a7f1804b4b7,0.0,VERY LOW,APPROVE,68.73333333333333,0.0,0.5,Inactive
591d9721-3156-4c23-9de0-73bb36dccf70,0.0,VERY LOW,APPROVE,58.03333333333333,3.0,1.0,Active
59f45cf5-b2f6-4242-9919-bb78dab63135,0.0,VERY LOW,APPROVE,43.46666666666667,0.0,0.5,Inactive
beda8f70-9c97-4d1e-b885-cda0baa11c08,1.27,VERY LOW,APPROVE,59.4,1.0,1.0,Active
5e8aa507-d5e7-4289-a935-39af374a8203,0.34,VERY LOW,APPROVE,70.03333333333333,1.0,1.0,Active
6a8efd40-7c17-4a30-9ba2-fc7f7d0ce559,0.04,VERY LOW,APPROVE,54.266666666666666,2.0,1.0,Active
6d3752ff-8b25-46b6-9742-865226004106,0.0,VERY LOW,APPROVE,76.43333333333334,3.0,1.0,Active
4d320116-e081-414f-8d4f-8c124a26e713,53.52,HIGH,APPROVE WITH STRICT TERMS,35.53333333333333,1.0,0.0,Active
d7cea337-a263-40ea-ab3e-587c90059290,0.0,VERY LOW,APPROVE,35.03333333333333,0.0,0.5,Inactive
554beee6-2eaf-4f8d-be73-fa1cb371bef1,0.0,VERY LOW,APPROVE,63.13333333333333,0.0,0.5,Inactive
677909ec-0af9-4bef-8424-f7bdd58ff110,0.0,VERY LOW,APPROVE,68.3,0.0,0.5,Inactive
614e19a3-a1c7-4f1f-8ace-5bd608bdda4f,0.0,VERY LOW,APPROVE,35.6,0.0,0.5,Terminated
229825b8-6938-4deb-9f01-7f168df4bede,0.05,VERY LOW,APPROVE,45.166666666666664,1.0,1.0,Active
57c4b520-9951-4b60-9261-8a9e6acca323,60.26,HIGH,APPROVE WITH STRICT TERMS,26.766666666666666,3.0,0.6666666666666666,Active
d5a6eb26-2825-4bfc-88db-814aaa231815,0.0,VERY LOW,APPROVE,53.3,0.0,0.5,Inactive
b8b7ebec-9273-48bd-bf33-c2ad140afd68,83.6,VERY HIGH,REJECT,43.46666666666667,1.0,0.0,Active
0f2267d2-b63a-42d4-9fa9-30155e0f85af,0.0,VERY LOW,APPROVE,54.9,1.0,1.0,Active
17106434-354f-4eef-9df6-8023d9f6f6f9,0.37,VERY LOW,APPROVE,54.766666666666666,3.0,1.0,Active
aa205c3d-bc11-421f-b3d5-21b5656ec1c2,0.0,VERY LOW,APPROVE,45.56666666666667,1.0,1.0,Active
f307de7b-9f1b-41a4-b962-08482463fe89,0.0,VERY LOW,APPROVE,16.566666666666666,0.0,0.5,Inactive
2875e61d-1288-4d10-88ec-cd7f814cc337,0.0,VERY LOW,APPROVE,27.166666666666668,1.0,1.0,Active
f4def676-4899-4131-abe8-091d444d0a56,0.0,VERY LOW,APPROVE,53.1,0.0,0.5,Active
f937f710-0274-4903-a7d5-971d23319177,0.0,VERY LOW,APPROVE,22.9,0.0,0.5,Active
01e9883f-90de-441e-bec6-e3212cdc8e60,69.4,HIGH,APPROVE WITH STRICT TERMS,37.766666666666666,1.0,0.0,Active
a46b85f0-daf8-409f-9ad1-f750fad454fc,0.0,VERY LOW,APPROVE,41.333333333333336,0.0,0.5,Inactive
12f98642-99e9-417d-b973-7e9c659bde34,0.0,VERY LOW,APPROVE,33.43333333333333,0.0,0.5,Inactive
b26bb1d4-f7dd-4062-b003-a39c8b16bf89,54.88,HIGH,APPROVE WITH STRICT TERMS,53.03333333333333,1.0,0.0,Active
c701b880-d0cb-45c9-94fd-06f6fc7f2841,0.0,VERY LOW,APPROVE,59.4,1.0,1.0,Active
73b14852-36f6-4b95-a515-45123312ba20,0.0,VERY LOW,APPROVE,48.93333333333333,2.0,1.0,Active
05a476b1-c676-44a0-9e73-180bdbbfb207,0.0,VERY LOW,APPROVE,27.833333333333332,0.0,0.5,Terminated
77174c0d-a528-4425-9f6f-3bfa6e7f0490,0.0,VERY LOW,APPROVE,57.5,0.0,0.5,Inactive
a68fc89f-7062-4a8a-94d8-6c876cd23929,0.0,VERY LOW,APPROVE,44.1,0.0,0.5,Active
f8cae031-df8b-4003-be5e-70c8bd1ebed7,0.0,VERY LOW,APPROVE,26.333333333333332,0.0,0.5,Active
c17005d8-833d-48ed-9b63-4f7a57142874,0.0,VERY LOW,APPROVE,50.0,0.0,0.5,Active
a5d25c1e-fa3e-4a00-9869-581c40165220,0.27,VERY LOW,APPROVE,52.93333333333333,1.0,1.0,Active
f598d10e-dc01-4533-b8da-a64d71aaa689,0.0,VERY LOW,APPROVE,49.833333333333336,0.0,0.5,Terminated
f8ac13fa-c871-483e-815d-55a9b21a6a18,0.0,VERY LOW,APPROVE,28.6,1.0,1.0,Active
e0c85760-422b-4260-9fa4-fcff8b5db027,97.19,VERY HIGH,REJECT,48.5,3.0,0.3333333333333333,Active
2c672262-f002-4808-8c05-742dd9818d49,0.0,VERY LOW,APPROVE,66.6,1.0,1.0,Active
4d441d7a-db97-4473-85e0-c66a88218482,90.85,VERY HIGH,REJECT,58.4,2.0,0.5,Active
03544bee-32be-4748-a627-8e50940bb48a,0.0,VERY LOW,APPROVE,54.86666666666667,1.0,1.0,Active
ce4921a4-7fbc-41d5-b35b-b03319e381cb,0.0,VERY LOW,APPROVE,58.7,2.0,1.0,Active
4a268e3f-4afc-421f-8fe5-fcec4d31cade,0.0,VERY LOW,APPROVE,52.233333333333334,1.0,1.0,Active
eef8e15f-dc66-4ff0-ba27-afe70f696a14,0.0,VERY LOW,APPROVE,62.6,0.0,0.5,Inactive
d75fe152-118a-45a0-b51f-5d7e8e06f84c,0.05,VERY LOW,APPROVE,42.56666666666667,1.0,1.0,Active
aa56d935-9514-4530-ad65-c7a194e1096d,67.36,HIGH,APPROVE WITH STRICT TERMS,51.766666666666666,1.0,0.0,Active
0ed35168-b49e-4fe4-ab30-cf58cf9af870,0.0,VERY LOW,APPROVE,65.2,0.0,0.5,Terminated
da38da8c-48c9-42c8-b976-d0f13cf84fe2,0.0,VERY LOW,APPROVE,48.0,0.0,0.5,Terminated
ac27cee5-1d3d-4ab3-8ac4-132c4ce49b36,0.0,VERY LOW,APPROVE,44.03333333333333,0.0,0.5,Active
503cfec2-0748-4a24-bad8-13c463b62ccc,0.0,VERY LOW,APPROVE,24.033333333333335,0.0,0.5,Inactive
3c9ce22e-b0fb-418d-920b-7c39159be86a,90.99,VERY HIGH,REJECT,17.766666666666666,1.0,0.0,Active
1d3bec59-4658-4f7c-9d28-126ed92d2725,0.0,VERY LOW,APPROVE,20.233333333333334,1.0,1.0,Active
c9c0cda0-b81b-492f-a87b-234b27caa1bb,0.0,VERY LOW,APPROVE,22.733333333333334,0.0,0.5,Active
46be0697-c2b8-4b8b-a4a3-7e38a5302d9a,2.04,VERY LOW,APPROVE,67.9,1.0,1.0,Active
f9a9f3df-db09-4538-8588-d1f9411740d2,0.0,VERY LOW,APPROVE,63.53333333333333,1.0,1.0,Active
c1ee84d0-41f0-46fb-8e08-52a3053afb08,78.48,VERY HIGH,REJECT,20.7,1.0,0.0,Active
e36191c1-bc39-4c77-b1ff-bfffdb6cb451,96.57,VERY HIGH,REJECT,59.6,3.0,0.3333333333333333,Active
5128952b-7371-446c-bfca-5c6951dd1765,0.0,VERY LOW,APPROVE,48.266666666666666,1.0,1.0,Active
f4e3613e-59d8-4578-b79b-ecaaade44005,0.0,VERY LOW,APPROVE,58.43333333333333,2.0,1.0,Active
5a68178d-78db-49d6-8d63-ebf43fe22409,0.0,VERY LOW,APPROVE,72.2,0.0,0.5,Active
f8d32538-d768-463e-a48e-3b071676f2f1,0.0,VERY LOW,APPROVE,20.866666666666667,0.0,0.5,Terminated
f2d00843-b638-4620-bb80-079be7c878c9,0.0,VERY LOW,APPROVE,48.7,2.0,1.0,Active
a8c9a10d-69e6-46e5-928b-53e897baf7a6,0.0,VERY LOW,APPROVE,32.53333333333333,0.0,0.5,Inactive
c99c7cdb-1eb3-4094-b0b8-2b1d2a4935f9,0.0,VERY LOW,APPROVE,59.8,1.0,1.0,Active
d1036875-2c28-4936-a665-d6654b3e52e7,0.0,VERY LOW,APPROVE,53.8,0.0,0.5,Active
5196acd9-f8a9-470e-86b0-c0e87f970d94,0.26,VERY LOW,APPROVE,24.5,1.0,1.0,Active
10ddc2c6-e966-43e6-b20f-1f281ed8bebb,0.43,VERY LOW,APPROVE,59.86666666666667,1.0,1.0,Active
90628e8a-ad5b-4d84-80fd-87d22d2059fa,0.0,VERY LOW,APPROVE,42.93333333333333,2.0,1.0,Active
b12d6e33-d3aa-485a-8d1b-0c9d7c99c500,89.26,VERY HIGH,REJECT,77.03333333333333,1.0,0.0,Active
ee447924-72b5-4cb0-be30-429d98b389eb,0.0,VERY LOW,APPROVE,64.26666666666667,2.0,1.0,Active
0858d99c-34bf-4076-9882-ceada7921dd7,0.0,VERY LOW,APPROVE,20.566666666666666,1.0,1.0,Active
5c0b0189-4fc3-46c3-8185-98d597ddccc4,92.12,VERY HIGH,REJECT,55.8,2.0,0.0,Active
5736825b-09e4-4f22-8c7d-b408ea36724f,0.0,VERY LOW,APPROVE,73.76666666666667,1.0,1.0,Active
4dabf8f0-2517-4402-b7a4-aa214229a2e5,0.05,VERY LOW,APPROVE,50.666666666666664,1.0,1.0,Active
8029eb93-dad2-42ff-a08b-5b42cab5b157,69.4,HIGH,APPROVE WITH STRICT TERMS,39.63333333333333,1.0,0.0,Active
b43fb1b8-29e5-4d46-a34c-45a8cd0f4fa4,0.0,VERY LOW,APPROVE,27.566666666666666,0.0,0.5,Active
0da3de3b-a2ed-42c0-b1ec-62043b81e3d4,0.0,VERY LOW,APPROVE,20.8,0.0,0.5,Inactive
4e6e41c4-76cc-4f2e-920e-b6262a6b2ab6,0.0,VERY LOW,APPROVE,48.5,1.0,1.0,Active
cef97bb1-c10b-406d-8abb-d94847f225d2,0.0,VERY LOW,APPROVE,38.03333333333333,0.0,0.5,Terminated
46f1a190-e015-4317-93b5-0eac32b2f02f,0.0,VERY LOW,APPROVE,23.1,0.0,0.5,Active
f58ec85f-90f4-4a5d-87e3-2f0949f6a9ea,52.55,HIGH,APPROVE WITH STRICT TERMS,54.1,2.0,0.5,Active
fbfa3447-c4d0-4cf0-a9c9-7d27fdfdc490,0.0,VERY LOW,APPROVE,38.333333333333336,0.0,0.5,Active
fa95d5a4-6afa-4042-8258-0e703b45300d,0.0,VERY LOW,APPROVE,43.03333333333333,0.0,0.5,Inactive
eb5fb178-0b06-42ef-803d-e674e8fc7d71,91.09,VERY HIGH,REJECT,25.866666666666667,1.0,0.0,Active
05ded86a-a476-42e8-a63b-26dbab35b9da,74.74,VERY HIGH,REJECT,55.93333333333333,3.0,0.6666666666666666,Active
629155c9-28a5-4232-85f7-12ad7bf7e0eb,0.0,VERY LOW,APPROVE,33.86666666666667,2.0,1.0,Active
690b1b54-d6e4-438f-b4d1-0e09cfd4c239,0.0,VERY LOW,APPROVE,30.033333333333335,0.0,0.5,Terminated
3928f14c-0f27-45c4-af03-690811200a4d,0.0,VERY LOW,APPROVE,23.233333333333334,1.0,1.0,Active
c25b16ed-f2d3-46a4-bb3d-fcc720b155c3,0.0,VERY LOW,APPROVE,18.333333333333332,1.0,1.0,Active
5b94ea74-a3fd-47a6-9533-81fe45e4382d,68.55,HIGH,APPROVE WITH STRICT TERMS,25.3,1.0,0.0,Active
528629b9-d581-4c00-a84d-363f9346be87,83.89,VERY HIGH,REJECT,53.2,3.0,0.6666666666666666,Active
f95ae62f-9afa-418e-a15a-a499b534507f,0.0,VERY LOW,APPROVE,40.0,0.0,0.5,Inactive
bdfe5e2c-d676-4329-96c9-687bd1537018,66.98,HIGH,APPROVE WITH STRICT TERMS,34.36666666666667,1.0,0.0,Active
02ffd94a-4177-4725-ab8d-d8a63294999a,0.0,VERY LOW,APPROVE,73.66666666666667,0.0,0.5,Active
e7909892-0c53-4995-9bfb-d34a9cc4b95b,0.0,VERY LOW,APPROVE,60.96666666666667,0.0,0.5,Terminated
4c733702-c43c-4685-90b5-a0b8a947f3b4,0.0,VERY LOW,APPROVE,19.2,0.0,0.5,Active
7ffad9d8-91ca-49c7-84a5-0bc198d45905,0.0,VERY LOW,APPROVE,28.666666666666668,0.0,0.5,Active
c6cf1ab5-ece8-404d-adff-ab56e9d077b9,0.0,VERY LOW,APPROVE,30.466666666666665,2.0,1.0,Active
1223db1d-8f1a-49e9-9738-3c5ab83d34f8,0.0,VERY LOW,APPROVE,57.13333333333333,0.0,0.5,Inactive
7c01deab-9d56-4aba-9de2-3626b4ea33e5,0.0,VERY LOW,APPROVE,23.266666666666666,1.0,1.0,Active
9d92b563-aacf-4a4f-82a7-3c408fe4e0dd,0.0,VERY LOW,APPROVE,56.233333333333334,0.0,0.5,Active
2adab735-5548-4518-8cac-73ea97f43553,0.0,VERY LOW,APPROVE,66.2,3.0,1.0,Active
a8a68a0d-fc07-4adc-9836-18dc8fabfd30,0.27,VERY LOW,APPROVE,27.7,1.0,1.0,Active
9a186e4a-552d-49bc-a519-f401eb5ca6bf,0.0,VERY LOW,APPROVE,32.733333333333334,2.0,1.0,Active
539bd1a1-ec63-47f5-a38c-2d797d35f2d0,0.0,VERY LOW,APPROVE,22.933333333333334,0.0,0.5,Active
45b8b3e6-ae30-43d3-81a3-dae98f5081af,0.0,VERY LOW,APPROVE,42.1,1.0,1.0,Active
f689405b-ca4a-4a0d-87e6-354c8544004f,91.69,VERY HIGH,REJECT,40.7,1.0,0.0,Active
f74acaed-3c98-4af1-b1d8-b792ab312948,0.0,VERY LOW,APPROVE,29.366666666666667,0.0,0.5,Inactive
a22bf6c3-6999-4f91-b78a-8cff3971e8a4,0.0,VERY LOW,APPROVE,34.46666666666667,0.0,0.5,Inactive
de873271-0ecf-4ea4-adf1-8fd2bbffbb19,0.0,VERY LOW,APPROVE,51.6,1.0,1.0,Active
cce70d0d-8e48-4668-81f3-7e36431cc99c,0.0,VERY LOW,APPROVE,34.96666666666667,1.0,1.0,Active
ab64fe3c-5c85-4bea-b1b7-d6ec4237b962,85.85,VERY HIGH,REJECT,69.0,4.0,0.5,Active
2d086700-b22e-4795-acc0-4a6c117dd348,0.0,VERY LOW,APPROVE,43.5,0.0,0.5,Active
d129ca27-75dd-4494-843c-a4a840026c48,0.0,VERY LOW,APPROVE,33.166666666666664,0.0,0.5,Active
41b5c318-e57a-4c70-8e7f-50545037d647,0.0,VERY LOW,APPROVE,45.93333333333333,0.0,0.5,Terminated
9ecae7c6-016a-4b6a-99ff-9a543d678da5,0.0,VERY LOW,APPROVE,67.86666666666666,0.0,0.5,Active
aee393cc-763e-4de1-b062-ac5ef5a99e08,0.0,VERY LOW,APPROVE,58.766666666666666,1.0,1.0,Active
e8a41a51-a223-4fdc-b530-4b605a270841,0.0,VERY LOW,APPROVE,55.766666666666666,1.0,1.0,Active
ff0a1e46-7509-4c22-b0f0-2ffd836ab79c,0.0,VERY LOW,APPROVE,68.8,1.0,1.0,Active
265b86c6-6d4b-4fc2-928f-148b5484f2cd,0.0,VERY LOW,APPROVE,29.0,0.0,0.5,Active
366641a7-d7e6-43f6-abe8-754c4357258f,66.1,HIGH,APPROVE WITH STRICT TERMS,55.9,3.0,0.6666666666666666,Active
b5b39abe-86d9-4598-b5d6-767d548d1df1,0.0,VERY LOW,APPROVE,42.6,1.0,1.0,Active
f7e24926-8872-493b-9914-c94f816c8c2c,0.0,VERY LOW,APPROVE,41.5,0.0,0.5,Active
732efe14-b3ae-4d52-b710-cc4d7c3e721a,0.0,VERY LOW,APPROVE,28.333333333333332,0.0,0.5,Terminated
79ec0239-2615-477e-bfa1-84550dedf6bd,0.0,VERY LOW,APPROVE,51.36666666666667,0.0,0.5,Terminated
b903c481-aa3f-45aa-ae72-6b7a7a481087,0.0,VERY LOW,APPROVE,73.0,0.0,0.5,Inactive
ce93d4b9-6a4b-4ef0-993f-5168f7fb5f50,0.0,VERY LOW,APPROVE,45.53333333333333,1.0,1.0,Active
ea5350fb-edfb-47c3-951f-9a9918877656,0.0,VERY LOW,APPROVE,27.866666666666667,0.0,0.5,Inactive
3af954c8-cc6f-461d-af6b-dca28d670116,0.0,VERY LOW,APPROVE,51.96666666666667,0.0,0.5,Active
0aa8fb0d-9b2b-4163-b266-6a9ee1564a14,90.27,VERY HIGH,REJECT,71.83333333333333,3.0,0.3333333333333333,Active
027ab1b1-c694-4d1d-a1b3-972acf6c9f1b,0.34,VERY LOW,APPROVE,72.56666666666666,2.0,1.0,Active
0cd3e634-4271-4aa4-8bae-2c115ce918db,0.0,VERY LOW,APPROVE,43.6,0.0,0.5,Active
2abe4b7f-ffb7-4cf2-be64-b16dc1e0dc83,0.0,VERY LOW,APPROVE,64.06666666666666,2.0,1.0,Active
f0668c0a-8254-4705-81d8-07badc2905d6,0.0,VERY LOW,APPROVE,71.93333333333334,0.0,0.5,Active
19fb4257-d988-4ee8-8df4-e17c81f36eba,80.35,VERY HIGH,REJECT,63.733333333333334,3.0,0.6666666666666666,Active
1c377d55-feb8-4fe6-9ada-5cd727ad5b82,93.09,VERY HIGH,REJECT,35.93333333333333,2.0,0.0,Active
de959d50-d058-45c4-baef-f8651ca5acf1,0.0,VERY LOW,APPROVE,20.833333333333332,0.0,0.5,Active
f8c17da2-b9d1-4c48-9914-a4b3f0d04377,0.0,VERY LOW,APPROVE,23.4,2.0,1.0,Active
282e62e0-159b-4f34-875e-feca1bdd29c1,0.0,VERY LOW,APPROVE,22.733333333333334,0.0,0.5,Inactive
c2d0f49e-e8d1-4678-9b6f-d7aabb7fd26d,0.0,VERY LOW,APPROVE,53.06666666666667,0.0,0.5,Active
870c7906-fff4-4b74-8a92-c60890e086b0,0.0,VERY LOW,APPROVE,34.733333333333334,1.0,1.0,Active
487ce833-264f-4e9c-8449-a6009bf13563,0.0,VERY LOW,APPROVE,40.266666666666666,1.0,1.0,Active
339f18a1-1be4-45ea-b025-c9d9b0a6873e,0.05,VERY LOW,APPROVE,27.566666666666666,1.0,1.0,Active
521f3e9b-510d-4f9a-a23a-ecc615d2f737,0.0,VERY LOW,APPROVE,44.333333333333336,1.0,1.0,Active
5f46641d-676b-4adf-b7d9-94a66c9d2c70,0.0,VERY LOW,APPROVE,75.73333333333333,2.0,1.0,Active
759e0103-6e2a-45fc-9f99-52f42f0bb3f2,0.04,VERY LOW,APPROVE,57.7,1.0,1.0,Active
853b65a4-300b-4cbe-b01f-96eb791c51ff,0.0,VERY LOW,APPROVE,29.666666666666668,1.0,1.0,Active
5cf71335-fb78-4f26-ab30-ff81d0cad7ef,55.96,HIGH,APPROVE WITH STRICT TERMS,76.53333333333333,2.0,0.5,Active
4538d5e5-5559-4b77-a933-059b3d2e4b94,0.0,VERY LOW,APPROVE,44.06666666666667,1.0,1.0,Active
a93ac48c-2fb5-4bfe-8941-87a34a781166,0.0,VERY LOW,APPROVE,25.3,0.0,0.5,Inactive
52be6f26-f2ab-4b49-9116-7bcd6c3b845b,0.0,VERY LOW,APPROVE,77.0,0.0,0.5,Inactive
4c49d765-2573-4e05-980c-616d29901cfa,0.0,VERY LOW,APPROVE,24.433333333333334,0.0,0.5,Terminated
2e3ef733-b8d5-4464-85dd-a81cef16b446,2.32,VERY LOW,APPROVE,25.533333333333335,4.0,1.0,Active
4923ffb7-f0e3-4cbb-9edd-cf8925f50fe2,0.05,VERY LOW,APPROVE,21.0,1.0,1.0,Active
5c18d209-2848-4439-92db-8457e1c1a946,0.0,VERY LOW,APPROVE,24.866666666666667,0.0,0.5,Active
7da6ac22-cd83-4bbf-8dea-f5f8d12d6916,0.0,VERY LOW,APPROVE,28.733333333333334,0.0,0.5,Active
c42115d7-b830-4d1e-8759-41bf42ddbe94,70.08,VERY HIGH,REJECT,61.3,2.0,0.5,Active
c3aba0bc-b9a8-4100-91ac-11271e84410a,0.0,VERY LOW,APPROVE,69.3,1.0,1.0,Active
bf84579a-54ed-465f-aa6a-df213f1c739a,0.0,VERY LOW,APPROVE,32.733333333333334,1.0,1.0,Active
84f4064c-55c3-4303-9aeb-53fd1f6e38cf,0.0,VERY LOW,APPROVE,20.766666666666666,0.0,0.5,Active
4436ef08-acbd-4a82-b1ba-63c73ab820e3,0.0,VERY LOW,APPROVE,34.3,0.0,0.5,Inactive
7a762344-619a-459c-b60d-11a456da4606,0.0,VERY LOW,APPROVE,30.3,2.0,1.0,Active
b41349fb-bf56-424f-8441-caa11c9dd098,0.0,VERY LOW,APPROVE,74.76666666666667,1.0,1.0,Active
ef7f8b73-4d5e-4f23-838a-12ceda07b197,53.36,HIGH,APPROVE WITH STRICT TERMS,41.666666666666664,2.0,0.5,Active
1fcc53b0-2445-42a1-a35f-a986a5dca3c7,0.0,VERY LOW,APPROVE,56.733333333333334,0.0,0.5,Inactive
c8c2c163-4bdc-4c69-8809-fb2013485fa5,0.0,VERY LOW,APPROVE,48.36666666666667,0.0,0.5,Terminated
99194f13-6eed-4615-99cd-13d8fe643e02,0.0,VERY LOW,APPROVE,64.73333333333333,0.0,0.5,Inactive
0419acd3-46c2-4d68-bfd1-123cd69f5882,0.0,VERY LOW,APPROVE,56.766666666666666,1.0,1.0,Active
92a087ae-85f4-466a-bc4e-a09d862fcfec,75.79,VERY HIGH,REJECT,56.96666666666667,2.0,0.5,Active
95fc1985-9eb0-4592-b1ec-a81d758e9c53,79.71,VERY HIGH,REJECT,67.03333333333333,2.0,0.5,Active
7f05cad0-d0d8-436f-9266-5f30b5f42237,56.22,HIGH,APPROVE WITH STRICT TERMS,46.03333333333333,1.0,0.0,Active
24ac8706-b552-423c-adb7-0a614ad13edd,0.0,VERY LOW,APPROVE,36.3,0.0,0.5,Active
56faf7c0-9838-431f-9a7e-0a62660c01d8,92.48,VERY HIGH,REJECT,28.866666666666667,1.0,0.0,Active
54098e19-ef5a-48d6-b6f7-36f9f36b6347,57.94,HIGH,APPROVE WITH STRICT TERMS,45.0,2.0,0.5,Active
d582cff9-8215-4d51-8d83-00b384869072,0.0,VERY LOW,APPROVE,38.666666666666664,0.0,0.5,Inactive
e7d2495b-9cc5-4c60-bb95-89f24b3e2217,0.0,VERY LOW,APPROVE,73.13333333333334,2.0,1.0,Active
45769bdf-d7c1-40a3-a54c-d883f4c1b5ad,0.0,VERY LOW,APPROVE,46.43333333333333,3.0,1.0,Active
4319d1d6-faa6-413d-b745-ee43285911ab,52.11,HIGH,APPROVE WITH STRICT TERMS,60.53333333333333,1.0,0.0,Active
20c420c8-8627-4b6c-a9d7-c68d5b134dd5,0.0,VERY LOW,APPROVE,69.66666666666667,4.0,1.0,Active
6c04868d-f266-459f-958d-91cbdead9188,95.25,VERY HIGH,REJECT,70.6,4.0,0.5,Active
41071590-21f2-47bf-bdce-0a32918e7d40,68.26,HIGH,APPROVE WITH STRICT TERMS,36.5,3.0,0.6666666666666666,Active
c319e1ef-4116-4509-a82a-ce90eea935f7,0.0,VERY LOW,APPROVE,39.36666666666667,1.0,1.0,Active
132ef985-8f13-4f7b-b6fd-2e3b4cd863b2,0.04,VERY LOW,APPROVE,43.666666666666664,1.0,1.0,Active
71aca52e-5960-40fc-9bd9-dc5e5958e278,0.0,VERY LOW,APPROVE,40.56666666666667,0.0,0.5,Terminated
837cdd47-d918-4e0b-92cc-3c1c9ec09221,92.09,VERY HIGH,REJECT,28.633333333333333,4.0,0.5,Active
36ba8109-6da7-4e7b-b050-5762112aeabc,81.15,VERY HIGH,REJECT,22.333333333333332,1.0,0.0,Active
7501f110-5377-4f29-864f-6f4da9060874,0.0,VERY LOW,APPROVE,36.766666666666666,0.0,0.5,Active
ec9f7858-950d-4f1a-a056-8da5cdb14845,0.0,VERY LOW,APPROVE,35.7,0.0,0.5,Inactive
4e87027d-b568-48b0-af0d-b20886883a98,64.51,HIGH,APPROVE WITH STRICT TERMS,70.7,2.0,0.5,Active
172b05c3-43b5-4bd8-8378-2fe061ba9c78,0.0,VERY LOW,APPROVE,18.633333333333333,1.0,1.0,Active
4cb5d7e2-9f54-4f83-9e3c-80ae1f730ea8,67.58,HIGH,APPROVE WITH STRICT TERMS,74.53333333333333,1.0,0.0,Active
d1699cac-b9d6-443d-b361-3b6bff156139,45.3,MEDIUM,APPROVE WITH CAUTION,54.56666666666667,1.0,0.0,Active
1540ed26-7c68-4118-ba4c-6b1e7cd89d91,0.0,VERY LOW,APPROVE,29.433333333333334,0.0,0.5,Inactive
b922b670-cf93-4fd0-9d48-ab457c5b7442,0.0,VERY LOW,APPROVE,66.2,0.0,0.5,Inactive
ef8a7f7f-3346-468d-ab11-352a410a148e,77.99,VERY HIGH,REJECT,54.2,1.0,0.0,Active
dc0683d8-a861-413c-9be7-2be51a272e31,0.0,VERY LOW,APPROVE,27.866666666666667,0.0,0.5,Inactive
953b42e6-5bcd-43f8-884e-83a626f38cc9,0.04,VERY LOW,APPROVE,21.733333333333334,1.0,1.0,Active
c69ab397-f69d-4ada-91da-40e90d4f8504,0.0,VERY LOW,APPROVE,25.866666666666667,0.0,0.5,Inactive
b1fab2c8-67e0-4927-9f01-72d6be8d8d24,0.0,VERY LOW,APPROVE,41.333333333333336,0.0,0.5,Inactive
a6e7978d-92ba-4154-96e1-4715e6dc04cf,0.0,VERY LOW,APPROVE,59.03333333333333,1.0,1.0,Active
dc2bbc79-44b2-4c94-9838-7bf9743e4925,0.0,VERY LOW,APPROVE,52.36666666666667,0.0,0.5,Active
e0287905-1bb0-48f0-9dea-55f210ee7728,0.0,VERY LOW,APPROVE,53.833333333333336,0.0,0.5,Inactive
815594a6-0d81-4b7f-96ed-0565374d268c,0.0,VERY LOW,APPROVE,56.833333333333336,0.0,0.5,Active
87a38876-902f-4f00-9e8e-384a9c75dbe8,0.0,VERY LOW,APPROVE,40.9,0.0,0.5,Inactive
4402d3d2-fb83-4e02-8101-d293f20426f5,0.0,VERY LOW,APPROVE,68.56666666666666,2.0,1.0,Active
79188955-45c7-4b21-88c7-69649d3e4dab,0.0,VERY LOW,APPROVE,38.0,0.0,0.5,Inactive
790db2a6-1706-4de5-a546-4ad2d041b375,0.0,VERY LOW,APPROVE,40.666666666666664,0.0,0.5,Active
a4092d83-6ba6-4ff3-b197-13ac8085c8d1,0.0,VERY LOW,APPROVE,34.166666666666664,0.0,0.5,Active
712e2174-1498-4d02-bef2-b8c9e1237f0e,50.12,HIGH,APPROVE WITH STRICT TERMS,62.3,2.0,0.5,Active
aa04d55f-3185-4fa3-a9c1-ab402011d069,87.79,VERY HIGH,REJECT,62.03333333333333,2.0,0.0,Active
78527f1b-4403-416b-9b76-fd1f85f980d8,94.89,VERY HIGH,REJECT,23.533333333333335,3.0,0.3333333333333333,Active
69a128b2-c124-4a47-98b7-852c814aa686,0.05,VERY LOW,APPROVE,46.666666666666664,1.0,1.0,Active
149f355f-259f-4e8f-a69b-e2e6f5a59319,88.9,VERY HIGH,REJECT,71.7,2.0,0.5,Active
58eabbb8-9da7-4e14-bed9-4ddb34de7bd0,0.0,VERY LOW,APPROVE,55.06666666666667,1.0,1.0,Active
0bea1614-889a-4028-b8fb-b3664b383e82,0.0,VERY LOW,APPROVE,51.266666666666666,0.0,0.5,Inactive
c38b8940-3aa7-4210-bd17-e9eb3b3938bf,0.04,VERY LOW,APPROVE,50.766666666666666,1.0,1.0,Active
0c25a27e-0101-46c5-bd94-9d616366d06d,0.0,VERY LOW,APPROVE,33.46666666666667,1.0,1.0,Active
d9a75484-b2c3-424b-bfbd-c5ddac134661,95.34,VERY HIGH,REJECT,34.86666666666667,2.0,0.0,Active
66e8c6bd-5850-44b4-af50-39d1b63be2fd,76.59,VERY HIGH,REJECT,46.266666666666666,4.0,0.75,Active
6f3c0ee5-2b39-40f1-86a2-509586404e97,78.23,VERY HIGH,REJECT,67.23333333333333,1.0,0.0,Active
c32fb544-d47f-49fc-a39b-5f4afd0978cc,0.05,VERY LOW,APPROVE,46.333333333333336,1.0,1.0,Active
36309ae2-1e0f-4c82-aacc-2b5fc1a2eb28,0.0,VERY LOW,APPROVE,47.06666666666667,2.0,1.0,Active
62e815e3-652b-48c4-aba7-5ab7ec603751,86.34,VERY HIGH,REJECT,34.3,2.0,0.5,Active
47d893d2-dd9b-4f8b-a1ed-76e5f494119c,0.04,VERY LOW,APPROVE,68.9,1.0,1.0,Active
e2b092e3-7663-4b42-976e-9d7c24f9b235,0.0,VERY LOW,APPROVE,39.03333333333333,1.0,1.0,Active
a5266352-0005-4480-8ed6-085008c29dac,0.0,VERY LOW,APPROVE,61.5,1.0,1.0,Active
e8cff638-8e7b-42b4-97f3-ec134b1fa8ee,0.0,VERY LOW,APPROVE,25.466666666666665,2.0,1.0,Active
ac9c42f9-a3b0-4970-bd93-793a6f4cb47f,0.0,VERY LOW,APPROVE,72.33333333333333,0.0,0.5,Inactive
f2254fc2-293b-40da-8bca-5b25c4a5a2d5,0.0,VERY LOW,APPROVE,46.3,0.0,0.5,Active
0f1f257d-ff8b-42e4-8f10-498ed9b98203,85.11,VERY HIGH,REJECT,74.96666666666667,3.0,0.3333333333333333,Active
1932d2a4-5d81-4cd7-a81b-acbc00b45aab,0.0,VERY LOW,APPROVE,26.966666666666665,1.0,1.0,Active
be5ae912-6f9c-4b93-8f7e-c41f96f7d9e2,0.0,VERY LOW,APPROVE,60.266666666666666,1.0,1.0,Active
7f5841f9-9147-415c-9bf4-74b1b08d6aa6,0.05,VERY LOW,APPROVE,39.833333333333336,1.0,1.0,Active
ccdb8ab7-dd81-46a6-b752-b175a469c7e7,0.53,VERY LOW,APPROVE,47.53333333333333,3.0,1.0,Active
84b50009-dc60-4edc-9095-4bdd6e87738a,0.0,VERY LOW,APPROVE,66.96666666666667,1.0,1.0,Active
1e6ead49-dd53-4303-a908-a99a6bfd8029,87.48,VERY HIGH,REJECT,44.7,1.0,0.0,Active
b8d41638-3707-4cd1-a53c-e003b31a373a,0.0,VERY LOW,APPROVE,18.533333333333335,0.0,0.5,Active
9f28b8d0-d38d-42b7-9944-cb9e13278e66,72.18,VERY HIGH,REJECT,75.56666666666666,1.0,0.0,Active
b30b5212-d3d7-4ba8-827f-f26cab9860dc,59.41,HIGH,APPROVE WITH STRICT TERMS,58.13333333333333,1.0,0.0,Active
cdfdcfcf-321d-4b61-9933-f67ee93d55f6,0.0,VERY LOW,APPROVE,21.333333333333332,0.0,0.5,Active
85a3443d-13ca-4039-8c6f-243926de1060,2.17,VERY LOW,APPROVE,38.06666666666667,4.0,1.0,Active
ee99017e-2040-4aa4-8e78-2dbfe09aa179,0.0,VERY LOW,APPROVE,73.73333333333333,0.0,0.5,Inactive
ca860981-5067-471e-bcfc-f6e8f3e52821,82.02,VERY HIGH,REJECT,48.266666666666666,1.0,0.0,Active
bdee6338-5600-420e-b69f-d2d50c413508,0.0,VERY LOW,APPROVE,38.6,0.0,0.5,Active
c5ebf153-6e29-452f-8e81-78a61dec6434,0.0,VERY LOW,APPROVE,59.43333333333333,0.0,0.5,Inactive
d279a951-fb04-4605-9de2-5ce419070ef7,0.0,VERY LOW,APPROVE,42.86666666666667,0.0,0.5,Active
361144c7-3377-4ce1-8895-d787271c9724,0.0,VERY LOW,APPROVE,57.56666666666667,1.0,1.0,Active
5e0eeba0-058d-49fd-9206-41f871e39343,0.0,VERY LOW,APPROVE,40.43333333333333,0.0,0.5,Inactive
fbb31fc0-3d8d-4813-a08b-4b1f2b7d6f8a,38.17,MEDIUM,APPROVE WITH CAUTION,48.13333333333333,2.0,0.5,Active
fde13dfa-21d9-479a-9284-43a2318e5bf9,87.11,VERY HIGH,REJECT,57.166666666666664,2.0,0.5,Active
4d957c35-c435-41f0-bc1b-c2cd34c2a550,0.0,VERY LOW,APPROVE,45.1,0.0,0.5,Active
10f0fdfe-2ab5-4b1a-b34a-9d863d111cd8,0.0,VERY LOW,APPROVE,69.26666666666667,0.0,0.5,Inactive
aa12bb61-bbd9-4c84-a2ba-61b7ae39c6d1,0.0,VERY LOW,APPROVE,26.3,0.0,0.5,Active
f2cb25f4-2da4-4ee6-94e8-2abfd645b6f5,81.87,VERY HIGH,REJECT,62.9,2.0,0.5,Active
17b132ca-f548-4f28-a63a-41f45ac6917c,85.94,VERY HIGH,REJECT,50.96666666666667,1.0,0.0,Active
5dd04083-9228-4476-bc31-eb42dc52b4cc,67.92,HIGH,APPROVE WITH STRICT TERMS,38.333333333333336,4.0,0.75,Active
4e781c9a-5e6d-434c-945b-8d6757c54634,0.0,VERY LOW,APPROVE,45.8,0.0,0.5,Active
de803db7-50fa-40ea-a2f6-9523fad1c8a8,0.0,VERY LOW,APPROVE,56.63333333333333,0.0,0.5,Inactive
78637944-1695-4742-b06b-dad6f0230b7c,83.52,VERY HIGH,REJECT,67.7,2.0,0.5,Active
ac09b5f8-9695-4573-b0e8-f85978ea7773,0.0,VERY LOW,APPROVE,58.1,0.0,0.5,Inactive
af8d48e3-4a99-4832-8230-8843b4cc3950,0.0,VERY LOW,APPROVE,42.3,0.0,0.5,Inactive
324c1571-4940-4292-983a-8aa0c8152124,0.0,VERY LOW,APPROVE,76.2,0.0,0.5,Active
34a01905-57ab-4ed7-b99b-b2b3ab151e6b,0.04,VERY LOW,APPROVE,66.63333333333334,1.0,1.0,Active
854b417b-944e-493f-9c40-137b08289725,0.05,VERY LOW,APPROVE,36.3,1.0,1.0,Active
f5854333-2967-45e9-b56e-4e985db56ca2,0.0,VERY LOW,APPROVE,33.96666666666667,1.0,1.0,Active
d4c147e4-bdb3-4c24-a802-44ecac1ca1d8,0.0,VERY LOW,APPROVE,25.8,1.0,1.0,Active
d42e32ff-cef9-4988-8492-0a22d7b33b5e,0.0,VERY LOW,APPROVE,75.16666666666667,1.0,1.0,Active
b2854924-20a2-4c46-80dd-cbebb9b285ee,0.0,VERY LOW,APPROVE,33.2,3.0,1.0,Active
3bb2f694-3562-4b4f-8631-94a542dd46f3,0.0,VERY LOW,APPROVE,42.166666666666664,1.0,1.0,Active
b2b23973-c287-4271-adb0-600c93478dd3,0.0,VERY LOW,APPROVE,54.9,0.0,0.5,Active
928845d5-50bf-40e4-92a0-62e05e389988,0.0,VERY LOW,APPROVE,41.86666666666667,0.0,0.5,Terminated
93189b7d-d7af-411c-8659-7b441cb6a75c,0.0,VERY LOW,APPROVE,30.1,0.0,0.5,Inactive
7be8a633-8bd4-4250-b9a1-c57f53b53b71,90.1,VERY HIGH,REJECT,47.733333333333334,1.0,0.0,Active
6a8ad25f-57fe-4bfb-bc58-d3e927dd0f38,82.99,VERY HIGH,REJECT,22.866666666666667,3.0,0.6666666666666666,Active
9479b7cc-dc28-46b6-a3a5-998d8be46623,0.0,VERY LOW,APPROVE,41.46666666666667,0.0,0.5,Inactive
9462da73-58cf-43bc-9b58-f4f5c1f6e58a,0.0,VERY LOW,APPROVE,60.6,0.0,0.5,Inactive
c1fd5a1c-4a8b-4aeb-b302-8a668ed71bd7,0.0,VERY LOW,APPROVE,19.533333333333335,0.0,0.5,Active
6c40c669-e523-45f9-a1f7-7232e4eee601,0.0,VERY LOW,APPROVE,53.13333333333333,0.0,0.5,Terminated
acf106a1-6ca1-44e5-a2e9-c29b21833ef1,0.0,VERY LOW,APPROVE,46.56666666666667,0.0,0.5,Inactive
9437cf73-a30f-4165-9db1-e8b6fc38bdd3,0.0,VERY LOW,APPROVE,34.8,1.0,1.0,Active
d69bc5f2-db32-4828-ad26-7547b77c9083,64.16,HIGH,APPROVE WITH STRICT TERMS,55.2,2.0,0.5,Active
7e1a3350-50a6-4b09-b58f-4932481b739c,0.0,VERY LOW,APPROVE,20.9,0.0,0.5,Inactive
6e406188-dfc5-4640-92e8-a87b64bee9a9,0.0,VERY LOW,APPROVE,22.9,1.0,1.0,Active
bbe3c3dc-859d-4980-9916-28f394dfbb6a,0.0,VERY LOW,APPROVE,64.2,0.0,0.5,Inactive
82bd8b40-0ca9-4d9e-8757-64e9939e89b3,69.2,HIGH,APPROVE WITH STRICT TERMS,43.0,2.0,0.5,Active
82298e35-8afd-46b9-86cc-352d1be888ef,0.53,VERY LOW,APPROVE,70.43333333333334,4.0,1.0,Active
223233a3-d468-4898-bb4d-1ddc0197b26c,0.0,VERY LOW,APPROVE,22.966666666666665,1.0,1.0,Active
e9f0623f-2dc3-4dba-969c-fbbe2d53a4f0,0.0,VERY LOW,APPROVE,54.5,1.0,1.0,Active
92d3920a-0bfe-4609-9556-86c525771ea0,86.86,VERY HIGH,REJECT,27.4,3.0,0.6666666666666666,Active
1e2fc586-de06-496c-8862-7e1b974051bf,0.57,VERY LOW,APPROVE,75.06666666666666,2.0,1.0,Active
e17e8e30-91fe-4e1c-9477-8e273d9f15fa,0.0,VERY LOW,APPROVE,39.166666666666664,0.0,0.5,Inactive
fdb31e33-e968-4b43-bc43-c76b689f9d0d,0.0,VERY LOW,APPROVE,36.766666666666666,0.0,0.5,Terminated
942a2859-6016-4281-9968-9bf950a66942,90.68,VERY HIGH,REJECT,31.6,2.0,0.5,Active
80fcff2e-76c7-482b-93f5-579c3de393ef,0.05,VERY LOW,APPROVE,30.9,1.0,1.0,Active
3295c7cb-73c2-47f1-b3c1-d1228356a44d,0.0,VERY LOW,APPROVE,17.4,0.0,0.5,Active
7510850b-dad6-4d7b-9a08-ad0b010da6d4,0.0,VERY LOW,APPROVE,23.0,0.0,0.5,Active
ea012f4c-eae6-4382-8ef1-5a92a29aa7f6,69.87,HIGH,APPROVE WITH STRICT TERMS,25.566666666666666,2.0,0.5,Active
2877a128-d922-45d2-a249-0297ae05371d,0.0,VERY LOW,APPROVE,27.9,0.0,0.5,Active
7da5549c-cac1-4b9c-bc99-5467bd456b18,0.04,VERY LOW,APPROVE,50.46666666666667,1.0,1.0,Active
ad616edd-8aee-4b32-98cc-4720f2cc5afb,0.0,VERY LOW,APPROVE,33.266666666666666,0.0,0.5,Terminated
673fed1e-6930-49b0-8d4c-6a592b9269b5,0.0,VERY LOW,APPROVE,22.3,0.0,0.5,Inactive
631cde16-6cf1-4fb1-a69a-c972328c7b99,0.0,VERY LOW,APPROVE,19.533333333333335,1.0,1.0,Active
dc8aa144-8ef4-4902-b157-e4393ea69323,0.0,VERY LOW,APPROVE,49.9,1.0,1.0,Active
a9d49072-5508-4e68-befb-84bd4acfd70d,0.0,VERY LOW,APPROVE,23.5,1.0,1.0,Active
a5b9af70-1931-4331-80a1-88e5e2c0f998,0.0,VERY LOW,APPROVE,46.96666666666667,3.0,1.0,Active
1d98012c-89d2-44bf-80c2-667622276691,0.0,VERY LOW,APPROVE,60.333333333333336,1.0,1.0,Active
c6d2e1cf-d2a6-412f-b56a-895e55283432,0.0,VERY LOW,APPROVE,25.033333333333335,0.0,0.5,Terminated
ec3c70b3-c378-4b16-be5f-f797565e7cb4,0.0,VERY LOW,APPROVE,67.66666666666667,0.0,0.5,Active
b3c84f88-1ab1-4480-9fc2-57bfbfce4c9b,48.0,MEDIUM,APPROVE WITH CAUTION,73.36666666666666,2.0,0.5,Active
fd269d5a-74bd-4952-9ff8-7345c49ed552,0.0,VERY LOW,APPROVE,17.366666666666667,0.0,0.5,Active
1728699d-b1f0-46b6-8efd-779a2dbaa838,0.0,VERY LOW,APPROVE,50.5,1.0,1.0,Active
94262bb1-2216-4636-9a33-62a9837a32c3,0.0,VERY LOW,APPROVE,29.166666666666668,1.0,1.0,Active
508294d8-12f2-403a-8ef6-4c483cd1fc22,0.0,VERY LOW,APPROVE,76.63333333333334,1.0,1.0,Active
6a0314b3-ee3d-4b21-a6ba-398f944c25ea,0.04,VERY LOW,APPROVE,36.4,1.0,1.0,Active
31abc004-4cf9-4cf7-884d-0bb375390389,0.0,VERY LOW,APPROVE,56.46666666666667,0.0,0.5,Active
cc297a1d-2a61-4e28-b277-84eb5eee8c98,0.04,VERY LOW,APPROVE,68.43333333333334,1.0,1.0,Active
e611e380-a34f-4130-af09-396fb9f43479,0.0,VERY LOW,APPROVE,43.1,2.0,1.0,Active
33a0a9eb-417f-4bfa-9550-839d7e6be681,90.1,VERY HIGH,REJECT,24.9,3.0,0.3333333333333333,Active
95f0c749-d5f9-4e7c-a5b1-e6b9be9d8fa8,42.04,MEDIUM,APPROVE WITH CAUTION,36.1,3.0,0.6666666666666666,Active
27ca952b-006c-42ed-80c2-019d4b0b4299,85.02,VERY HIGH,REJECT,41.53333333333333,2.0,0.5,Active
d0115d21-1e5b-4db2-ae46-dee2649d4340,0.0,VERY LOW,APPROVE,30.9,0.0,0.5,Active
2ad2964f-4cf9-4742-86ae-860e20598e3b,0.0,VERY LOW,APPROVE,74.93333333333334,1.0,1.0,Active
3ffa363a-9066-4fcf-8624-50b83fdcea86,0.0,VERY LOW,APPROVE,65.96666666666667,0.0,0.5,Inactive
9b537c41-b91e-4d9c-b3cf-2f53f81f6195,0.0,VERY LOW,APPROVE,72.46666666666667,0.0,0.5,Active
8fcff852-7f13-4ff3-8772-d68434a6b853,90.54,VERY HIGH,REJECT,35.06666666666667,3.0,0.6666666666666666,Active
ac2a0a77-62b7-44bd-b830-2ae59004cd32,0.0,VERY LOW,APPROVE,34.43333333333333,1.0,1.0,Active
aaa17311-127e-499e-9c11-8630fbd35308,36.15,MEDIUM,APPROVE WITH CAUTION,49.9,3.0,0.6666666666666666,Active
9b35f6d9-7fc3-4173-89a0-89cdb3e54609,0.0,VERY LOW,APPROVE,29.466666666666665,0.0,0.5,Active
d82cd378-ef0d-4b24-8373-36455b553a3b,0.0,VERY LOW,APPROVE,18.733333333333334,0.0,0.5,Terminated
2fef5f41-b414-432f-bd50-10c3b4d240cb,0.0,VERY LOW,APPROVE,51.3,2.0,1.0,Active
2b343c72-6c0b-42d6-a3d7-fad49e39bf3a,0.0,VERY LOW,APPROVE,58.2,0.0,0.5,Inactive
d692eda6-1ac8-4342-a74b-1decdeb8313d,82.81,VERY HIGH,REJECT,36.93333333333333,2.0,0.5,Active
a54dcdb5-2b85-4048-b17e-b3e508c9c914,0.0,VERY LOW,APPROVE,60.2,0.0,0.5,Inactive
b77c20d7-aaba-42d0-99e2-840df9019e26,0.04,VERY LOW,APPROVE,27.633333333333333,1.0,1.0,Active
bfddc29f-e014-426c-9853-22c3709e2919,0.0,VERY LOW,APPROVE,30.1,0.0,0.5,Active
053fe58b-520f-41d9-a5aa-322e0d10e541,0.0,VERY LOW,APPROVE,40.9,1.0,1.0,Active
47e96231-a491-413c-8295-c004326f461b,0.27,VERY LOW,APPROVE,27.766666666666666,1.0,1.0,Active
d5a00f09-5b85-4ef8-9e0b-d9a31b50eca1,0.0,VERY LOW,APPROVE,36.13333333333333,1.0,1.0,Active
fec79da3-777b-47d8-b2c2-0a5a958e27e3,75.38,VERY HIGH,REJECT,34.63333333333333,1.0,0.0,Active
09a21e88-c473-4f93-96ca-7b186a1b948c,0.0,VERY LOW,APPROVE,62.56666666666667,0.0,0.5,Active
87ff4fff-6a71-40f2-8aa7-e5287004f1c2,0.0,VERY LOW,APPROVE,44.766666666666666,1.0,1.0,Active
35f1e516-61ed-4b73-b3c9-602aeb92f738,0.0,VERY LOW,APPROVE,36.43333333333333,0.0,0.5,Active
755217e9-6cb4-4b21-a50f-9d9110595e57,0.0,VERY LOW,APPROVE,16.5,0.0,0.5,Inactive
89478920-b306-4d80-984d-876b82b51408,78.11,VERY HIGH,REJECT,37.9,1.0,0.0,Active
7f0f4789-6a3d-4ac5-b338-4d8a58ae0a29,0.0,VERY LOW,APPROVE,27.833333333333332,1.0,1.0,Active
21f8abff-fe29-4f32-ad2b-d3098c333ef7,0.0,VERY LOW,APPROVE,40.1,0.0,0.5,Terminated
397b6d9a-6955-424b-836e-7f807456331b,0.0,VERY LOW,APPROVE,50.166666666666664,0.0,0.5,Terminated
c9c37f18-7e04-426f-9b2c-e2b94aa8e5a6,0.0,VERY LOW,APPROVE,41.46666666666667,1.0,1.0,Active
4d30798e-bffa-4577-a484-8ed89bfbb6db,57.79,HIGH,APPROVE WITH STRICT TERMS,44.666666666666664,1.0,0.0,Active
7d8b8234-c3f3-48f7-9832-0976b3f09361,0.0,VERY LOW,APPROVE,60.86666666666667,1.0,1.0,Active
956861cc-9f9c-4e85-bce8-4bef9f5192e3,0.0,VERY LOW,APPROVE,48.9,0.0,0.5,Inactive
29e1befc-4424-47ac-a580-c52782dcdbb8,81.05,VERY HIGH,REJECT,54.93333333333333,1.0,0.0,Active
b738fdcd-081a-4150-b5eb-3c323de80d48,84.25,VERY HIGH,REJECT,35.1,3.0,0.3333333333333333,Active
8d63c33c-b5d0-4660-bacb-0fd7a439ee9e,0.04,VERY LOW,APPROVE,32.06666666666667,1.0,1.0,Active
f4ca1fe1-4558-4450-8bd9-166bb9c4a94c,0.0,VERY LOW,APPROVE,33.733333333333334,1.0,1.0,Active
f55864bd-fd38-4881-8392-abc4e3fa01a2,88.31,VERY HIGH,REJECT,71.76666666666667,1.0,0.0,Active
33f670f2-0e49-41fa-8633-00168140018d,0.0,VERY LOW,APPROVE,63.03333333333333,2.0,1.0,Active
8f211f79-b84c-44d0-8bd9-015015426efe,0.0,VERY LOW,APPROVE,41.36666666666667,0.0,0.5,Active
0c00b070-af59-40fa-a284-626354374462,0.0,VERY LOW,APPROVE,69.23333333333333,0.0,0.5,Active
eda6f7fc-34f7-4745-b82b-cdc6a61354a6,0.0,VERY LOW,APPROVE,69.06666666666666,1.0,1.0,Active
8d5a3947-aae8-49c4-8d3e-aa92fcf2440b,0.0,VERY LOW,APPROVE,58.36666666666667,2.0,1.0,Active
b0f468df-0a76-4871-b211-ac4a01ff1653,84.58,VERY HIGH,REJECT,42.06666666666667,4.0,0.5,Active
45c3fe24-c31f-4cde-91d9-5e654713af05,60.59,HIGH,APPROVE WITH STRICT TERMS,48.666666666666664,1.0,0.0,Active
c5c7c92a-c86d-4f82-9d7f-1ec24d7e3481,74.75,VERY HIGH,REJECT,76.1,4.0,0.75,Active
886f20cb-c80c-4989-8797-101875095034,86.46,VERY HIGH,REJECT,37.0,1.0,0.0,Active
1ee8b80c-86e0-4da6-8e50-0000dc695c28,79.16,VERY HIGH,REJECT,68.83333333333333,3.0,0.6666666666666666,Active
9f4f79b3-e9c8-46c6-b2be-4efd0a2b31b0,65.04,HIGH,APPROVE WITH STRICT TERMS,37.3,1.0,0.0,Active
b27e251a-ab57-48ea-b796-95bc7d3166bb,0.0,VERY LOW,APPROVE,59.333333333333336,1.0,1.0,Active
e88bf142-b860-4d86-a367-9ffffecc291c,0.0,VERY LOW,APPROVE,24.8,0.0,0.5,Active
2fb15fd5-9e8b-456c-a8a4-c6855f2b351c,0.37,VERY LOW,APPROVE,58.6,3.0,1.0,Active
6bfa934d-09b5-4bad-be9b-90e9471d7cec,0.0,VERY LOW,APPROVE,22.433333333333334,0.0,0.5,Active
89255578-36a9-41a0-a789-bdf1592ab709,0.0,VERY LOW,APPROVE,50.9,2.0,1.0,Active
3bd61fda-1042-49bd-bbf6-ab057b4ad402,0.0,VERY LOW,APPROVE,32.9,0.0,0.5,Active
75107639-3d26-4c1b-b94f-36977cb72db7,0.0,VERY LOW,APPROVE,16.833333333333332,0.0,0.5,Inactive
ace57030-93ec-4a84-82ca-a588b4a60214,41.82,MEDIUM,APPROVE WITH CAUTION,29.433333333333334,1.0,0.0,Active
d64a1c72-ae77-4d99-9dde-15476a4628f0,0.0,VERY LOW,APPROVE,68.96666666666667,0.0,0.5,Active
036e0940-3888-4514-9f31-22792c715c30,0.0,VERY LOW,APPROVE,60.166666666666664,0.0,0.5,Inactive
7352eaf6-358a-4539-b1c1-3bea7c076c25,0.0,VERY LOW,APPROVE,66.5,0.0,0.5,Active
97da75b5-9486-40b7-988f-780fbe3466b0,0.0,VERY LOW,APPROVE,41.4,0.0,0.5,Active
183458c7-660d-4351-88c7-5f304b09212f,0.0,VERY LOW,APPROVE,70.96666666666667,0.0,0.5,Inactive
bdec109c-e771-4431-a227-ff496ffdac82,0.0,VERY LOW,APPROVE,17.866666666666667,0.0,0.5,Inactive
d0d915ea-a48c-45d5-acca-771e0d59e274,0.0,VERY LOW,APPROVE,55.0,1.0,1.0,Active
3299391e-b883-4c9f-ac0a-878be3c26e30,0.0,VERY LOW,APPROVE,29.166666666666668,0.0,0.5,Active
a761c92c-b1cf-4b2b-856f-4397bcf77acb,79.45,VERY HIGH,REJECT,49.03333333333333,2.0,0.5,Active
e66011a3-9191-4415-a9f1-c920aa5f7761,76.07,VERY HIGH,REJECT,25.166666666666668,1.0,0.0,Active
fafc5473-6f6a-4c8f-b559-22448248eb24,93.51,VERY HIGH,REJECT,16.833333333333332,2.0,0.0,Active
c0ad3e6d-3260-482a-a348-2d284d5826fb,0.0,VERY LOW,APPROVE,66.9,1.0,1.0,Active
b00cacac-c2d5-49db-9409-559a10844658,89.95,VERY HIGH,REJECT,32.5,4.0,0.75,Active
f73e5150-c271-4049-8124-392dc195419b,0.0,VERY LOW,APPROVE,42.233333333333334,1.0,1.0,Active
a91cbfc0-a7c2-4b3e-a5a9-dedfacb862d4,86.76,VERY HIGH,REJECT,26.233333333333334,4.0,0.5,Active
688b9b78-ee66-47c5-9629-243d13d1b18f,0.0,VERY LOW,APPROVE,34.13333333333333,0.0,0.5,Active
66783368-b69e-4625-b7f9-4ee6d58bb2c4,0.0,VERY LOW,APPROVE,55.43333333333333,2.0,1.0,Active
9403a79d-46e9-47a1-aff3-493da4b11f90,0.0,VERY LOW,APPROVE,46.766666666666666,0.0,0.5,Inactive
f7a4f681-5f58-44b5-959e-357d5753f5be,0.0,VERY LOW,APPROVE,34.56666666666667,1.0,1.0,Active
4047c7c2-6d0a-4db8-a7c6-c81b96aa9677,43.7,MEDIUM,APPROVE WITH CAUTION,70.4,2.0,0.5,Active
e14ded5d-8fa1-4970-8e82-58b98b849050,0.04,VERY LOW,APPROVE,63.93333333333333,1.0,1.0,Active
32469eef-f268-4cb4-9bc0-fb95ffea01f0,0.0,VERY LOW,APPROVE,33.46666666666667,0.0,0.5,Inactive
e11a019f-909e-4ea8-82c7-f88e075db8e6,0.0,VERY LOW,APPROVE,39.5,1.0,1.0,Active
9ddb4fb6-3ef0-47ba-9665-e39d1307cd0d,0.0,VERY LOW,APPROVE,24.9,0.0,0.5,Inactive
8cf2590a-027b-4af5-aab4-a04c141de715,0.0,VERY LOW,APPROVE,53.766666666666666,2.0,1.0,Active
6c46b73a-fe88-4aa5-9b55-5d893f47cb66,0.0,VERY LOW,APPROVE,23.7,0.0,0.5,Terminated
d98002d5-2ab2-4f70-9dde-24c040da4043,0.0,VERY LOW,APPROVE,21.066666666666666,0.0,0.5,Active
79a68f8c-eb22-4aa1-8daf-09447e7e0773,0.0,VERY LOW,APPROVE,60.3,1.0,1.0,Active
127977dc-25e2-4571-a2da-a1bb537198a9,0.0,VERY LOW,APPROVE,20.233333333333334,0.0,0.5,Terminated
68a383a3-9974-4dde-9836-0e1446c75b91,0.0,VERY LOW,APPROVE,63.56666666666667,0.0,0.5,Active
d69bb858-4313-45a7-ad88-f3ceb49468ec,0.0,VERY LOW,APPROVE,41.333333333333336,3.0,1.0,Active
25bdc78e-f244-4502-b5cc-60e1b2ec4e4b,84.51,VERY HIGH,REJECT,52.766666666666666,1.0,0.0,Active
132c7a7b-5063-4ca8-addf-5e5c846a7b44,95.42,VERY HIGH,REJECT,32.5,2.0,0.0,Active
fd4fb73e-3e62-45df-8ebb-edcdb5bf61b5,0.0,VERY LOW,APPROVE,19.4,0.0,0.5,Active
fafff9ab-3a99-45e7-937d-428413b11a07,0.0,VERY LOW,APPROVE,65.13333333333334,0.0,0.5,Active
36c2f5c2-ce23-4328-8f13-b6de8379cf9e,0.0,VERY LOW,APPROVE,64.86666666666666,2.0,1.0,Active
8e88791f-ad9e-43f1-9763-1d633aa524ca,0.0,VERY LOW,APPROVE,68.46666666666667,0.0,0.5,Inactive
69750e06-a815-4725-91c6-ce1420cd2a6d,0.0,VERY LOW,APPROVE,32.7,0.0,0.5,Terminated
06716293-d85e-457e-8d3f-a42c444591d6,0.0,VERY LOW,APPROVE,41.53333333333333,1.0,1.0,Active
11a1cae8-08cb-4045-b037-ea1071b86822,77.13,VERY HIGH,REJECT,56.733333333333334,1.0,0.0,Active
57453c3c-70eb-4603-ad70-d1ad27003aed,0.0,VERY LOW,APPROVE,66.73333333333333,0.0,0.5,Inactive
68be1e24-e767-4934-afc2-f20489e23407,79.89,VERY HIGH,REJECT,29.2,1.0,0.0,Active
ef9db74a-652f-4e9f-b55c-e0d84150d940,0.0,VERY LOW,APPROVE,33.5,2.0,1.0,Active
edad567d-010c-471d-8f17-2d1e23b392e1,64.77,HIGH,APPROVE WITH STRICT TERMS,24.5,2.0,0.5,Active
9af3e876-2d30-4760-9648-a79a1cc9779f,0.0,VERY LOW,APPROVE,25.133333333333333,0.0,0.5,Active
b04ba384-1328-44bd-98fa-7d93c663c306,0.0,VERY LOW,APPROVE,20.3,0.0,0.5,Inactive
3b6fcefb-4322-4475-b161-66a348305308,0.0,VERY LOW,APPROVE,64.7,0.0,0.5,Inactive
d22928ad-47b2-40c2-9a9f-9ed2d62a9d56,0.04,VERY LOW,APPROVE,49.266666666666666,1.0,1.0,Active
33f45c27-d685-4b42-a409-7f97990fe442,0.0,VERY LOW,APPROVE,47.3,2.0,1.0,Active
73b81628-fb3f-488e-b290-8c8c59dc1611,70.69,VERY HIGH,REJECT,53.36666666666667,3.0,0.6666666666666666,Active
3d80cece-46f7-45be-8dfa-f679faabfdc7,0.0,VERY LOW,APPROVE,60.5,0.0,0.5,Inactive
02f6be93-1bbf-4acb-87c2-25ee0034ce24,0.0,VERY LOW,APPROVE,44.0,1.0,1.0,Active
2ce1c92d-6744-4b58-b493-46182c012711,46.74,MEDIUM,APPROVE WITH CAUTION,38.666666666666664,3.0,0.6666666666666666,Active
01de60b3-d23b-4bd8-b23b-e1626b404cfc,0.0,VERY LOW,APPROVE,18.433333333333334,3.0,1.0,Active
4a8ed705-5b8d-4517-b9b1-ca2f07e9c6de,85.4,VERY HIGH,REJECT,27.433333333333334,1.0,0.0,Active
411079b8-fee6-4d50-a417-000913e2f30f,0.43,VERY LOW,APPROVE,28.866666666666667,1.0,1.0,Active
f4fa87c4-9e5b-4f56-88db-81eeff736e41,51.19,HIGH,APPROVE WITH STRICT TERMS,47.4,2.0,0.5,Active
468d0ea1-8a07-4ded-9628-8c642f03f854,0.0,VERY LOW,APPROVE,41.0,0.0,0.5,Active
995c4380-2047-44bc-aa2e-6917df2ab4c0,0.0,VERY LOW,APPROVE,23.533333333333335,0.0,0.5,Inactive
6e540bb9-3b3d-4a50-b086-8a9b3ddec87a,69.24,HIGH,APPROVE WITH STRICT TERMS,74.4,2.0,0.5,Active
8b975b78-4607-4c0b-bc55-343e9feebdab,60.87,HIGH,APPROVE WITH STRICT TERMS,47.13333333333333,1.0,0.0,Active
da5021dc-1d23-4b58-86c4-9c2ed86c6236,0.0,VERY LOW,APPROVE,25.3,0.0,0.5,Inactive
4fb5480e-318e-4c8e-93ce-54928966f7a5,70.78,VERY HIGH,REJECT,47.53333333333333,1.0,0.0,Active
e5b070ce-b898-49a5-a089-1fa17bf5a497,0.0,VERY LOW,APPROVE,28.2,0.0,0.5,Active
94a6f3ce-22c4-40cb-a8df-d293fd90ffec,0.43,VERY LOW,APPROVE,58.733333333333334,1.0,1.0,Active
4a015b73-bb33-48a4-bf84-a8ab2d8b4493,0.26,VERY LOW,APPROVE,21.7,1.0,1.0,Active
90566c84-afe7-4b83-83c5-0db72a625fa5,0.0,VERY LOW,APPROVE,76.8,2.0,1.0,Active
8b96eb11-21a1-463b-b006-b41d1acd5b53,0.0,VERY LOW,APPROVE,56.0,0.0,0.5,Inactive
42c3d09f-541d-4a62-8ebf-f49b0264749f,0.0,VERY LOW,APPROVE,48.46666666666667,0.0,0.5,Inactive
753e34ac-8c39-43c3-9151-b95455dc175a,0.0,VERY LOW,APPROVE,35.266666666666666,3.0,1.0,Active
beab70c5-c3dc-4c18-ae37-9e99e9fa15b3,0.0,VERY LOW,APPROVE,25.566666666666666,0.0,0.5,Terminated
ec536201-9643-4b36-b4c5-7fe4ff3a604d,0.0,VERY LOW,APPROVE,24.866666666666667,0.0,0.5,Terminated
8520e082-1bef-4a8d-8358-6311c3e27b0f,0.0,VERY LOW,APPROVE,63.03333333333333,0.0,0.5,Inactive
9ed80d90-f680-4201-b3d7-e609d96d88d1,0.0,VERY LOW,APPROVE,37.2,0.0,0.5,Terminated
e08770b1-e8d0-4f77-9467-7ae04fe969fe,0.0,VERY LOW,APPROVE,59.4,0.0,0.5,Inactive
0333a275-d8db-452b-af51-61e826359205,0.0,VERY LOW,APPROVE,26.566666666666666,1.0,1.0,Active
724d41dd-9f2e-4d1a-8b61-68335d3ceba5,0.0,VERY LOW,APPROVE,53.36666666666667,1.0,1.0,Active
802d9d93-00ba-4a1b-8c30-7c7b19af268f,0.0,VERY LOW,APPROVE,47.1,4.0,1.0,Active
3004b187-e51e-49d1-bd5a-1abf31f6afcb,0.0,VERY LOW,APPROVE,26.266666666666666,1.0,1.0,Active
6c82b820-860e-4fcd-af50-cecf189ea5d7,0.0,VERY LOW,APPROVE,30.3,0.0,0.5,Terminated
d46308df-13c7-427a-8062-0dd59d299d4b,0.26,VERY LOW,APPROVE,70.36666666666666,0.0,0.5,Active
daf850a8-1830-4365-bb8c-e51de9ea930a,0.0,VERY LOW,APPROVE,19.633333333333333,0.0,0.5,Inactive
719252c9-b85a-431b-ba9f-2f303deb280d,60.0,HIGH,APPROVE WITH STRICT TERMS,71.96666666666667,2.0,0.5,Active
b2a307c6-8a19-482b-af49-aacb81175a56,0.0,VERY LOW,APPROVE,35.3,1.0,1.0,Active
2ddc07a3-f3fe-41af-b7a1-f042b31e6475,66.45,HIGH,APPROVE WITH STRICT TERMS,53.8,1.0,0.0,Active
942e279a-c837-4cee-a759-e3f64ac416a5,0.0,VERY LOW,APPROVE,25.033333333333335,1.0,1.0,Active
96498853-9f43-43a5-8e79-f2aea525ef62,0.0,VERY LOW,APPROVE,29.433333333333334,0.0,0.5,Inactive
e229d4cd-6c0d-47ce-bd1c-c3384abee40d,0.0,VERY LOW,APPROVE,44.7,0.0,0.5,Active
32ca9a43-d7d1-43d2-b9f3-ca388d264a68,88.75,VERY HIGH,REJECT,52.3,2.0,0.5,Active
f0c39ab3-f461-4fe1-8c9f-837123191883,0.0,VERY LOW,APPROVE,21.2,1.0,1.0,Active
e75ab984-46ed-4890-94f5-0f5b71935ae1,0.0,VERY LOW,APPROVE,25.533333333333335,1.0,1.0,Active
4e2ec77b-0dbe-4f80-9d1c-e234e3468dd2,0.0,VERY LOW,APPROVE,70.56666666666666,1.0,1.0,Active
48ecad05-7cf9-46bd-b1a4-667fc01bc428,0.0,VERY LOW,APPROVE,27.333333333333332,1.0,1.0,Active
e09e48b7-735f-444e-bff3-46e217f446dd,0.0,VERY LOW,APPROVE,17.866666666666667,1.0,1.0,Active
3c39bba4-abe0-4778-a2ba-9bf446f2311b,62.69,HIGH,APPROVE WITH STRICT TERMS,35.96666666666667,3.0,0.3333333333333333,Active
52a22e47-d325-4483-a3ad-4ae0a6502a8f,0.0,VERY LOW,APPROVE,67.23333333333333,1.0,1.0,Active
3c852ddd-aa2c-4909-bf03-b05fc075e3bf,0.0,VERY LOW,APPROVE,63.833333333333336,0.0,0.5,Inactive
ffbc3092-ae23-41a1-b58a-c74d967a72fe,0.0,VERY LOW,APPROVE,71.33333333333333,0.0,0.5,Inactive
41924b5d-777b-42ac-be7a-d4961f0367c1,82.49,VERY HIGH,REJECT,64.06666666666666,2.0,0.5,Active
4e504a0a-800d-4d8f-90cf-1cff9dbe7141,0.0,VERY LOW,APPROVE,39.1,0.0,0.5,Inactive
c23d8235-722d-42c9-8b12-877857c8537a,0.0,VERY LOW,APPROVE,46.733333333333334,0.0,0.5,Terminated
06cf9153-03fa-41f1-8ce9-631e7ca6f590,58.28,HIGH,APPROVE WITH STRICT TERMS,74.7,3.0,0.6666666666666666,Active
ebb5e939-9dda-4462-9c1d-d3dc890c1ff5,88.72,VERY HIGH,REJECT,47.7,3.0,0.6666666666666666,Active
aff9eeee-54b1-4669-a5e6-06a2f2a201f5,0.0,VERY LOW,APPROVE,36.1,0.0,0.5,Inactive
98b937d0-8263-4004-bf7a-27b662b8a7be,0.0,VERY LOW,APPROVE,57.46666666666667,1.0,1.0,Active
92ebf13e-5983-4186-a2bd-e730b4850488,90.06,VERY HIGH,REJECT,32.333333333333336,1.0,0.0,Active
3abf6fd0-da15-4d7d-8160-e3da16317e36,0.0,VERY LOW,APPROVE,32.9,0.0,0.5,Active
b00f7561-6948-4e1b-b00a-83c078c312ad,0.0,VERY LOW,APPROVE,59.13333333333333,0.0,0.5,Active
cdd65932-5b8b-43df-8222-b68b66fd6875,0.0,VERY LOW,APPROVE,44.2,0.0,0.5,Active
f901c918-eceb-4f6a-8bae-b7fafc419d76,0.0,VERY LOW,APPROVE,58.03333333333333,0.0,0.5,Active
7b6cf8d8-0bbc-4ae1-8f7c-b12773718ebc,85.93,VERY HIGH,REJECT,45.9,2.0,0.0,Active
eefdc1ec-90e8-4903-b3cd-9d15588e2d9c,0.43,VERY LOW,APPROVE,50.233333333333334,1.0,1.0,Active
ba481804-5e98-4888-951f-37c28b7fca22,69.43,HIGH,APPROVE WITH STRICT TERMS,25.833333333333332,3.0,0.6666666666666666,Active
29a66a00-dcb2-43da-8819-9ae3e88fc872,75.75,VERY HIGH,REJECT,49.733333333333334,2.0,0.5,Active
478f072e-4367-4a82-8df2-df8d703500e2,0.0,VERY LOW,APPROVE,60.46666666666667,0.0,0.5,Inactive
77ee28dd-a38d-4650-9e76-bb60dc84a9d9,0.0,VERY LOW,APPROVE,35.2,0.0,0.5,Active
4fb60dda-6f29-4164-b55a-ce2fb5fa1aaf,0.0,VERY LOW,APPROVE,56.93333333333333,0.0,0.5,Inactive
01e836d5-1ed6-4b87-bdaa-202462840292,0.05,VERY LOW,APPROVE,26.7,1.0,1.0,Active
b82a624c-0561-425d-a472-865ecb1aa624,0.66,VERY LOW,APPROVE,76.83333333333333,3.0,1.0,Active
76ebb7c5-c262-46c2-9f79-b4f2691707ac,0.0,VERY LOW,APPROVE,67.93333333333334,0.0,0.5,Active
3164af99-87aa-46f6-95a3-4661d1574684,0.0,VERY LOW,APPROVE,56.266666666666666,0.0,0.5,Inactive
2d6c2160-846e-4b15-9103-89fd99f429f9,49.93,MEDIUM,APPROVE WITH CAUTION,33.2,1.0,0.0,Active
e234a6f7-76c2-4b46-95a6-c1edbbd5aedb,0.0,VERY LOW,APPROVE,72.0,0.0,0.5,Inactive
71b42c96-25b6-472e-8bfc-c8fbcedee175,72.6,VERY HIGH,REJECT,57.36666666666667,1.0,0.0,Active
d050a536-c7b9-4d2f-853b-04055a55f784,0.0,VERY LOW,APPROVE,60.96666666666667,1.0,1.0,Active
b4e8b678-8010-4ca6-ae9a-e4bfbbdf29f4,0.0,VERY LOW,APPROVE,25.633333333333333,0.0,0.5,Inactive
7a5a8957-619b-414c-a778-59c69f915275,0.0,VERY LOW,APPROVE,28.0,2.0,1.0,Active
0fd3f710-4af1-4b2d-b13b-59194d1b422f,87.8,VERY HIGH,REJECT,36.4,2.0,0.5,Active
3e22e942-15b9-43e7-8305-ef3c441928e7,0.0,VERY LOW,APPROVE,73.53333333333333,0.0,0.5,Active
0974d4b8-7b30-4193-b686-502014b9e19a,0.0,VERY LOW,APPROVE,17.733333333333334,1.0,1.0,Active
057eee4b-70e1-4fdb-a468-b35a2291587e,64.07,HIGH,APPROVE WITH STRICT TERMS,31.133333333333333,1.0,0.0,Active
df2d498e-4c07-4cd1-85cd-686aaf20f7b1,0.0,VERY LOW,APPROVE,23.466666666666665,0.0,0.5,Terminated
61ded179-19fd-4172-b3bb-3e5cc15c813c,47.86,MEDIUM,APPROVE WITH CAUTION,33.233333333333334,2.0,0.5,Active
1b44ac3b-a8aa-4c40-95e7-9307ee8378b4,0.0,VERY LOW,APPROVE,68.66666666666667,0.0,0.5,Inactive
3f208f26-4b53-47c3-94a3-35bd68c6ab54,79.28,VERY HIGH,REJECT,65.0,1.0,0.0,Active
be400e81-644d-4a43-bcfd-04daff908717,0.0,VERY LOW,APPROVE,66.13333333333334,1.0,1.0,Active
10162f46-5015-471c-a08b-3bbab67a652a,85.37,VERY HIGH,REJECT,42.2,1.0,0.0,Active
b2f5c074-f19f-49d1-9560-af0fc87920ac,0.0,VERY LOW,APPROVE,47.7,0.0,0.5,Active
85bbd49d-fec3-4799-9075-9d54312878f1,80.6,VERY HIGH,REJECT,33.233333333333334,1.0,0.0,Active
75ade8b0-59f2-4269-956f-68f365d1355c,0.0,VERY LOW,APPROVE,33.8,0.0,0.5,Inactive
64eaaf4c-4772-452e-a1c4-36aa9cec4154,0.0,VERY LOW,APPROVE,64.6,0.0,0.5,Inactive
1c6a1767-4e22-4a18-8392-19c3dc310cea,0.0,VERY LOW,APPROVE,19.133333333333333,0.0,0.5,Active
80c865c5-52e6-4ce1-a5a1-65b62f243da4,0.0,VERY LOW,APPROVE,32.4,0.0,0.5,Active
9967e99e-f6e5-4512-a569-98779a22c8e9,72.42,VERY HIGH,REJECT,74.26666666666667,1.0,0.0,Active
74641e49-caee-44de-9d3f-683859eaa6a3,63.27,HIGH,APPROVE WITH STRICT TERMS,75.16666666666667,1.0,0.0,Active
403098c9-6c89-4ba9-afc5-511e75b64c55,0.0,VERY LOW,APPROVE,67.06666666666666,0.0,0.5,Terminated
bfb274fc-42f4-4d42-a516-af718df55112,80.99,VERY HIGH,REJECT,74.73333333333333,4.0,0.5,Active
35c7ef80-db59-4595-a685-2495b4bb9422,0.0,VERY LOW,APPROVE,74.26666666666667,0.0,0.5,Terminated
ef0e5808-cab9-41e7-b6e0-d487335f36a6,0.0,VERY LOW,APPROVE,70.9,0.0,0.5,Active
f1615020-9c86-4aac-be47-e5b86d69434c,0.0,VERY LOW,APPROVE,58.8,1.0,1.0,Active
1497695d-58c6-4850-9907-55b8633ce5ae,0.0,VERY LOW,APPROVE,33.06666666666667,2.0,1.0,Active
5f2b6c86-8326-4e5e-a359-54342302d776,0.0,VERY LOW,APPROVE,25.533333333333335,0.0,0.5,Active
d03069c5-3b4f-461d-8dc1-91a957ecf2c4,0.0,VERY LOW,APPROVE,70.13333333333334,3.0,1.0,Active
c4696ed4-fa94-45c9-b368-1ea0f9554c95,0.0,VERY LOW,APPROVE,22.766666666666666,0.0,0.5,Active
5710adb4-cd4c-4ba0-9a5a-985c9323fe45,49.11,MEDIUM,APPROVE WITH CAUTION,77.13333333333334,1.0,0.0,Active
fa20026b-a7d1-4c1f-9c18-6f4981045e8c,0.0,VERY LOW,APPROVE,45.766666666666666,0.0,0.5,Inactive
29070c24-4234-4828-8474-4689263e30cb,0.0,VERY LOW,APPROVE,46.9,0.0,0.5,Inactive
4c4d6ac4-2e49-4f60-b874-907aae8d01de,0.0,VERY LOW,APPROVE,52.733333333333334,0.0,0.5,Inactive
beb1020b-ff6c-4e4d-bc1e-99fc5bbac207,0.0,VERY LOW,APPROVE,48.733333333333334,0.0,0.5,Inactive
29fca8da-098e-4bbd-b5e1-c247a9d20ceb,63.99,HIGH,APPROVE WITH STRICT TERMS,54.93333333333333,3.0,0.6666666666666666,Active
583ea7fb-20e9-4da8-a7c7-c5bd939ce498,0.0,VERY LOW,APPROVE,21.7,0.0,0.5,Active
3ebcea2f-9e94-4396-a54b-67d1d4331ac9,0.0,VERY LOW,APPROVE,76.13333333333334,0.0,0.5,Active
9d7013f9-345b-4a84-8ae7-2f32d7da9bbc,0.0,VERY LOW,APPROVE,68.23333333333333,0.0,0.5,Inactive
18eab70c-3f08-4e86-bebc-451e4be5e4c3,0.0,VERY LOW,APPROVE,58.3,1.0,1.0,Active
fceb5b78-9af7-4ec0-8d8c-f2ba967d4a15,95.26,VERY HIGH,REJECT,58.233333333333334,4.0,0.5,Active
b5bdfaac-b691-4468-a6f5-218d492e17a6,97.3,VERY HIGH,REJECT,64.03333333333333,2.0,0.0,Active
823ce47c-3a12-4135-81bc-6edd9cb86953,24.43,LOW,APPROVE,51.03333333333333,4.0,0.75,Active
682c1f9c-f76c-47a2-aaf5-5e3cec56bb25,0.0,VERY LOW,APPROVE,19.733333333333334,0.0,0.5,Active
924d1372-0f13-49cd-ba51-8e58f1b477c9,0.0,VERY LOW,APPROVE,27.833333333333332,0.0,0.5,Inactive
680075fa-7a1a-4e46-aa31-e9bc53e37bd4,0.0,VERY LOW,APPROVE,24.133333333333333,2.0,1.0,Active
3389cfeb-6c31-4fa9-94dc-e9a7f2467742,66.06,HIGH,APPROVE WITH STRICT TERMS,44.766666666666666,4.0,0.75,Active
b8d5a825-def1-4fd0-8bbe-a76c6c47ee74,0.0,VERY LOW,APPROVE,55.1,0.0,0.5,Inactive
09eca7e2-d226-40ee-8e15-462fde0730d2,0.0,VERY LOW,APPROVE,76.63333333333334,0.0,0.5,Active
ea6d016d-311d-46ed-a573-d042a8b497e4,0.0,VERY LOW,APPROVE,40.333333333333336,0.0,0.5,Active
9f9a6f0e-2de4-4f28-9027-328ba390b7ee,0.0,VERY LOW,APPROVE,33.766666666666666,0.0,0.5,Active
1bec5fe6-d3d9-488b-af82-20256a9eb122,0.0,VERY LOW,APPROVE,57.8,1.0,1.0,Active
d6aab90d-3d86-4971-bcbc-ab0d0bb9a368,77.16,VERY HIGH,REJECT,51.86666666666667,1.0,0.0,Active
475784de-8c05-428a-bc81-536961c82d8a,0.0,VERY LOW,APPROVE,30.733333333333334,2.0,1.0,Active
cf2a8826-c948-445b-840d-92442d45df59,0.0,VERY LOW,APPROVE,46.36666666666667,2.0,1.0,Active
e5e22207-735f-45c7-b22c-26279d552e6e,0.0,VERY LOW,APPROVE,48.03333333333333,0.0,0.5,Inactive
a70b458a-aaa2-486e-abf6-c5a150669282,0.0,VERY LOW,APPROVE,72.6,0.0,0.5,Active
5cd28b35-71f0-4fbd-845d-ecb129a2e490,0.0,VERY LOW,APPROVE,17.366666666666667,0.0,0.5,Active
6937e126-33fb-437e-9238-473193d17628,52.45,HIGH,APPROVE WITH STRICT TERMS,66.9,2.0,0.5,Active
b774ec72-6c82-491a-ae3e-9b271dc0faba,73.55,VERY HIGH,REJECT,49.333333333333336,1.0,0.0,Active
deb3b9da-299f-4c61-b4d2-5e91ca377de6,73.91,VERY HIGH,REJECT,29.566666666666666,2.0,0.5,Active
a3b0a0d7-dc22-4d63-86da-6f5740bbd414,0.0,VERY LOW,APPROVE,50.13333333333333,1.0,1.0,Active
85115e4b-0acb-451e-a858-9f5cd56786c0,0.27,VERY LOW,APPROVE,54.06666666666667,1.0,1.0,Active
b4fd9cae-8d73-4861-9a03-f8c264328f91,0.0,VERY LOW,APPROVE,57.86666666666667,4.0,1.0,Active
a67ebe1b-e958-4c7c-9629-ddbedcc586e4,0.0,VERY LOW,APPROVE,23.5,0.0,0.5,Inactive
025590d8-4177-4ef3-b916-26f1117ebcf8,0.0,VERY LOW,APPROVE,16.566666666666666,0.0,0.5,Inactive
5f307d56-970d-4112-abb9-4ec7b94b95ce,0.0,VERY LOW,APPROVE,29.8,0.0,0.5,Inactive
bfae20b7-22d1-4a0a-902d-f697e60cb088,81.84,VERY HIGH,REJECT,35.733333333333334,1.0,0.0,Active
717ce057-d10a-4e27-bd4b-59ffd39109c7,0.0,VERY LOW,APPROVE,28.066666666666666,1.0,1.0,Active
5e10e19f-b7b6-4466-86f6-0714a1e3d053,90.02,VERY HIGH,REJECT,28.7,1.0,0.0,Active
6bb38a60-fc46-4a09-9b27-1f28f04161d9,0.0,VERY LOW,APPROVE,29.166666666666668,0.0,0.5,Terminated
fe14d385-bb9c-43bd-81be-946f1a986a7a,0.0,VERY LOW,APPROVE,39.56666666666667,0.0,0.5,Inactive
d46604f6-e604-4bb8-a1b6-337dca813de1,0.0,VERY LOW,APPROVE,62.233333333333334,0.0,0.5,Terminated
c5c8388d-f339-4d2d-89f4-11754f96f900,0.0,VERY LOW,APPROVE,74.2,1.0,1.0,Active
56fcb12f-9b9d-42cb-b4ec-dd8a2253b857,0.04,VERY LOW,APPROVE,31.233333333333334,2.0,1.0,Active
158292e6-a22e-4616-812b-db8fba70c8c3,0.0,VERY LOW,APPROVE,69.93333333333334,1.0,1.0,Active
92675485-931e-41ad-9cb6-9ac18a72528e,0.0,VERY LOW,APPROVE,42.6,0.0,0.5,Active
3acb78ad-2b3f-4be5-bb16-0d10e9ef8bab,0.0,VERY LOW,APPROVE,50.766666666666666,1.0,1.0,Active
b99bf9aa-1519-46f3-8397-c825c6938cca,0.0,VERY LOW,APPROVE,60.3,2.0,1.0,Active
d6ace63f-afd0-43b0-bb31-75dcd1ac24a3,0.0,VERY LOW,APPROVE,30.7,1.0,1.0,Active
a9438deb-b777-4007-8a3d-b654f0a784d8,70.16,VERY HIGH,REJECT,23.333333333333332,2.0,0.5,Active
af9f60c3-6cc2-4a68-98d8-3a8d4db3bc2d,72.88,VERY HIGH,REJECT,43.06666666666667,2.0,0.5,Active
ed0820f7-34e9-4a88-b870-78c1c8dfea50,0.0,VERY LOW,APPROVE,30.733333333333334,0.0,0.5,Active
5dff43e5-db93-47cc-9683-ca0ff8677840,0.0,VERY LOW,APPROVE,75.13333333333334,0.0,0.5,Active
7a8c21a6-21e1-4cd3-8ce6-429580816919,81.01,VERY HIGH,REJECT,19.266666666666666,2.0,0.5,Active
c381efc1-f536-42d9-b4c8-e40791869f76,0.0,VERY LOW,APPROVE,25.566666666666666,1.0,1.0,Active
cccd7a2b-c52c-4f41-9c08-480f1637b7a1,0.0,VERY LOW,APPROVE,67.1,1.0,1.0,Active
8dd010e4-03b7-4a3f-80f2-7c8da0090bdb,62.61,HIGH,APPROVE WITH STRICT TERMS,54.333333333333336,1.0,0.0,Active
b43c9e00-f9cf-428a-ba6c-26562d3e3215,0.27,VERY LOW,APPROVE,63.53333333333333,1.0,1.0,Active
8c7f0f26-d428-4ea6-af2a-227773d8ee57,0.0,VERY LOW,APPROVE,67.33333333333333,1.0,1.0,Active
9c5d3cd8-e77c-4f3f-9892-d5bae5347374,59.02,HIGH,APPROVE WITH STRICT TERMS,58.53333333333333,4.0,0.75,Active
b36bda59-665c-4a43-bc82-72d611a005d2,0.0,VERY LOW,APPROVE,66.03333333333333,0.0,0.5,Active
ae7bf1a9-0b73-486d-8e0e-fa82b086df7a,0.0,VERY LOW,APPROVE,58.666666666666664,0.0,0.5,Active
bcc1925e-6b73-42ed-b312-d7c9d5adf668,0.0,VERY LOW,APPROVE,61.46666666666667,1.0,1.0,Active
71d39345-bacc-46cd-83dc-96d996ed1604,0.0,VERY LOW,APPROVE,44.266666666666666,0.0,0.5,Inactive
96688b2a-e201-4c0b-ae33-1db6fb185a3f,0.0,VERY LOW,APPROVE,46.36666666666667,1.0,1.0,Active
39772ee4-5a0c-4dcf-b878-ef23ef59450f,0.05,VERY LOW,APPROVE,33.766666666666666,1.0,1.0,Active
54570975-7207-4e4f-94d8-730964422f55,0.0,VERY LOW,APPROVE,31.066666666666666,0.0,0.5,Active
b80871d6-af24-43c1-b0cb-2e805b1d1625,0.0,VERY LOW,APPROVE,75.5,0.0,0.5,Active
00d8dbbf-eb1a-4c5c-8362-86241f9eb83d,0.6,VERY LOW,APPROVE,46.8,3.0,1.0,Active
4c9a8ac5-f1c3-4fb6-bb39-cc72cc8dfe88,68.33,HIGH,APPROVE WITH STRICT TERMS,46.93333333333333,2.0,0.5,Active
d04b480a-82cf-4435-ae4c-1c8f23aacd27,0.0,VERY LOW,APPROVE,49.266666666666666,0.0,0.5,Active
d444a23f-d819-4e36-a0ae-27f9bc655221,44.19,MEDIUM,APPROVE WITH CAUTION,76.46666666666667,1.0,0.0,Active
a763de09-875b-4672-b1a3-04cf9640e81f,0.0,VERY LOW,APPROVE,41.233333333333334,0.0,0.5,Inactive
d8b6418a-0d15-4b28-847c-c61436946c73,0.0,VERY LOW,APPROVE,46.13333333333333,1.0,1.0,Active
c54c21a1-b510-4096-97b5-b685694122c9,0.0,VERY LOW,APPROVE,44.333333333333336,0.0,0.5,Terminated
effce8ad-cbd8-4448-ae36-710015dc95cd,0.0,VERY LOW,APPROVE,24.733333333333334,0.0,0.5,Inactive
6f71a7bb-4c20-4da7-a410-a97cebc42408,0.34,VERY LOW,APPROVE,72.03333333333333,2.0,1.0,Active
2cb07543-950b-49ea-90be-d77abb47e540,0.0,VERY LOW,APPROVE,52.233333333333334,1.0,1.0,Active
f3ce85ee-19a4-4491-81b3-78e73a006de6,0.0,VERY LOW,APPROVE,50.6,0.0,0.5,Active
5309d27e-7067-4754-a0c8-cba73900b693,0.0,VERY LOW,APPROVE,21.9,0.0,0.5,Active
238c4090-0dab-4950-873c-ab729ba6e59f,0.34,VERY LOW,APPROVE,76.06666666666666,2.0,1.0,Active
852a657a-8935-4506-849d-984344cd0a2c,81.82,VERY HIGH,REJECT,31.733333333333334,1.0,0.0,Active
c4adc11d-2abb-4b4e-81ff-c24b9b407bfb,0.0,VERY LOW,APPROVE,23.966666666666665,3.0,1.0,Active
8cb55173-dd80-48ea-a9cc-9bdf431d4de5,0.0,VERY LOW,APPROVE,52.333333333333336,2.0,1.0,Active
e54093d6-9ebc-4acc-849f-81841c3d1298,0.0,VERY LOW,APPROVE,49.63333333333333,0.0,0.5,Active
0bef8ea0-0ba6-463d-b896-12a496e12e56,0.0,VERY LOW,APPROVE,19.1,0.0,0.5,Active
9b219947-b0f5-41e2-a32a-d83c07b422f8,54.33,HIGH,APPROVE WITH STRICT TERMS,72.63333333333334,2.0,0.5,Active
080011a9-4a57-428e-a36a-96730b7df95b,0.0,VERY LOW,APPROVE,72.46666666666667,0.0,0.5,Active
55327764-d749-45fc-af9a-325f88524dd9,0.0,VERY LOW,APPROVE,18.2,1.0,1.0,Active
ce148790-0746-4307-9662-23ab71c75425,0.0,VERY LOW,APPROVE,42.666666666666664,2.0,1.0,Active
0fba9aff-fa32-41f0-9404-f9597c014a88,0.0,VERY LOW,APPROVE,32.2,1.0,1.0,Active
aeace008-7333-4600-87b7-d3b02d8ccb9f,0.0,VERY LOW,APPROVE,57.03333333333333,1.0,1.0,Active
eb8eb9bb-862e-4269-a2c7-95afee7678a0,0.0,VERY LOW,APPROVE,74.16666666666667,1.0,1.0,Active
cef76c95-eb98-46b3-9459-0f538548b43a,0.0,VERY LOW,APPROVE,33.03333333333333,0.0,0.5,Inactive
0e1c94a2-4fd1-4a60-a80c-74cc921abaff,0.0,VERY LOW,APPROVE,21.233333333333334,0.0,0.5,Active
a9a251d8-9f19-43e8-a8fd-3a9a1770bcf6,0.0,VERY LOW,APPROVE,41.6,1.0,1.0,Active
7ad763f4-22b4-4c21-970c-ae5b97d148aa,0.0,VERY LOW,APPROVE,47.266666666666666,0.0,0.5,Terminated
1ca8f123-bde2-4d15-9d6e-cab5c9e462cd,0.0,VERY LOW,APPROVE,34.53333333333333,1.0,1.0,Active
8cbb4c2c-a6a9-4d12-bc1e-314576d280d7,90.53,VERY HIGH,REJECT,22.766666666666666,4.0,0.75,Active
a38e4163-e6f8-4376-9831-844ab593c04c,61.24,HIGH,APPROVE WITH STRICT TERMS,57.6,2.0,0.5,Active
4f8bf5f3-b53f-4c9a-8c30-45dacee0dca3,0.0,VERY LOW,APPROVE,40.8,0.0,0.5,Terminated
0761b3e9-59b6-4ecd-9f9f-e2cdeabcdd0c,64.46,HIGH,APPROVE WITH STRICT TERMS,36.6,1.0,0.0,Active
73dcb3a5-4dfc-4aea-b30c-d0746916684a,0.0,VERY LOW,APPROVE,75.33333333333333,0.0,0.5,Active
1205aa46-834f-4fbb-adf6-4fd46fd8b1d6,0.0,VERY LOW,APPROVE,36.43333333333333,0.0,0.5,Active
e8db3a16-eac5-45c7-b93a-675e513ee91b,0.0,VERY LOW,APPROVE,70.66666666666667,1.0,1.0,Active
1bccf71c-a39f-4cf7-916b-aaeb5d0471df,0.24,VERY LOW,APPROVE,39.733333333333334,2.0,1.0,Active
d74c5d5e-eb72-4c6e-9dbc-4bf618c9d7a8,0.0,VERY LOW,APPROVE,63.7,1.0,1.0,Active
2fbf56a6-cf8b-4a9c-b8f9-ac48f5b1959c,0.0,VERY LOW,APPROVE,53.06666666666667,1.0,1.0,Active
83219221-c508-424a-afe7-7923ed67f27a,0.0,VERY LOW,APPROVE,67.33333333333333,0.0,0.5,Active
8acd7ed1-c1ea-4195-80b9-2a286cefdd9c,0.0,VERY LOW,APPROVE,64.5,1.0,1.0,Active
b8fe10c5-02a9-4a8a-beb7-66d9608bd341,0.0,VERY LOW,APPROVE,56.13333333333333,0.0,0.5,Inactive
50d4caa9-7c4a-468d-887f-aa8980527f66,0.05,VERY LOW,APPROVE,32.36666666666667,1.0,1.0,Active
91fc8da1-3bc0-4053-abd6-4f13362d4c54,0.0,VERY LOW,APPROVE,45.3,1.0,1.0,Active
9c5d778c-a09e-4c2a-9057-50368855d8fe,0.0,VERY LOW,APPROVE,62.93333333333333,0.0,0.5,Inactive
8010f3fe-a554-4d2e-91f1-fbd0f7cab2ef,0.0,VERY LOW,APPROVE,43.5,1.0,1.0,Active
de1025c0-9c61-4833-82b6-f82816121598,0.0,VERY LOW,APPROVE,48.06666666666667,1.0,1.0,Active
cccd6400-167c-4e03-8784-0ed8993fa8ea,0.0,VERY LOW,APPROVE,22.166666666666668,1.0,1.0,Active
4185effe-d360-41bd-bb8b-d25bb22d987f,0.0,VERY LOW,APPROVE,49.333333333333336,0.0,0.5,Active
560b5c74-570f-40ec-9ab6-fc74afb947fa,77.49,VERY HIGH,REJECT,23.733333333333334,3.0,0.3333333333333333,Active
ebbe4985-03a7-4ed1-ae11-0bfe2391f674,0.0,VERY LOW,APPROVE,23.066666666666666,0.0,0.5,Inactive
5ca808d9-8ab6-40e0-8b21-92e12338be5e,0.0,VERY LOW,APPROVE,55.93333333333333,1.0,1.0,Active
190de077-9581-4fdc-a66f-6733c37f876b,0.0,VERY LOW,APPROVE,27.5,0.0,0.5,Inactive
05893894-deb0-4340-8182-b589a7bed3b2,0.0,VERY LOW,APPROVE,73.3,0.0,0.5,Inactive
64ea0481-f3f5-4a91-8040-b81ab188efa1,0.0,VERY LOW,APPROVE,49.56666666666667,1.0,1.0,Active
3e23152e-9aa2-41d4-bcdf-edf6871b7ac0,0.0,VERY LOW,APPROVE,31.033333333333335,0.0,0.5,Active
8839061f-36d2-4def-8421-834fd23ba5bf,0.0,VERY LOW,APPROVE,56.5,0.0,0.5,Inactive
c84c74b9-f8dc-4958-8d55-b4d6eed47fe0,0.0,VERY LOW,APPROVE,49.86666666666667,0.0,0.5,Inactive
f996c453-0167-41ed-a53d-388cfb86e978,0.0,VERY LOW,APPROVE,74.66666666666667,1.0,1.0,Active
b8aee588-7155-486f-9d8e-618d1f0c3fa1,76.02,VERY HIGH,REJECT,28.6,3.0,0.6666666666666666,Active
c2f2bd40-a842-4e05-8850-a7e6a818f74f,0.0,VERY LOW,APPROVE,71.76666666666667,0.0,0.5,Terminated
00ef67a7-4353-4e47-a0b3-13c4733de130,0.0,VERY LOW,APPROVE,23.966666666666665,0.0,0.5,Active
d04c5852-070b-44b2-9b7a-3a74c13f61b7,0.0,VERY LOW,APPROVE,69.83333333333333,0.0,0.5,Inactive
3179893b-ee31-4d68-9411-647df3db3d99,0.0,VERY LOW,APPROVE,52.5,0.0,0.5,Terminated
ccac6e60-efde-49a8-849f-bed603412299,0.0,VERY LOW,APPROVE,18.4,1.0,1.0,Active
53880fe3-45ef-4c8f-bc72-331bd396ba6d,0.0,VERY LOW,APPROVE,53.6,1.0,1.0,Active
d89799a7-36fd-4c43-be0f-a7c780a47682,0.0,VERY LOW,APPROVE,29.1,0.0,0.5,Active
a2758c73-d678-4823-b726-b0cafbdbb829,67.37,HIGH,APPROVE WITH STRICT TERMS,63.43333333333333,1.0,0.0,Active
2d768f30-ad44-45c7-869c-e06d2a999510,0.0,VERY LOW,APPROVE,16.433333333333334,0.0,0.5,Inactive
f693494f-a606-482c-8c1f-c7a66ec5d694,0.0,VERY LOW,APPROVE,53.4,0.0,0.5,Active
7812a9fc-5977-4115-a2a6-a10c6102ea4c,57.56,HIGH,APPROVE WITH STRICT TERMS,53.63333333333333,1.0,0.0,Active
2064e0c6-f8d7-44c7-a939-411654c31431,91.72,VERY HIGH,REJECT,61.8,2.0,0.0,Active
de66472b-4417-4146-8368-cf42a74c8508,0.0,VERY LOW,APPROVE,30.466666666666665,2.0,1.0,Active
0b69a7ff-283b-475d-98d4-4e95b7881bca,80.48,VERY HIGH,REJECT,29.533333333333335,2.0,0.5,Active
85c53330-aa65-4e49-b39a-a78f97b0f8bc,0.04,VERY LOW,APPROVE,34.7,1.0,1.0,Active
c96a3c82-b752-4832-81d7-9362bc96e9a6,55.58,HIGH,APPROVE WITH STRICT TERMS,34.266666666666666,2.0,0.5,Active
515a5f4c-cc2c-4450-a7f7-c203a22e8a5b,0.0,VERY LOW,APPROVE,23.566666666666666,2.0,1.0,Active
3938cbaa-8e13-45fc-a4be-a4683833876e,80.76,VERY HIGH,REJECT,36.0,1.0,0.0,Active
f50b7331-4e80-4f58-8e0e-96f197befbac,88.23,VERY HIGH,REJECT,57.03333333333333,1.0,0.0,Active
ca8c248a-caef-49eb-bf97-f42173936c6e,0.0,VERY LOW,APPROVE,68.9,0.0,0.5,Terminated
33873995-b141-4e0c-8832-3dcae3b05eef,0.0,VERY LOW,APPROVE,28.666666666666668,2.0,1.0,Active
74ade6c0-6b61-4262-85a2-679f42107df5,0.05,VERY LOW,APPROVE,33.63333333333333,1.0,1.0,Active
57f977e0-dfa1-4eb1-8df8-481f1121758d,0.0,VERY LOW,APPROVE,63.53333333333333,0.0,0.5,Inactive
678074d8-42f8-414a-a1f0-073398f25063,0.0,VERY LOW,APPROVE,74.36666666666666,2.0,1.0,Active
e27d0ea2-2f05-4537-9416-ac27ae0e507f,58.54,HIGH,APPROVE WITH STRICT TERMS,72.0,2.0,0.5,Active
e617dbbb-ede8-4a54-9828-eba8fc4eac1f,0.0,VERY LOW,APPROVE,25.633333333333333,1.0,1.0,Active
9b6d45c6-09d6-4b38-96c9-20f7e966ad7e,41.13,MEDIUM,APPROVE WITH CAUTION,32.3,1.0,0.0,Active
025c8a30-fef6-4c22-9372-46f61742fa84,0.0,VERY LOW,APPROVE,67.73333333333333,1.0,1.0,Active
cf4c1e3b-381a-46b4-9175-d5db28b07730,74.34,VERY HIGH,REJECT,34.666666666666664,3.0,0.6666666666666666,Active
5b2abecb-eb83-46b9-888a-7fd62bb63f47,0.05,VERY LOW,APPROVE,27.2,1.0,1.0,Active
a927f119-0892-4873-ae87-96a968f8a0ee,0.27,VERY LOW,APPROVE,55.06666666666667,1.0,1.0,Active
d5144120-736a-4282-bdbe-50e18495dd4b,0.0,VERY LOW,APPROVE,22.033333333333335,2.0,1.0,Active
14b3ed6c-7ae1-434c-a3b8-b6c1b6491bd9,73.48,VERY HIGH,REJECT,16.733333333333334,3.0,0.6666666666666666,Active
c1ba72ef-97a3-49ce-a5d7-92e0e9664e24,0.0,VERY LOW,APPROVE,31.933333333333334,0.0,0.5,Active
7146bd12-56a5-44fa-82a1-f8f7eca3c2ad,0.05,VERY LOW,APPROVE,51.53333333333333,1.0,1.0,Active
30e3e0b7-5533-452a-872f-60394dcc3aa6,92.01,VERY HIGH,REJECT,44.63333333333333,3.0,0.3333333333333333,Active
a44cc65e-e8a8-4635-8378-d32af0c782a6,0.0,VERY LOW,APPROVE,72.93333333333334,0.0,0.5,Inactive
f7ad84ad-4dd7-491a-b82d-961e1a0902f9,0.0,VERY LOW,APPROVE,60.833333333333336,0.0,0.5,Inactive
3a729b4d-d7fb-4f12-9033-58f563b64798,0.0,VERY LOW,APPROVE,31.9,1.0,1.0,Active
5e1fee86-841a-4a75-98fa-b531616d65af,96.25,VERY HIGH,REJECT,43.733333333333334,2.0,0.0,Active
8cbd2eb0-15a9-4c27-8312-12bac88952bf,0.0,VERY LOW,APPROVE,65.8,0.0,0.5,Inactive
3b63188d-c834-490f-8886-71d291f22878,0.0,VERY LOW,APPROVE,50.0,1.0,1.0,Active
8507c4b4-2a87-41fb-be08-ba8fc47b5af7,0.0,VERY LOW,APPROVE,47.86666666666667,0.0,0.5,Active
39703a89-8d95-4fd9-ad26-c17b2b233bc8,0.0,VERY LOW,APPROVE,42.1,1.0,1.0,Active
543ece1e-19a7-4f91-9fdb-e0f1d507c112,0.04,VERY LOW,APPROVE,16.9,1.0,1.0,Active
98ad4e8a-6362-4776-824f-d0bd0c94d94f,80.68,VERY HIGH,REJECT,46.06666666666667,3.0,0.6666666666666666,Active
1a0de1fa-40d4-4684-800e-f78239c35efc,0.0,VERY LOW,APPROVE,30.2,2.0,1.0,Active
06c8af9a-1c65-48f7-baae-c294af49c26f,95.37,VERY HIGH,REJECT,55.3,2.0,0.0,Active
0a6b9bf9-35ed-44ce-beae-0661de2a7b6e,0.0,VERY LOW,APPROVE,72.03333333333333,0.0,0.5,Active
32eab593-ef63-4080-bcfd-53d1da6be778,0.0,VERY LOW,APPROVE,37.1,0.0,0.5,Active
26ae5483-5a5b-47ae-a4f6-66b2e01d07d1,0.0,VERY LOW,APPROVE,40.43333333333333,0.0,0.5,Active
5cdfe910-6d33-462f-b7f4-5d6e36d2739a,0.0,VERY LOW,APPROVE,65.06666666666666,1.0,1.0,Active
39bf50b6-4381-4554-8808-91e8ad606f82,0.0,VERY LOW,APPROVE,34.6,1.0,1.0,Active
2b2458c4-66e9-4b5c-bcc1-bf5a909f8744,98.57,VERY HIGH,REJECT,73.33333333333333,2.0,0.0,Active
96082f03-6cb4-40c0-9a9a-1ed8ee479dfb,85.84,VERY HIGH,REJECT,59.86666666666667,1.0,0.0,Active
94b26a7d-3ba9-4374-bf29-0426297d641a,0.0,VERY LOW,APPROVE,65.66666666666667,0.0,0.5,Inactive
81020843-940a-458b-b178-6971b482cb0f,71.28,VERY HIGH,REJECT,18.4,1.0,0.0,Active
a00e0657-fcbc-4c9b-99f3-d9f78e8b034e,84.46,VERY HIGH,REJECT,45.86666666666667,2.0,0.0,Active
15050fef-cdd3-4067-baab-632eb4209386,61.06,HIGH,APPROVE WITH STRICT TERMS,65.93333333333334,2.0,0.5,Active
eed33eb4-3281-4816-b549-bd89327d8d68,86.9,VERY HIGH,REJECT,57.266666666666666,1.0,0.0,Active
686dfed8-df18-4517-9498-a138eda44333,0.0,VERY LOW,APPROVE,53.93333333333333,2.0,1.0,Active
a3b23aeb-a091-49a4-ad7b-cd173f8e371f,0.05,VERY LOW,APPROVE,21.8,1.0,1.0,Active
825eaacb-f277-4f32-90af-5d5f2d67d4e9,0.0,VERY LOW,APPROVE,61.333333333333336,0.0,0.5,Inactive
903b9423-c9e4-4d7c-9a32-f188149f261f,86.26,VERY HIGH,REJECT,70.5,2.0,0.5,Active
4d7a07f6-ba8f-4c3a-81e6-ba23c58dc84f,48.7,MEDIUM,APPROVE WITH CAUTION,73.9,2.0,0.5,Active
77d93334-6914-482c-b4a4-48b29f22f99b,0.0,VERY LOW,APPROVE,20.466666666666665,0.0,0.5,Active
086d0e00-a35a-47f8-a64e-a29906670778,82.84,VERY HIGH,REJECT,62.2,1.0,0.0,Active
5f38195e-0b5b-4ab8-a18a-99cefb409ec5,0.0,VERY LOW,APPROVE,59.166666666666664,0.0,0.5,Active
0ef40ce6-a06a-4e85-af8c-f1106ed23140,0.0,VERY LOW,APPROVE,46.733333333333334,4.0,1.0,Active
860b4630-2432-46b2-b6d5-5cfec3029bf1,0.0,VERY LOW,APPROVE,47.333333333333336,0.0,0.5,Inactive
4914579e-6197-43d8-ac1f-768590766ad3,0.0,VERY LOW,APPROVE,19.966666666666665,1.0,1.0,Active
138e539a-91a9-4162-84d3-81c537958d92,87.83,VERY HIGH,REJECT,31.133333333333333,3.0,0.3333333333333333,Active
d076c25f-c85d-4af6-ba3a-dfd44e6315ce,0.0,VERY LOW,APPROVE,47.13333333333333,1.0,1.0,Active
d37a4c03-00ed-4c1f-adc1-2e3f71a2425a,0.0,VERY LOW,APPROVE,20.966666666666665,0.0,0.5,Inactive
401e91ee-e7b8-4495-9b20-b7cbc4365bb7,0.0,VERY LOW,APPROVE,16.866666666666667,0.0,0.5,Active
8351341f-0e2e-415e-b465-4064a2b0b0f6,0.0,VERY LOW,APPROVE,22.266666666666666,1.0,1.0,Active
ceba77fd-1119-439e-8adb-bf5336e6030c,0.0,VERY LOW,APPROVE,51.06666666666667,1.0,1.0,Active
1867bb7e-bf16-40df-877e-f14cd3231f5d,0.0,VERY LOW,APPROVE,42.93333333333333,0.0,0.5,Active
19af819f-1f7f-4603-87ab-5c723d1a56db,0.0,VERY LOW,APPROVE,50.6,2.0,1.0,Active
c414bb08-5f57-48ae-94ea-811b5c6e590a,89.85,VERY HIGH,REJECT,54.4,3.0,0.3333333333333333,Active
08066106-eb88-4f35-9cb0-8b3cc3e9e054,0.0,VERY LOW,APPROVE,76.1,0.0,0.5,Active
8bec241f-945c-4d4f-a02a-dd010068e50a,0.0,VERY LOW,APPROVE,20.566666666666666,0.0,0.5,Active
95b8a6a2-2c0d-4a96-abc4-143c64bfed03,0.0,VERY LOW,APPROVE,43.7,1.0,1.0,Active
b29710f2-124e-4445-a4ae-3a845dbc1ba6,0.0,VERY LOW,APPROVE,21.0,1.0,1.0,Active
6c9a7837-9445-44fa-926b-9f7d47200266,0.0,VERY LOW,APPROVE,46.166666666666664,1.0,1.0,Active
b11af3cf-2426-48f2-a7bf-f495d6aa9773,0.0,VERY LOW,APPROVE,75.46666666666667,0.0,0.5,Active
ccb8b99e-d050-41b2-9c0e-07f01cbeea14,0.0,VERY LOW,APPROVE,20.9,1.0,1.0,Active
cd09f93b-c689-4358-b05e-87dbcec17657,0.0,VERY LOW,APPROVE,69.3,1.0,1.0,Active
8ac304d3-ea3e-4d91-a6ed-df3ee3a1f879,52.62,HIGH,APPROVE WITH STRICT TERMS,18.1,2.0,0.5,Active
ba8cfa50-9302-4982-b6d6-a3e0bc7c6d6e,80.99,VERY HIGH,REJECT,49.46666666666667,2.0,0.5,Active
02396857-2fb8-479f-9a18-c46162417934,0.0,VERY LOW,APPROVE,65.76666666666667,1.0,1.0,Active
b7d649fa-7644-4007-b5e2-a194c49aea64,0.0,VERY LOW,APPROVE,47.6,1.0,1.0,Active
a96d13ee-055d-4298-ab02-5289525db8d6,0.0,VERY LOW,APPROVE,36.13333333333333,1.0,1.0,Active
84261867-0872-41ed-bf57-e7ebf3458f3e,0.0,VERY LOW,APPROVE,46.6,2.0,1.0,Active
5b3a612a-536e-4458-858a-f8f733b95409,0.0,VERY LOW,APPROVE,37.333333333333336,0.0,0.5,Inactive
e4cc1dcf-27fc-43ae-af6b-2114042f0eea,0.0,VERY LOW,APPROVE,32.63333333333333,0.0,0.5,Active
f75a6cb5-4632-4ca1-90f7-1c13b38248a6,0.04,VERY LOW,APPROVE,57.833333333333336,1.0,1.0,Active
7da5ca57-a7d4-40a6-813a-d98ef863a8c4,77.5,VERY HIGH,REJECT,16.533333333333335,1.0,0.0,Active
fb089ce7-3cf8-4e61-bdc2-86e1571c928c,0.0,VERY LOW,APPROVE,41.0,0.0,0.5,Terminated
ac17c253-6b64-481b-bdba-37e7308da7ec,0.0,VERY LOW,APPROVE,40.9,1.0,1.0,Active
e30383a6-a177-41c3-86d3-2caa521a70e9,0.0,VERY LOW,APPROVE,59.266666666666666,2.0,1.0,Active
587a8b00-baa6-4de6-82fd-36562c1db631,0.0,VERY LOW,APPROVE,51.36666666666667,0.0,0.5,Inactive
4ed98b6e-3c4c-4249-bdd2-49e3665c2d00,0.0,VERY LOW,APPROVE,21.5,1.0,1.0,Active
14053a95-10bf-42ae-a8b9-39b7f780a24c,0.0,VERY LOW,APPROVE,59.6,0.0,0.5,Active
30ec5521-c34a-4943-8aa6-e6b04953f1fb,0.04,VERY LOW,APPROVE,21.266666666666666,1.0,1.0,Active
4c495192-63c1-4fe8-b07c-9008ae601ef7,93.16,VERY HIGH,REJECT,34.3,1.0,0.0,Active
2ac227b1-f769-491a-9263-79ade09da8f6,0.0,VERY LOW,APPROVE,67.66666666666667,0.0,0.5,Terminated
55558656-e74e-4fad-8662-827cfb127fdb,69.71,HIGH,APPROVE WITH STRICT TERMS,41.333333333333336,1.0,0.0,Active
e94639f9-04db-4263-b0e8-7f20e1845497,79.09,VERY HIGH,REJECT,63.96666666666667,2.0,0.5,Active
c05f0138-fe71-4b05-abb3-0929a8343094,0.0,VERY LOW,APPROVE,33.63333333333333,0.0,0.5,Active
345ca657-ae32-4a46-bd62-12918e79b707,90.6,VERY HIGH,REJECT,76.0,2.0,0.0,Active
2d9f6c56-df37-40ad-a85f-68113e4fd01a,0.0,VERY LOW,APPROVE,46.46666666666667,1.0,1.0,Active
938c6299-c646-4d4a-97f7-a359f6d390b3,0.0,VERY LOW,APPROVE,64.3,1.0,1.0,Active
52c7b570-7ddf-49ae-a2d9-fd6a01d1b196,0.0,VERY LOW,APPROVE,17.9,1.0,1.0,Active
2442d3c6-738b-40f2-bda3-40aff940f796,78.42,VERY HIGH,REJECT,49.56666666666667,1.0,0.0,Active
ca9a79b5-00a8-4562-9b6f-15f02a8feafc,0.0,VERY LOW,APPROVE,31.266666666666666,1.0,1.0,Active
97b0d2fc-350d-41e3-a03d-ff07b0ae3825,0.0,VERY LOW,APPROVE,35.06666666666667,0.0,0.5,Inactive
971b6396-842c-41f8-8e95-5406f5705ae6,0.0,VERY LOW,APPROVE,18.366666666666667,0.0,0.5,Active
829a0e59-619e-4cc0-a208-ecdcdcae8ba6,0.0,VERY LOW,APPROVE,75.06666666666666,1.0,1.0,Active
d6b44a3d-4b64-446a-a036-5d363f22ed43,73.82,VERY HIGH,REJECT,65.66666666666667,3.0,0.6666666666666666,Active
8d0f5fbd-00e6-4bd7-ba94-3c49139a05f0,67.04,HIGH,APPROVE WITH STRICT TERMS,53.8,2.0,0.5,Active
f52f8c2e-30fc-47c3-a98e-cfbbed0ee144,66.8,HIGH,APPROVE WITH STRICT TERMS,34.93333333333333,2.0,0.5,Active
817095d1-9bdc-4b2f-a78d-5541d74ab2a5,0.0,VERY LOW,APPROVE,21.766666666666666,0.0,0.5,Inactive
4ee02f55-8d60-4617-9253-2f47a2d4c7d1,0.0,VERY LOW,APPROVE,53.1,0.0,0.5,Active
989f1426-37b7-44f7-9d29-c23357548af1,0.0,VERY LOW,APPROVE,42.9,1.0,1.0,Active
507ed656-3deb-421e-a5f3-ceffc0b2b0f1,0.0,VERY LOW,APPROVE,69.03333333333333,0.0,0.5,Active
74f4529d-46ca-4960-8de3-33187b407f29,0.04,VERY LOW,APPROVE,38.5,1.0,1.0,Active
35514f9a-b926-47c5-9bbf-11f00c5540d7,0.0,VERY LOW,APPROVE,69.86666666666666,2.0,1.0,Active
17b49134-47f2-4b6d-8a60-68c0f177728b,0.04,VERY LOW,APPROVE,33.56666666666667,1.0,1.0,Active
d085142b-5996-4935-832e-dd75e1964e7d,0.0,VERY LOW,APPROVE,66.23333333333333,1.0,1.0,Active
1aa5fec7-3fdb-41a0-9511-9906874ff1b1,0.0,VERY LOW,APPROVE,43.833333333333336,2.0,1.0,Active
98247c84-c4d4-463c-b3e7-930443c3a804,0.0,VERY LOW,APPROVE,34.333333333333336,0.0,0.5,Active
189409d1-ffca-458a-a5bf-3f2e1bcee640,37.95,MEDIUM,APPROVE WITH CAUTION,67.93333333333334,1.0,0.0,Active
f2327564-3830-446d-a6d4-9697dc192f8a,0.0,VERY LOW,APPROVE,44.8,0.0,0.5,Terminated
c1b73ae9-0660-402c-8423-23d47c95dea0,0.0,VERY LOW,APPROVE,47.1,0.0,0.5,Active
69792010-6144-458d-a71c-ee7b409d3bd1,69.54,HIGH,APPROVE WITH STRICT TERMS,74.2,2.0,0.5,Active
920ff9a2-a5a5-41eb-9f6d-9b4dee7a8fa8,0.27,VERY LOW,APPROVE,68.73333333333333,1.0,1.0,Active
9a02ce12-ce57-4579-8deb-cf6ac1574a75,0.05,VERY LOW,APPROVE,36.1,1.0,1.0,Active
b73f517a-6847-4894-abab-41e73712e054,0.0,VERY LOW,APPROVE,71.83333333333333,1.0,1.0,Active
2f65ff7b-58d9-4002-b3ad-2c079808ca18,0.0,VERY LOW,APPROVE,72.7,0.0,0.5,Inactive
5cee3f23-5461-4ea1-9ad3-49ce58037160,61.33,HIGH,APPROVE WITH STRICT TERMS,69.96666666666667,2.0,0.5,Active
118c5aa4-4d22-47ff-ab48-b2102b49f879,47.2,MEDIUM,APPROVE WITH CAUTION,28.9,1.0,0.0,Active
380a91ac-026f-4446-a034-2a6d7adb272b,0.0,VERY LOW,APPROVE,42.5,0.0,0.5,Active
99bee7fa-a06a-4069-8fe3-2d9a5160f53c,0.0,VERY LOW,APPROVE,58.666666666666664,0.0,0.5,Terminated
30bebd7f-14ce-41af-9159-5a93124233b9,0.0,VERY LOW,APPROVE,30.933333333333334,0.0,0.5,Inactive
47903501-6db1-4051-8bfd-0ffa346ddf8f,59.36,HIGH,APPROVE WITH STRICT TERMS,37.46666666666667,1.0,0.0,Active
7559c771-158d-4d23-b880-54ee27cb22bd,0.0,VERY LOW,APPROVE,18.033333333333335,0.0,0.5,Terminated
939176cb-cd9d-4921-aa5f-c223a4d11f7c,0.0,VERY LOW,APPROVE,66.6,2.0,1.0,Active
2a538a60-a4ec-4974-9126-916dcb0d4d77,73.13,VERY HIGH,REJECT,39.833333333333336,1.0,0.0,Active
b5cbe6d8-6772-402c-a331-78ef8e6743a5,0.0,VERY LOW,APPROVE,51.266666666666666,0.0,0.5,Inactive
d42c4d15-083b-436f-8a92-710ee5dc232f,0.0,VERY LOW,APPROVE,52.53333333333333,0.0,0.5,Inactive
e8f6f5b3-f496-4305-a7df-34be9c8fb149,0.0,VERY LOW,APPROVE,76.26666666666667,1.0,1.0,Active
5b4beb45-d6f6-4448-bae2-ca2d949a3b1c,0.04,VERY LOW,APPROVE,20.533333333333335,1.0,1.0,Active
35b3937c-e8b9-4d42-9bd2-67e7d3f92b57,0.0,VERY LOW,APPROVE,27.366666666666667,0.0,0.5,Inactive
2806476d-254f-4256-863d-6eb7c21fd144,92.74,VERY HIGH,REJECT,36.766666666666666,4.0,0.75,Active
5302deff-8dc1-46bc-872f-fd72750c2595,0.0,VERY LOW,APPROVE,74.93333333333334,0.0,0.5,Inactive
f96df776-e836-4e8d-8f0c-9ea9466c9563,0.0,VERY LOW,APPROVE,34.833333333333336,1.0,1.0,Active
f2169cf1-fe9f-47c6-9140-9755abaf8b73,0.0,VERY LOW,APPROVE,48.3,1.0,1.0,Active
92bec712-56f7-421d-a446-4b5f631d534c,0.0,VERY LOW,APPROVE,61.0,0.0,0.5,Active
d73c6a9a-44fe-4e55-9eb4-13bca3432ed4,0.0,VERY LOW,APPROVE,19.0,1.0,1.0,Active
fb97c63b-f459-4206-8904-0b2daed52ef7,72.13,VERY HIGH,REJECT,25.6,2.0,0.5,Active
2ce1cb24-54d2-4b4d-a2ab-7473ad56042a,0.0,VERY LOW,APPROVE,20.4,2.0,1.0,Active
3ad0a51d-3e77-4cab-a67c-bfe81ad96db4,0.0,VERY LOW,APPROVE,48.36666666666667,0.0,0.5,Active
1e05205a-8854-4a09-a2f6-844a8b48c783,49.44,MEDIUM,APPROVE WITH CAUTION,41.43333333333333,1.0,0.0,Active
569963ae-c358-41c3-b43b-15f6ba3c0dd6,31.0,MEDIUM,APPROVE WITH CAUTION,50.93333333333333,1.0,0.0,Active
2af6f809-fc38-45d5-b156-7437def562ed,0.0,VERY LOW,APPROVE,55.13333333333333,0.0,0.5,Inactive
9356d70c-d7fe-428f-a7a6-e1616f431e7a,0.0,VERY LOW,APPROVE,27.2,1.0,1.0,Active
3adc5589-e053-4c8d-91be-f7a2fd816d76,54.34,HIGH,APPROVE WITH STRICT TERMS,19.5,1.0,0.0,Active
8559d9ee-8c95-4223-9c61-e1e9ae9d463e,73.89,VERY HIGH,REJECT,67.23333333333333,1.0,0.0,Active
4a418dec-81e9-4738-a5d6-212635e4d405,0.0,VERY LOW,APPROVE,18.5,1.0,1.0,Active
6439294e-1ee0-41f1-8e4e-1b688b1d65e2,0.0,VERY LOW,APPROVE,59.166666666666664,0.0,0.5,Active
fb081103-5412-4911-977d-b21b5c620c6c,59.69,HIGH,APPROVE WITH STRICT TERMS,49.96666666666667,2.0,0.5,Active
f110c3bc-4660-4baf-b5d5-9100d866269d,97.24,VERY HIGH,REJECT,38.333333333333336,3.0,0.3333333333333333,Active
c6cee604-4dc6-4035-bae1-88ee23113c76,0.0,VERY LOW,APPROVE,56.2,1.0,1.0,Active
f2630b1b-410e-40a9-824c-77037f3bc235,84.75,VERY HIGH,REJECT,31.766666666666666,1.0,0.0,Active
0649e34b-7a99-4da9-ae4f-4244166d4347,0.04,VERY LOW,APPROVE,38.36666666666667,1.0,1.0,Active
cf018435-4ce5-4c28-ae59-6b567fb3998d,81.56,VERY HIGH,REJECT,54.8,3.0,0.6666666666666666,Active
3cd75d4e-c39a-48fe-a73b-a166d45ca641,0.0,VERY LOW,APPROVE,74.5,1.0,1.0,Active
a7c82b3f-f667-4408-92ac-54078c4e5003,0.0,VERY LOW,APPROVE,32.03333333333333,0.0,0.5,Inactive
20341216-aa3e-414d-8e10-0baae0bb80d6,97.06,VERY HIGH,REJECT,67.43333333333334,2.0,0.0,Active
d7183bad-d58a-40a1-bf0c-2a926906d8aa,0.0,VERY LOW,APPROVE,26.566666666666666,0.0,0.5,Active
68188e30-3053-4d90-a145-b3e18118c4d9,96.22,VERY HIGH,REJECT,68.6,4.0,0.0,Active
1b36fb50-4f62-4dc4-8081-406fdfe68add,0.04,VERY LOW,APPROVE,32.86666666666667,2.0,1.0,Active
14d924ea-7ad8-441e-948f-479369adb4e1,0.0,VERY LOW,APPROVE,60.06666666666667,2.0,1.0,Active
5e5bee69-164b-45a6-815f-42603e5f1284,46.79,MEDIUM,APPROVE WITH CAUTION,17.733333333333334,1.0,0.0,Active
6b4ca79f-ddc8-4d6d-806e-7ac2163ebeb5,0.71,VERY LOW,APPROVE,71.1,2.0,1.0,Active
16454465-bc25-42d1-8dd6-2c6e056b4477,0.0,VERY LOW,APPROVE,54.93333333333333,0.0,0.5,Inactive
ea552579-cc56-48a7-9353-39682498a7e6,88.33,VERY HIGH,REJECT,46.03333333333333,3.0,0.3333333333333333,Active
7a7a842d-bd5d-4cb7-8662-e49c244d34f4,0.0,VERY LOW,APPROVE,55.2,1.0,1.0,Active
bd89c785-cff5-4c42-bd1c-31c1d99705de,0.0,VERY LOW,APPROVE,68.1,0.0,0.5,Terminated
530b1056-cffe-4e31-b797-e37c063fb7f4,0.04,VERY LOW,APPROVE,25.666666666666668,1.0,1.0,Active
68dc1981-5610-4677-911a-f652caecf3af,63.07,HIGH,APPROVE WITH STRICT TERMS,38.0,1.0,0.0,Active
7df8955b-1146-46ea-b176-35df17218416,0.0,VERY LOW,APPROVE,75.43333333333334,0.0,0.5,Active
de702522-42b5-49ef-bc55-1c228e25dff8,0.13,VERY LOW,APPROVE,20.4,1.0,1.0,Active
51d73168-7362-43ca-ada3-0a32036965ea,0.0,VERY LOW,APPROVE,67.93333333333334,1.0,1.0,Active
89aaaaef-b497-455d-939f-d4bd8440d851,0.31,VERY LOW,APPROVE,27.666666666666668,1.0,1.0,Active
8bb0aedf-4422-43ca-8cfd-b0167446c6fc,0.0,VERY LOW,APPROVE,51.36666666666667,0.0,0.5,Inactive
3ec3041d-c8ef-49d6-8eeb-c71690ed3f88,0.0,VERY LOW,APPROVE,48.0,1.0,1.0,Active
a0ccad37-ea6f-450b-9586-47f51f916064,0.0,VERY LOW,APPROVE,17.466666666666665,0.0,0.5,Active
3473a8e4-b044-4733-a04a-2ed485d24b36,0.0,VERY LOW,APPROVE,35.4,0.0,0.5,Active
d19c80ef-eb7e-4569-ae0e-a01eedef12e6,0.0,VERY LOW,APPROVE,43.6,0.0,0.5,Active
9ae8ad74-b570-4192-ab83-7b4763d63fd3,91.85,VERY HIGH,REJECT,59.8,4.0,0.75,Active
a1f77221-0cb0-4a55-b449-b9828ff564d1,0.13,VERY LOW,APPROVE,34.266666666666666,1.0,1.0,Active
db55bea5-2e52-4327-82d5-bb22fe5e326b,0.0,VERY LOW,APPROVE,23.1,0.0,0.5,Active
99c72f3d-32d9-4807-b967-6e948aa864f5,27.78,LOW,APPROVE,43.766666666666666,1.0,0.0,Active
3b19471a-be17-43a1-8e33-f1b1e3f141ff,0.0,VERY LOW,APPROVE,23.2,0.0,0.5,Active
5c5c8051-e2c3-4ab6-8047-1db2cbad3d8d,41.84,MEDIUM,APPROVE WITH CAUTION,41.9,1.0,0.0,Active
1fd28431-d08c-45af-8cdb-605853a47b1a,0.0,VERY LOW,APPROVE,47.2,3.0,1.0,Active
6bb2bd36-a138-4b54-9bb0-e675cf67d8e7,2.04,VERY LOW,APPROVE,76.13333333333334,1.0,1.0,Active
97672593-4dd4-490d-a0f7-a6f8c13373d8,0.0,VERY LOW,APPROVE,42.4,0.0,0.5,Active
2cbb74c7-0f2e-4bb5-a53b-707e70f08345,0.0,VERY LOW,APPROVE,24.0,0.0,0.5,Inactive
51d8eab0-4fce-4abc-b24d-53818226aa2e,0.0,VERY LOW,APPROVE,76.7,0.0,0.5,Terminated
d88a1f18-7535-4a3f-985d-7d6cf6b347bd,0.0,VERY LOW,APPROVE,46.766666666666666,0.0,0.5,Active
28765637-ca1d-49e1-91b4-4991c62bcd28,0.0,VERY LOW,APPROVE,21.433333333333334,1.0,1.0,Active
38c66553-6f3b-4683-817d-af6b906dbdaa,0.0,VERY LOW,APPROVE,49.1,0.0,0.5,Inactive
500d1175-cd57-4c3c-9372-341c24297eef,96.2,VERY HIGH,REJECT,28.666666666666668,4.0,0.5,Active
edde4590-4e6f-4f79-84b6-bcd2d9d657f5,90.29,VERY HIGH,REJECT,76.66666666666667,2.0,0.0,Active
8f222929-107a-4673-b962-788310f7235b,0.0,VERY LOW,APPROVE,68.13333333333334,0.0,0.5,Active
cb2407c9-5f46-4ab5-bf36-d48ecd619379,0.0,VERY LOW,APPROVE,17.133333333333333,0.0,0.5,Active
52be077c-fbc1-41b3-ad99-9ee9377f6992,89.22,VERY HIGH,REJECT,55.03333333333333,2.0,0.0,Active
6a101657-1b5f-4168-801e-78d265ce6f67,0.0,VERY LOW,APPROVE,68.4,0.0,0.5,Terminated
fcb2b3d5-293d-4692-ae63-b2aa80f445a4,0.0,VERY LOW,APPROVE,50.2,0.0,0.5,Inactive
3df6cd8e-e314-4199-8440-f90cf1440674,78.58,VERY HIGH,REJECT,43.53333333333333,2.0,0.0,Active
e26aa388-c296-4e56-a488-9620b07ffe59,0.0,VERY LOW,APPROVE,49.56666666666667,0.0,0.5,Inactive
10c006b6-7268-47c1-b17e-170e5c7bd3d9,0.0,VERY LOW,APPROVE,18.133333333333333,0.0,0.5,Active
2262178f-b390-4d1e-ba21-f4b6f86a9c34,65.61,HIGH,APPROVE WITH STRICT TERMS,70.36666666666666,2.0,0.5,Active
44f74933-f567-4fcf-af40-4c7e39672334,72.88,VERY HIGH,REJECT,75.1,1.0,0.0,Active
c35ee963-59c2-4255-863f-e7982a96a426,0.0,VERY LOW,APPROVE,75.93333333333334,0.0,0.5,Terminated
f063f3d5-c65f-4399-8740-5911a4d56728,81.03,VERY HIGH,REJECT,63.7,2.0,0.5,Active
4abc9c02-3545-4e0a-a1bb-40dd7f860869,0.0,VERY LOW,APPROVE,67.23333333333333,1.0,1.0,Active
0cc46a52-6695-46c4-8a6c-9e1ded176132,0.0,VERY LOW,APPROVE,45.63333333333333,0.0,0.5,Inactive
f7bb9c9b-d71e-45ab-a031-0f93f04c041b,66.26,HIGH,APPROVE WITH STRICT TERMS,56.6,2.0,0.5,Active
b2da7b21-55fe-493e-ab3b-100278d569a8,0.0,VERY LOW,APPROVE,71.56666666666666,1.0,1.0,Active
d473c020-00ba-4e07-acbc-f42897a2905e,0.0,VERY LOW,APPROVE,46.5,0.0,0.5,Terminated
7bc61b80-31c6-4090-ac70-585a540cdaea,80.26,VERY HIGH,REJECT,57.86666666666667,2.0,0.5,Active
e7ee4c82-ffc3-46aa-827e-2768c64049ac,0.0,VERY LOW,APPROVE,50.333333333333336,1.0,1.0,Active
3e387437-4da9-4254-838c-f73de81e5248,95.81,VERY HIGH,REJECT,69.83333333333333,3.0,0.3333333333333333,Active
1c5d7512-55e0-44c4-b254-a396e309879b,85.88,VERY HIGH,REJECT,76.96666666666667,2.0,0.0,Active
b616cda1-b158-4e19-ad57-5c058932bbdf,0.0,VERY LOW,APPROVE,59.4,0.0,0.5,Inactive
76dbc8a4-2213-4348-ace8-6c89389ba77b,71.78,VERY HIGH,REJECT,70.9,1.0,0.0,Active
89c2a9a1-b5ba-468c-9127-d8a6929043da,0.0,VERY LOW,APPROVE,60.46666666666667,0.0,0.5,Inactive
75e26676-b9be-49a5-8240-e0fa3b2451ea,90.02,VERY HIGH,REJECT,22.5,2.0,0.0,Active
384b28e0-4aee-479f-a1ff-355a6872fcc2,0.0,VERY LOW,APPROVE,74.1,0.0,0.5,Inactive
ffa3e96b-2c84-4a23-9b98-9219606bf213,0.0,VERY LOW,APPROVE,51.43333333333333,1.0,1.0,Active
7ef56777-b558-4253-9182-e5b07b690d7b,0.0,VERY LOW,APPROVE,43.03333333333333,2.0,1.0,Active
873ad6e5-e3b7-44fa-86ec-ac12dec6b83f,0.0,VERY LOW,APPROVE,24.9,0.0,0.5,Active
cbf6b00d-2df1-45f9-aebd-281069167a63,0.0,VERY LOW,APPROVE,46.733333333333334,2.0,1.0,Active
7d9db57f-48c3-4bd0-98bf-c6fe45d705fc,0.0,VERY LOW,APPROVE,33.53333333333333,1.0,1.0,Active
3c60c602-6ce5-44af-aa5c-5fffafbe83e4,64.01,HIGH,APPROVE WITH STRICT TERMS,50.13333333333333,2.0,0.5,Active
e9f50a99-c441-4bcc-b6cc-1194d041ffa6,80.52,VERY HIGH,REJECT,52.43333333333333,3.0,0.6666666666666666,Active
d942f1ac-9108-4190-84b0-f4047dea863b,0.0,VERY LOW,APPROVE,76.03333333333333,1.0,1.0,Active
1f5173bd-7923-44b0-bde3-c46f68105f55,0.0,VERY LOW,APPROVE,61.833333333333336,0.0,0.5,Active
035dd155-aa11-4359-92b1-8659d22a8cf2,0.0,VERY LOW,APPROVE,27.366666666666667,0.0,0.5,Inactive
c4e069b9-eb86-4a2c-b8f4-7e1b0ebfc80b,0.0,VERY LOW,APPROVE,55.13333333333333,0.0,0.5,Inactive
8a80232a-c2cf-400b-b01c-8cff73828fd9,0.0,VERY LOW,APPROVE,63.233333333333334,2.0,1.0,Active
ccb03193-b2f5-4b29-be78-f3d7a4b69956,44.95,MEDIUM,APPROVE WITH CAUTION,75.73333333333333,1.0,0.0,Active
46373c24-2629-4161-a5f4-fc1b819ac662,0.0,VERY LOW,APPROVE,76.93333333333334,1.0,1.0,Active
eac89aa0-fa93-4edd-af32-a55786393ba8,0.0,VERY LOW,APPROVE,49.1,1.0,1.0,Active
0b2d9eaf-9601-4be7-a9a4-2b3c6bc4ef11,0.0,VERY LOW,APPROVE,40.266666666666666,0.0,0.5,Inactive
77446b19-66cb-4bd6-87e8-c1cbcfc28242,0.0,VERY LOW,APPROVE,49.86666666666667,0.0,0.5,Inactive
c755c15a-07a9-489b-bab6-7a57dd2434ca,0.0,VERY LOW,APPROVE,52.53333333333333,1.0,1.0,Active
cb26d9f1-3c3a-4a3a-8b9b-138f99d98d49,0.0,VERY LOW,APPROVE,26.8,0.0,0.5,Inactive
ea6c4460-aebd-4c6d-a651-68d16eb081aa,0.0,VERY LOW,APPROVE,74.23333333333333,0.0,0.5,Active
3a4319bf-9bbe-4d47-9bc3-d966d03baf78,0.04,VERY LOW,APPROVE,60.06666666666667,1.0,1.0,Active
68c009f4-163b-44ac-b121-d9f5a2fbc019,0.0,VERY LOW,APPROVE,29.2,0.0,0.5,Inactive
70482837-5fe7-4ae9-a720-3b4f23d17733,0.0,VERY LOW,APPROVE,64.76666666666667,2.0,1.0,Active
28832094-0ad1-4e04-9c7b-4e1cb4c203db,0.04,VERY LOW,APPROVE,45.53333333333333,1.0,1.0,Active
634b5c22-c737-4f92-ab8c-dcf805bceb6e,0.0,VERY LOW,APPROVE,66.4,1.0,1.0,Active
f7199525-3258-4c87-a267-1c62dd1e9334,0.0,VERY LOW,APPROVE,29.833333333333332,0.0,0.5,Active
f41a4bbf-c9a2-4ed4-bff2-515dd49149b3,0.0,VERY LOW,APPROVE,39.13333333333333,0.0,0.5,Active
bfcb1795-f24d-4e6f-9a0d-3b228b7799f3,0.0,VERY LOW,APPROVE,29.9,1.0,1.0,Active
8463e71c-7379-498e-befe-8ae5043460a0,0.0,VERY LOW,APPROVE,61.63333333333333,0.0,0.5,Active
82ca273e-19dc-485c-8ad5-58d7e911309e,0.0,VERY LOW,APPROVE,70.8,0.0,0.5,Inactive
26819d75-ffe3-4434-bee5-fa7ea3d6cf7e,0.0,VERY LOW,APPROVE,50.766666666666666,2.0,1.0,Active
17d72314-6ec4-47b9-8969-8a5e4062abd8,57.99,HIGH,APPROVE WITH STRICT TERMS,40.86666666666667,4.0,0.75,Active
5904b2e6-b76d-4b59-aaf7-f35a2673621f,0.0,VERY LOW,APPROVE,59.43333333333333,0.0,0.5,Inactive
0198ef9a-63b3-4407-8f68-832053052fdc,70.31,VERY HIGH,REJECT,36.46666666666667,1.0,0.0,Active
280d782a-2c2a-426a-8e35-8ef20255f3e9,0.0,VERY LOW,APPROVE,67.03333333333333,0.0,0.5,Terminated
bdab23ea-666b-469c-91a2-61727a99cd3d,0.26,VERY LOW,APPROVE,28.4,1.0,1.0,Active
07a9fc4e-64c1-4f8b-a01a-352d1a14d699,0.0,VERY LOW,APPROVE,53.56666666666667,0.0,0.5,Inactive
a6cc09b0-aeaf-44ee-a7fd-0ca36055fd4d,0.0,VERY LOW,APPROVE,28.2,0.0,0.5,Inactive
54216169-dfd4-4859-b1bb-b53b39d69606,0.0,VERY LOW,APPROVE,31.5,0.0,0.5,Terminated
87347fd3-f12b-47a0-85ed-80877db9c5cc,0.0,VERY LOW,APPROVE,47.13333333333333,1.0,1.0,Active
6bf427f6-171e-41b8-b525-761fe3205de2,0.0,VERY LOW,APPROVE,64.2,2.0,1.0,Active
d4035ab7-b512-494f-9580-92d8a332ad9a,0.0,VERY LOW,APPROVE,45.766666666666666,0.0,0.5,Active
3573908e-d4cc-4787-b4fa-9c565cc9490b,0.0,VERY LOW,APPROVE,51.93333333333333,0.0,0.5,Inactive
3ebd50d7-2dcf-4b46-b189-ebc32f9e208a,65.18,HIGH,APPROVE WITH STRICT TERMS,28.7,1.0,0.0,Active
269dd074-4476-4f8e-8f3b-1576c6d3a99a,76.47,VERY HIGH,REJECT,42.5,2.0,0.5,Active
2868e667-202a-47a3-b527-1ae584edb7ba,0.0,VERY LOW,APPROVE,23.166666666666668,2.0,1.0,Active
a44b13f8-cfb4-4219-8eb5-0d811d893037,0.0,VERY LOW,APPROVE,70.8,1.0,1.0,Active
f97e784b-3c21-4223-9fc0-a0486989ea51,0.0,VERY LOW,APPROVE,18.233333333333334,2.0,1.0,Active
ffc17239-e97f-42ee-b5d3-b3d287de8cf0,0.0,VERY LOW,APPROVE,37.96666666666667,0.0,0.5,Inactive
36b55a06-4309-4345-92b4-66999c665ba0,0.0,VERY LOW,APPROVE,25.533333333333335,0.0,0.5,Inactive
fca3e894-de6c-461c-9c56-09c6cc22cc01,77.06,VERY HIGH,REJECT,66.9,1.0,0.0,Active
5903adf9-e135-4ea4-9d09-d84809e6d273,0.0,VERY LOW,APPROVE,53.266666666666666,0.0,0.5,Inactive
5d619ace-79ff-44e7-b453-163708379595,85.08,VERY HIGH,REJECT,40.4,3.0,0.6666666666666666,Active
172bd653-0f2c-4cea-aa01-3b423b0e3552,63.35,HIGH,APPROVE WITH STRICT TERMS,35.43333333333333,1.0,0.0,Active
7b8d85aa-08ce-4de9-aa01-95464770bf84,0.0,VERY LOW,APPROVE,63.166666666666664,1.0,1.0,Active
e2855cff-0e72-45ac-9e31-346f67283e0b,49.67,MEDIUM,APPROVE WITH CAUTION,50.0,1.0,0.0,Active
9f5220f3-8652-4d94-a47b-a76bb86a8d70,0.0,VERY LOW,APPROVE,20.8,1.0,1.0,Active
19091344-a9ea-4936-afa0-32da3d8f1d6f,0.0,VERY LOW,APPROVE,47.333333333333336,2.0,1.0,Active
e823c503-80b0-49a4-b719-0722cdb55a0e,0.0,VERY LOW,APPROVE,38.13333333333333,0.0,0.5,Inactive
ae7d4f0b-8802-4fa1-a46b-7d0f84155416,94.93,VERY HIGH,REJECT,25.233333333333334,3.0,0.3333333333333333,Active
f6185b16-28c2-49bd-a685-57d3f505c994,54.8,HIGH,APPROVE WITH STRICT TERMS,42.56666666666667,4.0,0.75,Active
e8b80b4a-7a2c-42b5-9800-099818174cb7,0.0,VERY LOW,APPROVE,71.73333333333333,1.0,1.0,Active
d00fddff-b2fa-4a1f-a390-7c23d202003b,0.0,VERY LOW,APPROVE,16.8,2.0,1.0,Active
3c25708d-9085-4f27-bea4-644b91d24690,0.0,VERY LOW,APPROVE,29.966666666666665,1.0,1.0,Active
9b64ac6c-4128-4da2-b5f2-376481d3ce51,0.0,VERY LOW,APPROVE,56.13333333333333,2.0,1.0,Active
7930ff1d-3ab8-47c9-be63-1e7bab8b214e,0.0,VERY LOW,APPROVE,18.0,0.0,0.5,Active
ac5832d6-0382-47f9-9207-4950efc2fd15,0.0,VERY LOW,APPROVE,31.3,0.0,0.5,Active
4ef2ba6b-12c7-4a68-8a73-117cc2909cb6,0.05,VERY LOW,APPROVE,34.06666666666667,1.0,1.0,Active
930ba5da-e412-464f-b855-6f9bdbf28d2f,0.0,VERY LOW,APPROVE,46.7,0.0,0.5,Active
c69a8e64-3f21-4ccd-9776-64ebf9dd05a7,0.0,VERY LOW,APPROVE,75.16666666666667,0.0,0.5,Active
56f8dd04-845e-43ff-9b47-fb8debe7884a,0.0,VERY LOW,APPROVE,33.96666666666667,1.0,1.0,Active
9665842e-1c0c-4fed-b5df-8a883ec10531,0.0,VERY LOW,APPROVE,55.0,0.0,0.5,Inactive
0c0970ab-9a30-455c-9599-1ae0d46b4271,0.0,VERY LOW,APPROVE,38.93333333333333,1.0,1.0,Active
85aa4bd6-7841-4dd8-b998-452ef6fdc32e,0.0,VERY LOW,APPROVE,51.93333333333333,2.0,1.0,Active
46729f6b-eb8c-4943-ad46-823bfb1d111d,54.51,HIGH,APPROVE WITH STRICT TERMS,41.03333333333333,4.0,0.75,Active
6c0842c9-a1df-4532-ac1d-57dc8ef3fc88,0.0,VERY LOW,APPROVE,56.6,2.0,1.0,Active
948991d7-d73a-4251-9acb-cbd3d9a01c9e,0.0,VERY LOW,APPROVE,52.766666666666666,0.0,0.5,Active
e19dca2b-2f7e-401f-8604-6866dad63dba,31.3,MEDIUM,APPROVE WITH CAUTION,48.13333333333333,1.0,0.0,Active
777c81ba-b807-47f6-afbd-045a783ebd10,0.04,VERY LOW,APPROVE,40.43333333333333,1.0,1.0,Active
da6080be-e532-4f77-a036-dfa91a17f085,0.05,VERY LOW,APPROVE,38.4,1.0,1.0,Active
be454688-5203-43ca-9564-fa058a2bb9cf,0.0,VERY LOW,APPROVE,41.13333333333333,0.0,0.5,Inactive
d9c08a5a-f2bc-41e7-9d8e-bf2d951f4f67,59.64,HIGH,APPROVE WITH STRICT TERMS,28.2,1.0,0.0,Active
8724dd99-55dd-489f-bb4d-80a5afe2fdeb,64.73,HIGH,APPROVE WITH STRICT TERMS,58.4,1.0,0.0,Active
f6e8dfce-e5ac-4f82-970b-032577a29328,0.0,VERY LOW,APPROVE,73.4,0.0,0.5,Active
63f48b52-7d1c-4180-b24b-b18c6a9cfaf0,89.6,VERY HIGH,REJECT,42.5,4.0,0.75,Active
ee51d70c-0bf2-41c4-ac25-6550b3b7e793,0.0,VERY LOW,APPROVE,57.833333333333336,1.0,1.0,Active
ce1905c9-7a7b-4184-8f1e-0a8fb344da23,0.0,VERY LOW,APPROVE,59.4,0.0,0.5,Inactive
7c9288db-5e89-4f75-8b0a-f67e05ea1b7b,0.0,VERY LOW,APPROVE,41.36666666666667,2.0,1.0,Active
7c49683a-c671-4e5e-87f5-2be86b6e622d,0.04,VERY LOW,APPROVE,32.0,1.0,1.0,Active
273ca087-e748-4eb6-8d75-2a1e816ce0ac,53.97,HIGH,APPROVE WITH STRICT TERMS,36.6,3.0,0.6666666666666666,Active
d9d23a01-643e-4a04-86b9-e6325df943a6,0.0,VERY LOW,APPROVE,37.6,0.0,0.5,Inactive
5cb7eb3d-8616-4cdf-8769-e29d950c985b,0.05,VERY LOW,APPROVE,42.4,1.0,1.0,Active
e0cb62fe-a065-407d-abaf-9289cb2eca99,0.0,VERY LOW,APPROVE,64.93333333333334,0.0,0.5,Active
4225c884-6baa-47ec-a620-d603f3f5ff0d,91.25,VERY HIGH,REJECT,47.3,4.0,0.5,Active
e0768986-e3b4-4888-87c5-00684cd1443c,0.0,VERY LOW,APPROVE,37.06666666666667,0.0,0.5,Inactive
cdfaf88e-8c74-4424-833a-6cd37ebcefea,0.0,VERY LOW,APPROVE,63.7,0.0,0.5,Inactive
f81f8dfd-4771-4896-bda9-42f39398932b,0.0,VERY LOW,APPROVE,43.166666666666664,0.0,0.5,Inactive
90d254b3-93c0-4bbc-9e5c-d31fd4a0d8a4,0.0,VERY LOW,APPROVE,32.9,2.0,1.0,Active
3bde02c4-e87b-46e1-ab2b-8cace5865e12,0.0,VERY LOW,APPROVE,70.73333333333333,0.0,0.5,Inactive
50101597-3a8b-4cc4-a95d-edcde0733124,73.76,VERY HIGH,REJECT,26.633333333333333,1.0,0.0,Active
0082e37a-9ff1-42db-acc1-39e5322edabb,0.0,VERY LOW,APPROVE,23.033333333333335,0.0,0.5,Active
5694d10a-af11-4e94-a734-fba337be829b,0.0,VERY LOW,APPROVE,64.4,1.0,1.0,Active
b78b3d0f-258c-417a-a39c-fef03b53f0a8,0.0,VERY LOW,APPROVE,28.833333333333332,0.0,0.5,Inactive
1674b001-ff49-4a3e-8b36-e6378fe5a127,0.0,VERY LOW,APPROVE,49.06666666666667,1.0,1.0,Active
78112995-4282-493f-9ea6-29b60516f593,0.0,VERY LOW,APPROVE,43.1,0.0,0.5,Inactive
5fd36ad6-e1dc-4b2d-bc63-31caf255b7e8,0.0,VERY LOW,APPROVE,51.733333333333334,1.0,1.0,Active
c2a0cd2c-6eba-4bd6-9eeb-67ed3386ddac,0.0,VERY LOW,APPROVE,63.93333333333333,2.0,1.0,Active
c059ee0c-cf5f-41e5-baed-3f7b4dfa11ce,0.0,VERY LOW,APPROVE,54.36666666666667,0.0,0.5,Inactive
d4c869b7-fed9-4779-8455-5825d936bf24,0.0,VERY LOW,APPROVE,71.46666666666667,2.0,1.0,Active
1cc59cb5-d050-42ce-93a6-31a4737b61d7,66.69,HIGH,APPROVE WITH STRICT TERMS,48.46666666666667,1.0,0.0,Active
2591b998-0492-45f1-97a2-a4f7f53244bb,0.0,VERY LOW,APPROVE,69.9,1.0,1.0,Active
2fa8287e-c9b6-45f4-a8d8-175fc110cc4d,0.0,VERY LOW,APPROVE,63.36666666666667,0.0,0.5,Active
86a74d35-c91c-4ead-b9bf-53cd99af037c,63.83,HIGH,APPROVE WITH STRICT TERMS,76.43333333333334,2.0,0.5,Active
159499ca-035a-4ea4-a12e-62ccf551d37a,0.0,VERY LOW,APPROVE,61.53333333333333,2.0,1.0,Active
12cb2c1d-a13e-41b7-ad10-a5b07a5e0874,85.53,VERY HIGH,REJECT,66.9,4.0,0.75,Active
cfb5489a-9146-48bd-aceb-15c6276a4262,80.3,VERY HIGH,REJECT,31.733333333333334,3.0,0.6666666666666666,Active
d21878fa-85b6-42df-94da-a07f7b7c2b39,0.0,VERY LOW,APPROVE,31.233333333333334,1.0,1.0,Active
1eef2c48-13c0-4c5e-936c-2782a5559373,53.58,HIGH,APPROVE WITH STRICT TERMS,18.766666666666666,4.0,0.75,Active
61f59494-cd57-4eea-9040-daa2780fbcb4,88.38,VERY HIGH,REJECT,58.03333333333333,1.0,0.0,Active
1e6283c8-7dfb-44f8-a133-aa63b676c50d,0.0,VERY LOW,APPROVE,29.3,1.0,1.0,Active
6e6f0e62-5666-4400-be0d-158524fd9613,0.93,VERY LOW,APPROVE,40.13333333333333,4.0,1.0,Active
48ce646b-d4f7-4234-a7b4-8abbd8933bf5,0.0,VERY LOW,APPROVE,55.56666666666667,1.0,1.0,Active
25b8cbb5-79ee-4176-869a-39b331d001ac,0.0,VERY LOW,APPROVE,42.8,0.0,0.5,Terminated
c60a0251-8d31-4f4e-9139-02b31ba56525,96.87,VERY HIGH,REJECT,49.56666666666667,2.0,0.0,Active
1a9742f1-a687-4290-9b5c-026e4f560100,0.0,VERY LOW,APPROVE,54.03333333333333,1.0,1.0,Active
9f86641d-8dd9-4918-a762-205377b88d5d,87.34,VERY HIGH,REJECT,29.166666666666668,1.0,0.0,Active
58f7f27a-d238-4dd8-b508-859cf9161b4e,76.47,VERY HIGH,REJECT,37.06666666666667,1.0,0.0,Active
149b38c9-2ec7-4858-b783-794b9c12a029,0.34,VERY LOW,APPROVE,74.26666666666667,1.0,1.0,Active
b3cb1981-5b3e-47ca-bcf5-d6f78e55b8ab,0.0,VERY LOW,APPROVE,47.43333333333333,0.0,0.5,Inactive
2ab70f02-5aa4-4973-bce2-da1883d0bf24,0.0,VERY LOW,APPROVE,39.8,1.0,1.0,Active
815e92f4-479d-425e-86bb-3445b3e40bad,60.52,HIGH,APPROVE WITH STRICT TERMS,75.96666666666667,2.0,0.5,Active
0cd5a81b-8923-438d-9df5-ae3629798eb8,48.06,MEDIUM,APPROVE WITH CAUTION,22.666666666666668,4.0,0.75,Active
18ba9575-75af-4484-aa78-eccfda27a55e,92.71,VERY HIGH,REJECT,45.333333333333336,2.0,0.0,Active
68fb143a-6064-4b39-b7a7-f65fc9d20b49,0.0,VERY LOW,APPROVE,33.7,2.0,1.0,Active
f008e922-d8fa-4124-a249-3623074759a4,0.0,VERY LOW,APPROVE,64.1,4.0,1.0,Active
8accbf97-a647-4b20-b92a-a45acd440d9a,0.0,VERY LOW,APPROVE,48.06666666666667,1.0,1.0,Active
5ec64d75-a395-43fd-b08e-c9fbe35a42e4,0.27,VERY LOW,APPROVE,66.43333333333334,1.0,1.0,Active
3d5f4162-002d-4f4d-b970-cdfca3450504,92.66,VERY HIGH,REJECT,52.9,1.0,0.0,Active
c4a66449-7767-481c-b7d2-af3a19f6c7f2,0.0,VERY LOW,APPROVE,39.36666666666667,0.0,0.5,Inactive
bf4006ff-4ff4-402a-898e-0edf7245c538,37.53,MEDIUM,APPROVE WITH CAUTION,69.93333333333334,3.0,0.6666666666666666,Active
86a5e232-9b8a-48b4-a8c5-896f95257add,55.76,HIGH,APPROVE WITH STRICT TERMS,27.8,4.0,0.75,Active
e0ca4054-3704-44fe-9540-c5af45b06439,0.0,VERY LOW,APPROVE,60.2,2.0,1.0,Active
d174b999-f539-47de-b44b-17ab534cef02,0.34,VERY LOW,APPROVE,74.03333333333333,2.0,1.0,Active
f361ed16-5486-4585-b886-3bcfd1544a99,0.0,VERY LOW,APPROVE,32.3,1.0,1.0,Active
1e0d5516-0515-4f3f-a60e-f9d448aaee1a,78.72,VERY HIGH,REJECT,60.333333333333336,1.0,0.0,Active
a7bbdd5e-e376-46d6-a9b0-7f9232a0f046,0.0,VERY LOW,APPROVE,37.166666666666664,0.0,0.5,Inactive
fcec58ea-1feb-4feb-955b-c6bed3044389,39.14,MEDIUM,APPROVE WITH CAUTION,63.8,1.0,0.0,Active
2815e8a9-e130-42e6-bf80-443f953eb4f6,0.0,VERY LOW,APPROVE,70.53333333333333,2.0,1.0,Active
765f9715-4b0b-44d6-9b32-283da76808e0,0.0,VERY LOW,APPROVE,45.7,0.0,0.5,Inactive
376abe35-d051-45e4-8251-37f54224d9ae,0.0,VERY LOW,APPROVE,72.16666666666667,0.0,0.5,Inactive
69eff718-b1c3-4050-b4bb-49f3c945f8b5,0.0,VERY LOW,APPROVE,31.6,1.0,1.0,Active
5c676964-4103-4517-b73b-29bd53aa6372,49.56,MEDIUM,APPROVE WITH CAUTION,65.53333333333333,1.0,0.0,Active
be77fa2d-ac3d-4e73-af9d-b9f2d2ad6f87,0.0,VERY LOW,APPROVE,25.4,0.0,0.5,Active
f7d33594-19e5-4fcb-ab7e-400a3ae38414,87.55,VERY HIGH,REJECT,23.333333333333332,1.0,0.0,Active
99053382-9dc8-4725-b74c-32c3d25b2d24,97.87,VERY HIGH,REJECT,33.1,4.0,0.25,Active
35a312cd-cc93-4ca0-ba0c-6cd2b2af14b3,0.0,VERY LOW,APPROVE,34.13333333333333,0.0,0.5,Active
28d5e0fd-23e2-4177-b16f-4f3c6ef11115,0.0,VERY LOW,APPROVE,55.233333333333334,0.0,0.5,Inactive
721e53ee-df67-4bea-9804-9e445827f3f4,2.46,VERY LOW,APPROVE,33.06666666666667,4.0,1.0,Active
c37a2b15-f9af-4b22-8efa-1fd7431b30dc,63.92,HIGH,APPROVE WITH STRICT TERMS,43.6,2.0,0.5,Active
04e8afe8-50ee-4a0b-805a-df4f3f854c70,0.26,VERY LOW,APPROVE,28.166666666666668,1.0,1.0,Active
457d6830-23f1-45e9-8179-6169fcec0d9d,0.0,VERY LOW,APPROVE,49.833333333333336,0.0,0.5,Active
ea85ede7-8846-4e1f-8ff4-8db2575165a5,0.0,VERY LOW,APPROVE,76.26666666666667,1.0,1.0,Active
a8d7dfe2-e314-4838-b0b8-24ce9843736d,0.0,VERY LOW,APPROVE,21.333333333333332,0.0,0.5,Active
3983f9f1-b9eb-4182-a659-ada7ab5acba0,80.37,VERY HIGH,REJECT,30.366666666666667,2.0,0.5,Active
bfa06dd2-b8ac-4746-9e6d-349d91707449,0.0,VERY LOW,APPROVE,56.03333333333333,0.0,0.5,Inactive
0661814d-433a-40ad-a3a0-8881aff29692,0.0,VERY LOW,APPROVE,71.9,0.0,0.5,Active
022c891a-efc8-4a4b-95e3-e9248cf2913d,0.27,VERY LOW,APPROVE,69.03333333333333,1.0,1.0,Active
22a2472b-967d-481b-b6b7-a113b6f91e77,0.0,VERY LOW,APPROVE,50.0,0.0,0.5,Active
6ac9e112-ba5b-45c2-9729-1657fea3eeae,0.0,VERY LOW,APPROVE,35.9,2.0,1.0,Active
970edd5f-8677-4101-af24-34db64a910e6,0.0,VERY LOW,APPROVE,29.733333333333334,0.0,0.5,Active
5cb56286-1adc-4249-96ca-5817d28c15dd,63.06,HIGH,APPROVE WITH STRICT TERMS,37.13333333333333,1.0,0.0,Active
48895abb-6f86-4dd2-b51a-3879a22688ca,68.21,HIGH,APPROVE WITH STRICT TERMS,25.666666666666668,3.0,0.3333333333333333,Active
b47bd27e-f0e6-4738-b5aa-3decc4b953ff,80.79,VERY HIGH,REJECT,60.86666666666667,2.0,0.5,Active
a79a0c76-3ce3-4e44-aa28-a3ef1567c45a,81.81,VERY HIGH,REJECT,50.86666666666667,2.0,0.5,Active
ce4e2efe-e215-41f9-805d-25931f67fe29,95.6,VERY HIGH,REJECT,63.36666666666667,2.0,0.0,Active
c0d9523e-ef67-454c-8ef7-dad9c49f4133,79.2,VERY HIGH,REJECT,46.06666666666667,2.0,0.5,Active
62ba4b2e-271b-4910-ada4-af7edd0e2ea6,0.0,VERY LOW,APPROVE,70.53333333333333,1.0,1.0,Active
ddc1c1a0-62bc-416a-9641-477a2abe71f2,0.27,VERY LOW,APPROVE,27.8,0.0,0.5,Active
b76f0a24-19f3-4778-a6ed-d26364b91546,0.0,VERY LOW,APPROVE,50.9,2.0,1.0,Active
1380ae7e-0d91-447e-89e9-da6256e0494e,0.0,VERY LOW,APPROVE,63.3,0.0,0.5,Inactive
fba12684-944d-4f83-a632-726757879ddb,0.0,VERY LOW,APPROVE,60.63333333333333,0.0,0.5,Terminated
5b983893-60d5-4cb0-8594-14398ca19870,0.0,VERY LOW,APPROVE,75.3,1.0,1.0,Active
34be3aea-ee34-4e55-a07f-278ecc0e67aa,0.0,VERY LOW,APPROVE,61.53333333333333,0.0,0.5,Terminated
d4327c2b-c90b-45ff-8ba3-4765659f6b1b,89.76,VERY HIGH,REJECT,50.53333333333333,1.0,0.0,Active
10ed85d0-d781-4ce7-bab5-4b01abc32197,0.0,VERY LOW,APPROVE,36.46666666666667,0.0,0.5,Terminated
8e3e4254-8a1e-4738-bfb1-5b919f08239f,0.0,VERY LOW,APPROVE,24.566666666666666,0.0,0.5,Active
762d4fc2-dac2-48f3-874e-b8e9e5cebe31,0.0,VERY LOW,APPROVE,38.03333333333333,1.0,1.0,Active
fdb2904c-6d79-4bea-9ba3-598dc59764d6,0.0,VERY LOW,APPROVE,17.466666666666665,0.0,0.5,Active
b91a7775-5dab-4c5c-b6f4-b8f37cfe7209,82.84,VERY HIGH,REJECT,65.93333333333334,1.0,0.0,Active
8fe50822-3679-4af5-9150-74ac0e1875e1,0.24,VERY LOW,APPROVE,40.7,2.0,1.0,Active
4e523640-1c83-42f2-8fa9-5bcf1bb4a794,0.0,VERY LOW,APPROVE,20.466666666666665,1.0,1.0,Active
d47ed8a3-79e6-427c-9cef-b3e103e34fcc,97.81,VERY HIGH,REJECT,32.3,2.0,0.0,Active
323d3a49-504b-43bb-af15-7f201f45f885,0.0,VERY LOW,APPROVE,63.63333333333333,0.0,0.5,Active
02f91e85-3aae-482f-b272-762aeada7e9c,0.0,VERY LOW,APPROVE,25.166666666666668,0.0,0.5,Inactive
90031182-ce21-4a36-b94a-456bc662384c,0.0,VERY LOW,APPROVE,43.5,1.0,1.0,Active
56e58fcc-c673-41a8-8685-ba4f9a2c2a50,82.35,VERY HIGH,REJECT,41.36666666666667,1.0,0.0,Active
4945fbcb-cc32-48c2-a1c0-3ec88c6fa9e3,0.0,VERY LOW,APPROVE,38.43333333333333,2.0,1.0,Active
b08d71ab-7a60-44f0-81d6-892ef3fc8a0f,95.02,VERY HIGH,REJECT,56.43333333333333,2.0,0.0,Active
baef41d0-f106-42ab-9373-5130976fc5b2,0.0,VERY LOW,APPROVE,68.1,0.0,0.5,Inactive
59f8d2cf-23ca-4d3a-82cf-cb52a8c5d42e,0.0,VERY LOW,APPROVE,27.0,1.0,1.0,Active
ba15257f-dfe2-47af-983b-9ae04de1baf4,0.0,VERY LOW,APPROVE,27.566666666666666,2.0,1.0,Active
57c368b3-b1ac-410e-a49a-52babebee411,0.0,VERY LOW,APPROVE,30.2,1.0,1.0,Active
47bbc78b-b923-4e8a-8e83-e3e441fdec1f,0.0,VERY LOW,APPROVE,45.03333333333333,1.0,1.0,Active
6a5f3472-246c-492f-b632-bc54e7462e15,0.0,VERY LOW,APPROVE,72.13333333333334,0.0,0.5,Terminated
4d83e980-5a65-4d30-8daf-a43ff89ac9e4,49.68,MEDIUM,APPROVE WITH CAUTION,19.066666666666666,4.0,0.75,Active
a7d02739-ceef-4032-a4ef-8b15591a073a,0.0,VERY LOW,APPROVE,72.8,0.0,0.5,Active
261c13ba-ef35-4264-9633-1aced56f8912,0.0,VERY LOW,APPROVE,29.733333333333334,0.0,0.5,Active
36098c03-bb75-4c98-8fc4-00c7be7497a3,0.0,VERY LOW,APPROVE,70.86666666666666,0.0,0.5,Active
90ed04c2-5689-4bd9-826b-01a7d6433b21,0.05,VERY LOW,APPROVE,25.033333333333335,1.0,1.0,Active
4a97150f-5805-4f95-b37a-896a7f8079ab,0.0,VERY LOW,APPROVE,57.766666666666666,0.0,0.5,Active
8c96df76-cd5a-43ce-a25c-329542f60bdd,95.62,VERY HIGH,REJECT,72.43333333333334,2.0,0.0,Active
91f3bef7-dc5e-4fcb-ad8b-633d0c7b6ce8,0.0,VERY LOW,APPROVE,31.066666666666666,0.0,0.5,Inactive
6874233e-0879-4373-b08f-fcf2b3509953,0.0,VERY LOW,APPROVE,26.2,0.0,0.5,Inactive
f59532f5-4e7e-41f3-ac83-26e2ecf434dd,94.44,VERY HIGH,REJECT,25.6,2.0,0.0,Active
3b47499f-35a5-410d-84d5-25582e328225,0.0,VERY LOW,APPROVE,49.1,1.0,1.0,Active
cfcd3e49-2aa7-4d4e-8236-36833fcb29f9,0.0,VERY LOW,APPROVE,60.166666666666664,0.0,0.5,Terminated
0bb9c048-92b2-4161-bdbd-9ee02a416b4b,0.0,VERY LOW,APPROVE,32.13333333333333,0.0,0.5,Active
5c8b77fb-31fc-444e-a1fb-5e4fe78c7d82,0.0,VERY LOW,APPROVE,61.666666666666664,0.0,0.5,Terminated
163a5ce4-c0ae-454c-8a18-cfa05480155c,0.0,VERY LOW,APPROVE,54.333333333333336,0.0,0.5,Inactive
b0a2e2d6-653d-423f-9ccf-b5bd013e61b5,0.0,VERY LOW,APPROVE,55.4,1.0,1.0,Active
89906c7b-f21a-41c8-bfe5-4eae01eb006a,0.04,VERY LOW,APPROVE,68.6,1.0,1.0,Active
be8dcc30-732f-42df-9057-0a63b4d83337,0.0,VERY LOW,APPROVE,35.3,1.0,1.0,Active
f81ccce6-0c76-4eb6-bc97-320d93f1a975,0.0,VERY LOW,APPROVE,60.233333333333334,1.0,1.0,Active
7b8d8b01-fa1c-470e-95bb-68ade65bcc21,0.04,VERY LOW,APPROVE,21.3,3.0,1.0,Active
f21d0972-03e6-4fbe-b456-4d7a5b0ef45e,72.67,VERY HIGH,REJECT,31.366666666666667,1.0,0.0,Active
